<?xml version="1.0" encoding="UTF-8"?>
<window>
	<!-- pvrguideinfo -->
	<defaultcontrol always="true">7</defaultcontrol>
	<include>DialogAnimation</include>

	<controls>

		<!-- Background -->
		<include>DialogBackgroundImage_old</include>

		<!-- Heading -->
		<control type="label">
			<left>150</left>
			<top>96</top>
			<width>1620</width>
			<height>72</height>
			<font>XLarge</font>
			<label>19047</label>
		</control>

		<!-- Name -->
		<control type="label">
			<left>595</left>
			<top>235</top>
			<width>1175</width>
			<height>36</height>
			<font>Med</font>
			<textcolor>ColorFO</textcolor>
			<label>[B]$INFO[ListItem.Title][/B]</label>
		</control>

		<!-- Info -->
		<control type="group">
			<left>375</left>
			<top>303</top>

			<!-- Details -->
			<control type="grouplist">
				<width>1170</width>
				<height>336</height>
				<itemgap>12</itemgap>
				<orientation>vertical</orientation>
				<usecontrolcoords>true</usecontrolcoords>

				<!-- Time description -->
				<control type="group">
					<height>36</height>
					<width>1170</width>
					<control type="label">
						<width>200</width>
						<height>36</height>
						<align>right</align>
						<font>Med</font>
						<label>142</label>
						<textcolor>ColorHeading</textcolor>
					</control>
					<control type="label">
						<left>220</left>
						<width>950</width>
						<height>36</height>
						<font>Med</font>
						<label>$INFO[ListItem.StartTime] - $INFO[ListItem.EndTime] ($INFO[ListItem.StartDate])</label>
						<textcolor>ColorFO</textcolor>
					</control>
				</control>

				<!-- Duration -->
				<control type="group">
					<height>36</height>
					<width>1170</width>
					<visible>!IsEmpty(ListItem.Duration)</visible>
					<control type="label">
						<width>200</width>
						<height>36</height>
						<align>right</align>
						<font>Med</font>
						<label>180</label>
						<textcolor>ColorHeading</textcolor>
					</control>
					<control type="label">
						<left>220</left>
						<width>950</width>
						<height>36</height>
						<font>Med</font>
						<label>$INFO[ListItem.Duration]</label>
						<textcolor>ColorFO</textcolor>
					</control>
				</control>

				<!-- Channel Name -->
				<control type="group">
					<height>36</height>
					<width>1170</width>
					<visible>!IsEmpty(ListItem.ChannelName)</visible>
					<control type="label">
						<width>200</width>
						<height>36</height>
						<align>right</align>
						<font>Med</font>
						<label>19148</label>
						<textcolor>ColorHeading</textcolor>
					</control>
					<control type="label">
						<left>220</left>
						<width>950</width>
						<height>36</height>
						<font>Med</font>
						<label>$INFO[ListItem.ChannelName]</label>
						<textcolor>ColorFO</textcolor>
					</control>
				</control>

				<!-- Genre -->
				<control type="group">
					<height>36</height>
					<width>1170</width>
					<visible>!IsEmpty(ListItem.Genre)</visible>
					<control type="label">
						<width>200</width>
						<height>36</height>
						<align>right</align>
						<font>Med</font>
						<label>135</label>
						<textcolor>ColorHeading</textcolor>
					</control>
					<control type="label">
						<left>220</left>
						<width>950</width>
						<height>36</height>
						<font>Med</font>
						<label>$INFO[ListItem.Genre]</label>
						<textcolor>ColorFO</textcolor>
					</control>
				</control>

			</control>

			<!-- Plot -->
			<control type="textbox" id="400">
				<top>370</top>
				<width>1170</width>
				<height>210</height>
				<label>$VAR[Plot]</label>
				<textcolor>ColorHeading</textcolor>
			</control>

		</control>

		<!-- Button grouplist -->
		<control type="grouplist" id="9000">
			<left>150</left>
			<top>912</top>
			<width>1620</width>
			<height>66</height>
			<itemgap>0</itemgap>
			<onleft>noop</onleft>
			<onright>noop</onright>
			<onup>noop</onup>
			<ondown>noop</ondown>
			<orientation>horizontal</orientation>

			<!-- OK Button -->
			<control type="button" id="7">
				<width>270</width>
				<label>186</label>
			</control>
			<!-- Switch to Channel -->
			<control type="button" id="5">
				<width>270</width>
				<label>19165</label>
			</control>
			<!-- Record Button -->
			<control type="button" id="6">
				<width>270</width>
				<label>-</label>
			</control>

		</control>

	</controls>

</window>