<?xml version="1.0" encoding="utf-8"?>
<fonts>
	<fontset id="Default">
		<font>
			<name>XXLarge</name>
			<filename>NotoSans-Regular.ttf</filename>
			<linespacing>0.94</linespacing>
			<size>53</size>
		</font>
		<font>
			<name>XLarge</name>
			<filename>NotoSans-Regular.ttf</filename>
			<linespacing>0.94</linespacing>
			<size>48</size>
		</font>
		<font>
			<name>Large</name>
			<filename>NotoSans-Regular.ttf</filename>
			<linespacing>0.94</linespacing>
			<size>43</size>
		</font>
		<font>
			<name>Med</name>
			<filename>NotoSans-Regular.ttf</filename>
			<linespacing>0.94</linespacing>
			<size>38</size>
		</font>
		<font>
			<name>Small</name>
			<filename>NotoSans-Regular.ttf</filename>
			<linespacing>0.94</linespacing>
			<size>33</size>
		</font>
		<font>
			<name>XSmall</name>
			<filename>NotoSans-Regular.ttf</filename>
			<linespacing>0.94</linespacing>
			<size>28</size>
		</font>
		<!-- Required for system -->
		<font>
			<name>font13</name>
			<filename>Arial.ttf</filename>
			<linespacing>0.94</linespacing>
			<size>21</size>
		</font>
	</fontset>
	<fontset id="Arial">
		<font>
			<name>XLarge</name>
			<filename>Arial.ttf</filename>
			<aspect>0.95</aspect>
			<linespacing>0.94</linespacing>
			<size>48</size>
		</font>
		<font>
			<name>Large</name>
			<filename>Arial.ttf</filename>
			<aspect>0.95</aspect>
			<linespacing>0.94</linespacing>
			<size>43</size>
		</font>
		<font>
			<name>Med</name>
			<filename>Arial.ttf</filename>
			<aspect>0.95</aspect>
			<linespacing>0.94</linespacing>
			<size>38</size>
		</font>
		<font>
			<name>Small</name>
			<filename>Arial.ttf</filename>
			<aspect>0.95</aspect>
			<linespacing>0.94</linespacing>
			<size>33</size>
		</font>
		<font>
			<name>XSmall</name>
			<filename>Arial.ttf</filename>
			<aspect>0.95</aspect>
			<linespacing>0.94</linespacing>
			<size>28</size>
		</font>
		<!-- Required for system -->
		<font>
			<name>font13</name>
			<filename>Arial.ttf</filename>
			<aspect>0.95</aspect>
			<linespacing>0.94</linespacing>
			<size>21</size>
		</font>
	</fontset>
</fonts>