<shortcuts>
	<shortcut>
		<defaultID />
		<label>Year</label>
		<label2>Videos</label2>
		<icon>DefaultShortcut.png</icon>
		<thumb />
		<action>ActivateWindow(10025,"library://video/tvshows/years.xml/",return)</action>
	</shortcut>
	<shortcut>
		<defaultID />
		<label>Genres</label>
		<label2>Videos</label2>
		<icon>DefaultShortcut.png</icon>
		<thumb />
		<action>ActivateWindow(10025,"library://video/tvshows/genres.xml/",return)</action>
	</shortcut>
	<shortcut>
		<defaultID />
		<label>Actors</label>
		<label2>Videos</label2>
		<icon>DefaultShortcut.png</icon>
		<thumb />
		<action>ActivateWindow(10025,"library://video/tvshows/actors.xml/",return)</action>
	</shortcut>
	<shortcut>
		<defaultID />
		<label>Studios</label>
		<label2>Videos</label2>
		<icon>DefaultShortcut.png</icon>
		<thumb />
		<action>ActivateWindow(10025,"library://video/tvshows/studios.xml/",return)</action>
	</shortcut>
</shortcuts>
