<?xml version="1.0" encoding="UTF-8"?>
<window>
	<!-- home -->
	<backgroundcolor>0</backgroundcolor>
	<defaultcontrol always="true">9000</defaultcontrol>
	<onload>RunScript(script.skinshortcuts,type=buildxml&amp;mainmenuID=9000&amp;levels=0)</onload>
	<onload condition="System.HasAddon(script.favourites)">RunScript(script.favourites)</onload>
	<controls>
	
		<!-- Logo
		<include>Logo</include>
		-->
	
		<!-- Hidden control to load weather conditions -->
		<control type="label">
			<font>-</font>
			<label>$INFO[Weather.Conditions]</label>
		</control>
		<!-- Background -->
		<include>WindowBackground</include>
		
		<!-- Fanart -->
		<control type="image">
			<include>FullscreenDimensions</include>
			<include>VisibleFadeAnimation</include>
			<fadetime>200</fadetime>
			<texture colordiffuse="12ffffff" background="true">$VAR[WidgetFanart]</texture>
			<visible>!Control.HasFocus(9001) + Skin.HasSetting(HomeFanart)</visible>
		</control>
		<!-- Time -->
		<include>Time</include>
		<!-- Main controls -->
		<control type="group">
			<include>WindowFadeAnimation</include>
			<!-- Previous item -->
			<control type="image">
				<left>140</left>
				<top>136</top>
				<width>40</width>
				<height>4</height>
				<texture colordiffuse="ColorSelected">common/white.png</texture>
				<visible>Container(9000).HasPrevious</visible>
			</control>
			<!-- Main list -->
			<control type="list" id="9000">
				<left>50</left>
				<top>140</top>
				<width>480</width>
				<height>780</height>
				<onup>noop</onup>
				<ondown>noop</ondown>
				<onleft>ActivateWindow(shutdownmenu)</onleft>
				<onright condition="!IsEmpty(Container(9000).ListItem.Property(Widget))">9100</onright>
				<onright condition="IsEmpty(Container(9000).ListItem.Property(Widget))">9001</onright>
				<orientation>vertical</orientation>
				<scrolltime tween="cubic" easing="out">360</scrolltime>
				<itemlayout width="480" height="90">
					<control type="label">
						<left>90</left>
						<top>0</top>
						<width>390</width>
						<height>90</height>
						<font>XLarge</font>
						<textcolor>ColorNF</textcolor>
						<label>$INFO[ListItem.Label]</label>
					</control>
				</itemlayout>
				<focusedlayout width="480" height="90">
					<control type="group">
						<visible>Control.HasFocus(9000)</visible>
						<control type="image">
							<top>15</top>
							<width>66</width>
							<height>66</height>
							<texture>$INFO[ListItem.Icon]</texture>
						</control>
						<control type="label">
							<left>140</left>
							<top>0</top>
							<width>390</width>
							<height>90</height>
							<font>XLarge</font>
							<textcolor>ColorFO</textcolor>
							<label>$INFO[ListItem.Label]</label>
						</control>
					</control>
					<control type="group">
						<visible>!Control.HasFocus(9000)</visible>
						<control type="image">
							<top>15</top>
							<width>66</width>
							<height>66</height>
							<texture>$INFO[ListItem.Icon]</texture>
						</control>
						<control type="label">
							<left>90</left>
							<top>0</top>
							<width>390</width>
							<height>90</height>
							<font>XLarge</font>
							<textcolor>ColorSelected</textcolor>
							<label>$INFO[ListItem.Label]</label>
						</control>
					</control>
				</focusedlayout>
				<content>
					<include>skinshortcuts-mainmenu</include>
				</content>
			</control>
			<!-- Next item -->
			<control type="image">
				<left>140</left>
				<top>920</top>
				<width>40</width>
				<height>4</height>
				<texture colordiffuse="ColorSelected">common/white.png</texture>
				<visible>Container(9000).HasNext</visible>
			</control>
			<control type="group">
				<left>660</left>
				<top>140</top>
				<visible>!Container(9000).OnNext + !Container(9000).OnPrevious</visible>
				<animation effect="fade" start="0" end="100" time="200" delay="100">Visible</animation>
				<control type="group" id="9100">
					<!-- Widget heading -->
					<control type="label">
						<top>12</top>
						<width>1400</width>
						<height>40</height>
						<font>Large</font>
						<textcolor>ColorFO</textcolor>
						<label>$VAR[WidgetHeading]</label>
						<visible>ControlGroup(9100).HasFocus</visible>
					</control>
					<control type="label">
						<top>12</top>
						<width>1400</width>
						<height>40</height>
						<font>Large</font>
						<textcolor>ColorNF</textcolor>
						<label>$VAR[WidgetHeading]</label>
						<visible>!ControlGroup(9100).HasFocus</visible>
					</control>
					<!-- Recent Movies widget -->
					<control type="fixedlist" id="9002">
						<top>66</top>
						<width>1510</width>
						<height>384</height>
						<onup>9000</onup>
						<ondown>9101</ondown>
						<onleft>9000</onleft>
						<onright>noop</onright>
						<focusposition>0</focusposition>
						<viewtype label="">list</viewtype>
						<orientation>horizontal</orientation>
						<defaultcontrol always="true">0</defaultcontrol>
						<scrolltime tween="sine" easing="out">300</scrolltime>
						<itemlayout width="276" height="384">
							<control type="image">
								<top>0</top>
								<width>256</width>
								<height>384</height>
								<texture>common/black.png</texture>
							</control>
							<control type="image">
								<top>0</top>
								<width>256</width>
								<height>384</height>
								<aspectratio align="center" aligny="top">stretch</aspectratio>
								<texture colordiffuse="68ffffff" background="true">$INFO[ListItem.Icon]</texture>
							</control>
						</itemlayout>
						<focusedlayout width="276" height="384">
							<control type="image">
								<top>0</top>
								<width>256</width>
								<height>384</height>
								<texture>common/black.png</texture>
							</control>
							<control type="image">
								<top>0</top>
								<width>256</width>
								<height>384</height>
								<aspectratio align="center" aligny="top">stretch</aspectratio>
								<texture background="true">$INFO[ListItem.Icon]</texture>
								<animation effect="fade" start="100" end="60" condition="!ControlGroup(9100).HasFocus">Conditional</animation>
							</control>
						</focusedlayout>
						<include>RecentMovies</include>
						<visible>StringCompare(Container(9000).ListItem.Property(Widget),RecentMovies)</visible>
					</control>
					<!-- Recommended Movies widget -->
					<control type="fixedlist" id="9003">
						<top>66</top>
						<width>1510</width>
						<height>384</height>
						<onup>9000</onup>
						<ondown>9101</ondown>
						<onleft>9000</onleft>
						<onright>noop</onright>
						<focusposition>0</focusposition>
						<viewtype label="">list</viewtype>
						<orientation>horizontal</orientation>
						<defaultcontrol always="true">0</defaultcontrol>
						<scrolltime tween="sine" easing="out">300</scrolltime>
						<itemlayout width="276" height="384">
							<control type="image">
								<top>0</top>
								<width>256</width>
								<height>384</height>
								<texture>common/black.png</texture>
							</control>
							<control type="image">
								<top>0</top>
								<width>256</width>
								<height>384</height>
								<aspectratio align="center" aligny="top">stretch</aspectratio>
								<texture colordiffuse="68ffffff" background="true">$INFO[ListItem.Icon]</texture>
							</control>
						</itemlayout>
						<focusedlayout width="276" height="384">
							<control type="image">
								<top>0</top>
								<width>256</width>
								<height>384</height>
								<texture>common/black.png</texture>
							</control>
							<control type="image">
								<top>0</top>
								<width>256</width>
								<height>384</height>
								<aspectratio align="center" aligny="top">stretch</aspectratio>
								<texture background="true">$INFO[ListItem.Icon]</texture>
								<animation effect="fade" start="100" end="60" condition="!ControlGroup(9100).HasFocus">Conditional</animation>
							</control>
						</focusedlayout>
						<include>RecommendedMovies</include>
						<visible>StringCompare(Container(9000).ListItem.Property(Widget),RecommendedMovies)</visible>
					</control>
					<!-- Random Movies widget -->
					<control type="fixedlist" id="9004">
						<top>66</top>
						<width>1510</width>
						<height>384</height>
						<onup>9000</onup>
						<ondown>9101</ondown>
						<onleft>9000</onleft>
						<onright>noop</onright>
						<focusposition>0</focusposition>
						<viewtype label="">list</viewtype>
						<orientation>horizontal</orientation>
						<defaultcontrol always="true">0</defaultcontrol>
						<scrolltime tween="sine" easing="out">300</scrolltime>
						<itemlayout width="276" height="384">
							<control type="image">
								<top>0</top>
								<width>256</width>
								<height>384</height>
								<texture>common/black.png</texture>
							</control>
							<control type="image">
								<top>0</top>
								<width>256</width>
								<height>384</height>
								<aspectratio align="center" aligny="top">stretch</aspectratio>
								<texture colordiffuse="68ffffff" background="true">$INFO[ListItem.Icon]</texture>
							</control>
						</itemlayout>
						<focusedlayout width="276" height="384">
							<control type="image">
								<top>0</top>
								<width>256</width>
								<height>384</height>
								<texture>common/black.png</texture>
							</control>
							<control type="image">
								<top>0</top>
								<width>256</width>
								<height>384</height>
								<aspectratio align="center" aligny="top">stretch</aspectratio>
								<texture background="true">$INFO[ListItem.Icon]</texture>
								<animation effect="fade" start="100" end="60" condition="!ControlGroup(9100).HasFocus">Conditional</animation>
							</control>
						</focusedlayout>
						<include>RandomMovies</include>
						<visible>StringCompare(Container(9000).ListItem.Property(Widget),RandomMovies)</visible>
					</control>
					<!-- Recent Episodes widget -->
					<control type="fixedlist" id="9005">
						<top>66</top>
						<width>1510</width>
						<height>384</height>
						<onup>9000</onup>
						<ondown>9101</ondown>
						<onleft>9000</onleft>
						<onright>noop</onright>
						<focusposition>0</focusposition>
						<viewtype label="">list</viewtype>
						<orientation>horizontal</orientation>
						<defaultcontrol always="true">0</defaultcontrol>
						<scrolltime tween="sine" easing="out">300</scrolltime>
						<itemlayout width="276" height="384">
							<control type="image">
								<top>0</top>
								<width>256</width>
								<height>384</height>
								<texture>common/black.png</texture>
							</control>
							<control type="image">
								<top>0</top>
								<width>256</width>
								<height>384</height>
								<aspectratio align="center" aligny="top">scale</aspectratio>
								<texture colordiffuse="68ffffff" background="true">$INFO[ListItem.Icon]</texture>
							</control>
						</itemlayout>
						<focusedlayout width="276" height="384">
							<control type="image">
								<top>0</top>
								<width>256</width>
								<height>384</height>
								<texture>common/black.png</texture>
							</control>
							<control type="image">
								<top>0</top>
								<width>256</width>
								<height>384</height>
								<aspectratio align="center" aligny="top">scale</aspectratio>
								<texture background="true">$INFO[ListItem.Icon]</texture>
								<animation effect="fade" start="100" end="60" condition="!ControlGroup(9100).HasFocus">Conditional</animation>
							</control>
						</focusedlayout>
						<include>RecentEpisodes</include>
						<visible>StringCompare(Container(9000).ListItem.Property(Widget),RecentEpisodes)</visible>
					</control>
					<!-- Recommended Episodes widget -->
					<control type="fixedlist" id="9006">
						<top>66</top>
						<width>1510</width>
						<height>384</height>
						<onup>9000</onup>
						<ondown>9101</ondown>
						<onleft>9000</onleft>
						<onright>noop</onright>
						<focusposition>0</focusposition>
						<viewtype label="">list</viewtype>
						<orientation>horizontal</orientation>
						<defaultcontrol always="true">0</defaultcontrol>
						<scrolltime tween="sine" easing="out">300</scrolltime>
						<itemlayout width="276" height="384">
							<control type="image">
								<top>0</top>
								<width>256</width>
								<height>384</height>
								<texture>common/black.png</texture>
							</control>
							<control type="image">
								<top>0</top>
								<width>256</width>
								<height>384</height>
								<aspectratio align="center" aligny="top">scale</aspectratio>
								<texture colordiffuse="68ffffff" background="true">$INFO[ListItem.Icon]</texture>
							</control>
						</itemlayout>
						<focusedlayout width="276" height="384">
							<control type="image">
								<top>0</top>
								<width>256</width>
								<height>384</height>
								<texture>common/black.png</texture>
							</control>
							<control type="image">
								<top>0</top>
								<width>256</width>
								<height>384</height>
								<aspectratio align="center" aligny="top">scale</aspectratio>
								<texture background="true">$INFO[ListItem.Icon]</texture>
								<animation effect="fade" start="100" end="60" condition="!ControlGroup(9100).HasFocus">Conditional</animation>
							</control>
						</focusedlayout>
						<include>RecommendedEpisodes</include>
						<visible>StringCompare(Container(9000).ListItem.Property(Widget),RecommendedEpisodes)</visible>
					</control>
					<!-- Random Episodes widget -->
					<control type="fixedlist" id="9007">
						<top>66</top>
						<width>1510</width>
						<height>384</height>
						<onup>9000</onup>
						<ondown>9101</ondown>
						<onleft>9000</onleft>
						<onright>noop</onright>
						<focusposition>0</focusposition>
						<viewtype label="">list</viewtype>
						<orientation>horizontal</orientation>
						<defaultcontrol always="true">0</defaultcontrol>
						<scrolltime tween="sine" easing="out">300</scrolltime>
						<itemlayout width="276" height="384">
							<control type="image">
								<top>0</top>
								<width>256</width>
								<height>384</height>
								<texture>common/black.png</texture>
							</control>
							<control type="image">
								<top>0</top>
								<width>256</width>
								<height>384</height>
								<aspectratio align="center" aligny="top">scale</aspectratio>
								<texture colordiffuse="68ffffff" background="true">$INFO[ListItem.Icon]</texture>
							</control>
						</itemlayout>
						<focusedlayout width="276" height="384">
							<control type="image">
								<top>0</top>
								<width>256</width>
								<height>384</height>
								<texture>common/black.png</texture>
							</control>
							<control type="image">
								<top>0</top>
								<width>256</width>
								<height>384</height>
								<aspectratio align="center" aligny="top">scale</aspectratio>
								<texture background="true">$INFO[ListItem.Icon]</texture>
								<animation effect="fade" start="100" end="60" condition="!ControlGroup(9100).HasFocus">Conditional</animation>
							</control>
						</focusedlayout>
						<include>RandomEpisodes</include>
						<visible>StringCompare(Container(9000).ListItem.Property(Widget),RandomEpisodes)</visible>
					</control>
					<!-- Recent Album widget -->
					<control type="fixedlist" id="9008">
						<top>66</top>
						<width>1510</width>
						<height>384</height>
						<onup>9000</onup>
						<ondown>9101</ondown>
						<onleft>9000</onleft>
						<onright>noop</onright>
						<focusposition>0</focusposition>
						<viewtype label="">list</viewtype>
						<orientation>horizontal</orientation>
						<defaultcontrol always="true">0</defaultcontrol>
						<scrolltime tween="sine" easing="out">300</scrolltime>
						<itemlayout width="404" height="384">
							<control type="image">
								<top>0</top>
								<width>384</width>
								<height>384</height>
								<texture>common/black.png</texture>
							</control>
							<control type="image">
								<top>0</top>
								<width>384</width>
								<height>384</height>
								<aspectratio align="center" aligny="top">keep</aspectratio>
								<texture colordiffuse="68ffffff" background="true">$INFO[ListItem.Icon]</texture>
							</control>
						</itemlayout>
						<focusedlayout width="404" height="384">
							<control type="image">
								<top>0</top>
								<width>384</width>
								<height>384</height>
								<texture>common/black.png</texture>
							</control>
							<control type="image">
								<top>0</top>
								<width>384</width>
								<height>384</height>
								<aspectratio align="center" aligny="top">keep</aspectratio>
								<texture background="true">$INFO[ListItem.Icon]</texture>
								<animation effect="fade" start="100" end="60" condition="!ControlGroup(9100).HasFocus">Conditional</animation>
							</control>
						</focusedlayout>
						<include>RecentAlbums</include>
						<visible>StringCompare(Container(9000).ListItem.Property(Widget),RecentAlbums)</visible>
					</control>
					<!-- Recommended Album widget -->
					<control type="fixedlist" id="9009">
						<top>66</top>
						<width>1510</width>
						<height>384</height>
						<onup>9000</onup>
						<ondown>9101</ondown>
						<onleft>9000</onleft>
						<onright>noop</onright>
						<focusposition>0</focusposition>
						<viewtype label="">list</viewtype>
						<orientation>horizontal</orientation>
						<defaultcontrol always="true">0</defaultcontrol>
						<scrolltime tween="sine" easing="out">300</scrolltime>
						<itemlayout width="404" height="384">
							<control type="image">
								<top>0</top>
								<width>384</width>
								<height>384</height>
								<texture>common/black.png</texture>
							</control>
							<control type="image">
								<top>0</top>
								<width>384</width>
								<height>384</height>
								<aspectratio align="center" aligny="top">keep</aspectratio>
								<texture colordiffuse="68ffffff" background="true">$INFO[ListItem.Icon]</texture>
							</control>
						</itemlayout>
						<focusedlayout width="404" height="384">
							<control type="image">
								<top>0</top>
								<width>384</width>
								<height>384</height>
								<texture>common/black.png</texture>
							</control>
							<control type="image">
								<top>0</top>
								<width>384</width>
								<height>384</height>
								<aspectratio align="center" aligny="top">keep</aspectratio>
								<texture background="true">$INFO[ListItem.Icon]</texture>
								<animation effect="fade" start="100" end="60" condition="!ControlGroup(9100).HasFocus">Conditional</animation>
							</control>
						</focusedlayout>
						<include>RecommendedAlbums</include>
						<visible>StringCompare(Container(9000).ListItem.Property(Widget),RecommendedAlbums)</visible>
					</control>
					<!-- Random Album widget -->
					<control type="fixedlist" id="9010">
						<top>66</top>
						<width>1510</width>
						<height>384</height>
						<onup>9000</onup>
						<ondown>9101</ondown>
						<onleft>9000</onleft>
						<onright>noop</onright>
						<focusposition>0</focusposition>
						<viewtype label="">list</viewtype>
						<orientation>horizontal</orientation>
						<defaultcontrol always="true">0</defaultcontrol>
						<scrolltime tween="sine" easing="out">300</scrolltime>
						<itemlayout width="404" height="384">
							<control type="image">
								<top>0</top>
								<width>384</width>
								<height>384</height>
								<texture>common/black.png</texture>
							</control>
							<control type="image">
								<top>0</top>
								<width>384</width>
								<height>384</height>
								<aspectratio align="center" aligny="top">keep</aspectratio>
								<texture colordiffuse="68ffffff" background="true">$INFO[ListItem.Icon]</texture>
							</control>
						</itemlayout>
						<focusedlayout width="404" height="384">
							<control type="image">
								<top>0</top>
								<width>384</width>
								<height>384</height>
								<texture>common/black.png</texture>
							</control>
							<control type="image">
								<top>0</top>
								<width>384</width>
								<height>384</height>
								<aspectratio align="center" aligny="top">keep</aspectratio>
								<texture background="true">$INFO[ListItem.Icon]</texture>
								<animation effect="fade" start="100" end="60" condition="!ControlGroup(9100).HasFocus">Conditional</animation>
							</control>
						</focusedlayout>
						<include>RandomAlbums</include>
						<visible>StringCompare(Container(9000).ListItem.Property(Widget),RandomAlbums)</visible>
					</control>
					<!-- Focused label -->
					<control type="textbox">
						<top>456</top>
						<width>600</width>
						<height>114</height>
						<aligny>top</aligny>
						<font>XSmall</font>
						<textcolor>ColorFO</textcolor>
						<autoscroll>false</autoscroll>
						<label>$VAR[WidgetLabel]</label>
						<visible>ControlGroup(9100).HasFocus</visible>
					</control>
					<control type="textbox">
						<top>456</top>
						<width>600</width>
						<height>114</height>
						<aligny>top</aligny>
						<font>XSmall</font>
						<textcolor>ColorNF</textcolor>
						<autoscroll>false</autoscroll>
						<label>$VAR[WidgetLabel]</label>
						<visible>!ControlGroup(9100).HasFocus</visible>
					</control>
				</control>
				<control type="group">
					<!-- Previous item -->
					<control type="image">
						<top>-4</top>
						<width>40</width>
						<height>4</height>
						<texture colordiffuse="ColorSelected">common/white.png</texture>
						<visible>IsEmpty(Container(9000).ListItem.Property(Widget)) + Container(9001).HasPrevious</visible>
					</control>
					<!-- Sub menu list -->
					<control type="list" id="9001">
						<width>640</width>
						<height>780</height>
						<onup>9100</onup>
						<ondown>noop</ondown>
						<onleft>PageUp</onleft>
						<onleft>9000</onleft>
						<onright>noop</onright>
						<orientation>vertical</orientation>
						<scrolltime tween="sine" easing="out">300</scrolltime>
						<visible>IsEmpty(Container(9000).ListItem.Property(Widget))</visible>
						<itemlayout width="640" height="65">
							<control type="label">
								<width>640</width>
								<height>65</height>
								<font>Small</font>
								<textcolor>ColorNF</textcolor>
								<label>$INFO[ListItem.Label]</label>
							</control>
						</itemlayout>
						<focusedlayout width="640" height="65">
							<control type="label">
								<width>640</width>
								<height>65</height>
								<font>Small</font>
								<textcolor>ColorNF</textcolor>
								<label>$INFO[ListItem.Label]</label>
								<visible>!Control.HasFocus(9001)</visible>
							</control>
							<control type="label">
								<width>640</width>
								<height>65</height>
								<font>Small</font>
								<textcolor>ColorFO</textcolor>
								<label>$INFO[ListItem.Label]</label>
								<visible>Control.HasFocus(9001)</visible>
							</control>
						</focusedlayout>
						<content>
							<include>skinshortcuts-submenu</include>
						</content>
					</control>
					<!-- Next item -->
					<control type="image">
						<top>780</top>
						<width>40</width>
						<height>4</height>
						<texture colordiffuse="ColorSelected">common/white.png</texture>
						<visible>IsEmpty(Container(9000).ListItem.Property(Widget)) + Container(9001).HasNext</visible>
					</control>
					<!-- Previous item -->
					<control type="image">
						<top>581</top>
						<width>40</width>
						<height>4</height>
						<texture colordiffuse="ColorSelected">common/white.png</texture>
						<visible>!IsEmpty(Container(9000).ListItem.Property(Widget)) + Container(9101).HasPrevious</visible>
					</control>
					<!-- Sub menu list -->
					<control type="list" id="9101">
						<top>585</top>
						<width>640</width>
						<height>195</height>
						<onup>9100</onup>
						<ondown>noop</ondown>
						<onleft>PageUp</onleft>
						<onleft>9000</onleft>
						<onright>noop</onright>
						<orientation>vertical</orientation>
						<scrolltime tween="sine" easing="out">300</scrolltime>
						<visible>!IsEmpty(Container(9000).ListItem.Property(Widget))</visible>
						<itemlayout width="640" height="65">
							<control type="label">
								<width>640</width>
								<height>65</height>
								<font>Small</font>
								<textcolor>ColorNF</textcolor>
								<label>$INFO[ListItem.Label]</label>
							</control>
						</itemlayout>
						<focusedlayout width="640" height="65">
							<control type="label">
								<width>640</width>
								<height>65</height>
								<font>Small</font>
								<textcolor>ColorNF</textcolor>
								<label>$INFO[ListItem.Label]</label>
								<visible>!Control.HasFocus(9101)</visible>
							</control>
							<control type="label">
								<width>640</width>
								<height>65</height>
								<font>Small</font>
								<textcolor>ColorFO</textcolor>
								<label>$INFO[ListItem.Label]</label>
								<visible>Control.HasFocus(9101)</visible>
							</control>
						</focusedlayout>
						<content>
							<include>skinshortcuts-submenu</include>
						</content>
					</control>
					<!-- Next item -->
					<control type="image">
						<top>780</top>
						<width>40</width>
						<height>4</height>
						<texture colordiffuse="ColorSelected">common/white.png</texture>
						<visible>!IsEmpty(Container(9000).ListItem.Property(Widget)) + Container(9101).HasNext</visible>
					</control>
				</control>
			</control>
			
			<!-- RSS -->
			<!--control type="rss" id="1"><left>0</left><bottom>40</bottom><width>1920</width><height>30</height><font>OLD_XSmall</font><textcolor>ColorNF</textcolor><headlinecolor>ColorNF</headlinecolor><titlecolor>ColorNF</titlecolor><urlset>1</urlset></control-->
		</control>
	</controls>
</window>