<?xml version="1.0" encoding="UTF-8"?>
<window>
	<!-- fullscreeninfo -->
	<defaultcontrol>100</defaultcontrol>

	<controls>

		<control type="group">
			<!-- Info -->
			<control type="group">
				<left>150</left>
				<top>75</top>
				<width>1620</width>
				<height>278</height>
				<visible>!Window.IsActive(DialogSettings.xml) + !Window.IsActive(10116) + !Window.IsVisible(PVRChannelGuide) + !Window.IsVisible(pvrosdchannels) + !Window.IsVisible(teletext) + !Window.IsVisible(DialogSelect.xml)</visible>
				<animation type="Visible">
					<effect type="zoom" start="90" end="100" center="auto" tween="back" easing="out" time="200"/>
					<effect type="fade" start="0" end="100" time="200"/>
				</animation>
				<animation type="Hidden">
					<effect type="zoom" start="100" end="90" center="auto" easing="in" time="200"/>
					<effect type="fade" start="100" end="0" time="200"/>
				</animation>
				<animation type="WindowOpen">
					<effect type="zoom" start="90" end="100" center="auto" tween="back" easing="out" time="200"/>
					<effect type="fade" start="0" end="100" time="200"/>
				</animation>
				<animation type="WindowClose">
					<effect type="zoom" start="100" end="90" center="auto" easing="in" time="200"/>
					<effect type="fade" start="100" end="0" time="200"/>
				</animation>

				<!-- Background -->
				<control type="image">
					<width>1620</width>
					<height>278</height>
					<texture colordiffuse="$VAR[OverlayColor]">dialogs/Background.png</texture>
				</control>

				<!-- Title -->
				<control type="fadelabel">
					<left>20</left>
					<top>14</top>
					<width>1300</width>
					<height>30</height>
					<font>Font33</font>
					<textcolor>$VAR[TextColor1]</textcolor>
					<label>$VAR[VideoPlayerTitle]</label>
					<visible>!VideoPlayer.Content(LiveTV)</visible>
				</control>
				
				<!-- Live TV Title -->
				<control type="fadelabel">
					<left>20</left>
					<top>14</top>
					<width>1020</width>
					<height>30</height>
					<font>Font33</font>
					<textcolor>$VAR[TextColor1]</textcolor>
					<label>$VAR[VideoPlayerTitle]</label>
					<visible>VideoPlayer.Content(LiveTV)</visible>
				</control>

				<!-- Live TV Start/End Time -->
				<control type="fadelabel">
					<right>300</right>
					<top>14</top>
					<width>280</width>
					<height>30</height>
					<font>Font33</font>
					<align>right</align>
					<textcolor>$VAR[TextColor1]</textcolor>
					<label>$VAR[VideoPlayerChannelNumber]</label>
					<visible>VideoPlayer.Content(LiveTV)</visible>
				</control>

				<!-- Plot -->
				<control type="group">
					<left>20</left>
					<top>57</top>
					<width>1280</width>
					<height>163</height>
					<control type="textbox">
						<label>[LIGHT]$VAR[VideoPlayerPlot][/LIGHT]</label>
						<textcolor>$VAR[TextColor1]</textcolor>
						<autoscroll delay="8000" time="1800" repeat="10000">true</autoscroll>
						<visible>Skin.String(PlotFont,S) | Skin.String(PlotFont,S light)</visible>
					</control>
					<control type="textbox">
						<font>Font30</font>
						<label>[LIGHT]$VAR[VideoPlayerPlot][/LIGHT]</label>
						<textcolor>$VAR[TextColor1]</textcolor>
						<autoscroll delay="8000" time="1700" repeat="10000">true</autoscroll>
						<visible>Skin.String(PlotFont,M) | Skin.String(PlotFont,M light)</visible>
					</control>
					<control type="textbox">
						<font>Font33</font>
						<label>[LIGHT]$VAR[VideoPlayerPlot][/LIGHT]</label>
						<textcolor>$VAR[TextColor1]</textcolor>
						<autoscroll delay="8000" time="1600" repeat="10000">true</autoscroll>
						<visible>Skin.String(PlotFont,L) | Skin.String(PlotFont,XL) | Skin.String(PlotFont,L light) | Skin.String(PlotFont,XL light)</visible>
					</control>
				</control>
				
				<!-- Audio/subtitle stream -->
				<control type="label">
					<left>20</left>
					<top>233</top>
					<width>1280</width>
					<height>30</height>
					<font>Font27</font>
					<textcolor>$VAR[TextColor1]</textcolor>
					<label>$VAR[VideoPlayerAudioCodec,[LIGHT]$LOCALIZE[460]:[/LIGHT] , ]$VAR[VideoPlayerAudioChannels,,]$VAR[AudioLanguage]$VAR[SubtitleLanguage]</label>
				</control>

				<!-- Icon -->
				<control type="image">
					<right>20</right>
					<top>20</top>
					<width>234</width>
					<height>238</height>
					<aspectratio align="right">keep</aspectratio>
					<texture>$VAR[VideoPlayerIcon]</texture>
				</control>

				<!-- Live TV next information -->
				<control type="group">
					<visible>VideoPlayer.Content(LiveTV)</visible>
					<control type="image">
						<width>1620</width>
						<height>40</height>
						<top>292</top>
						<texture colordiffuse="$VAR[OverlayColor]">dialogs/Background.png</texture>
					</control>

					<control type="label">
						<width>1280</width>
						<height>40</height>
						<top>292</top>
						<left>20</left>
						<label>$VAR[VideoPlayerNext]</label>
						<font>Font25</font>
					</control>

					<control type="label">
						<width>1580</width>
						<height>40</height>
						<top>292</top>
						<left>20</left>
						<align>right</align>
						<label>[LIGHT]Press Select for details[/LIGHT]</label>
						<font>Font25</font>
					</control>

					<control type="button" id="100">
						<left>0</left>
						<top>292</top>
						<width>1620</width>
						<height>40</height>
						<onclick condition="String.IsEmpty(Window.Property(shownext))">SetProperty(shownext,True)</onclick>
						<onclick condition="!String.IsEmpty(Window.Property(shownext))">ClearProperty(shownext)</onclick>
						<texturefocus></texturefocus>
					</control>
				</control>

			</control>

		</control>

	</controls>

</window>