<?xml version="1.0" encoding="UTF-8"?>
<window>
	<!-- numericinput -->
	<defaultcontrol always="true">21</defaultcontrol>

	<controls>

		<include>WindowFadeBackgroundImage</include>

		<control type="group">

			<!-- Animation -->
			<include>DialogZoomAnimation</include>

			<!-- Heading -->
			<include content="Time">
				<param name="heading">$INFO[Control.GetLabel(1)]</param>
			</include>
			
			<control type="label" id="1">
				<left>-1500000</left>
				<top>296</top>
				<width>1620</width>
				<height>72</height>
				<font>Font72</font>
			</control>

			<!-- Keys -->
			<control type="group">
				<centerleft>50%</centerleft>
				<top>300</top>

				<!-- First row -->
				<control type="grouplist" id="1000">
					<left>0</left>
					<top>0</top>
					<height>74</height>
					<itemgap>0</itemgap>
					<onup>noop</onup>
					<orientation>horizontal</orientation>
					<align>center</align>

					<!-- '1' -->
					<control type="button" id="11">
						<ondown>14</ondown>
						<label>12311</label>
						<include>KeyboardButtons</include>
					</control>
					<!-- '2' -->
					<control type="button" id="12">
						<ondown>15</ondown>
						<label>12312</label>
						<include>KeyboardButtons</include>
					</control>
					<!-- '3' -->
					<control type="button" id="13">
						<ondown>16</ondown>
						<label>12313</label>
						<include>KeyboardButtons</include>
					</control>

				</control>

				<!-- Second row -->
				<control type="grouplist" id="2000">
					<left>0</left>
					<top>80</top>
					<height>74</height>
					<itemgap>0</itemgap>
					<orientation>horizontal</orientation>
					<align>center</align>

					<!-- '4' -->
					<control type="button" id="14">
						<onup>11</onup>
						<ondown>17</ondown>
						<label>12314</label>
						<include>KeyboardButtons</include>
					</control>
					<!-- '5' -->
					<control type="button" id="15">
						<onup>12</onup>
						<ondown>18</ondown>
						<label>12315</label>
						<include>KeyboardButtons</include>
					</control>
					<!-- '6' -->
					<control type="button" id="16">
						<onup>13</onup>
						<ondown>19</ondown>
						<label>12316</label>
						<include>KeyboardButtons</include>
					</control>

				</control>

				<!-- Third row -->
				<control type="grouplist" id="3000">
					<left>0</left>
					<top>160</top>
					<height>74</height>
					<itemgap>0</itemgap>
					<orientation>horizontal</orientation>
					<align>center</align>

					<!-- '7' -->
					<control type="button" id="17">
						<onup>14</onup>
						<ondown>20</ondown>
						<label>12317</label>
						<include>KeyboardButtons</include>
					</control>
					<!-- '8' -->
					<control type="button" id="18">
						<onup>15</onup>
						<ondown>10</ondown>
						<label>12318</label>
						<include>KeyboardButtons</include>
					</control>
					<!-- '9' -->
					<control type="button" id="19">
						<onup>16</onup>
						<ondown>22</ondown>
						<label>12319</label>
						<include>KeyboardButtons</include>
					</control>

				</control>

				<!-- Forth row -->
				<control type="grouplist" id="4000">
					<left>0</left>
					<top>240</top>
					<height>74</height>
					<itemgap>0</itemgap>
					<ondown>5000</ondown>
					<orientation>horizontal</orientation>
					<align>center</align>

					<!-- Previous -->
					<control type="button" id="20">
						<onup>17</onup>
						<label>&lt;</label>
						<include>KeyboardButtons</include>
					</control>
					<!-- '0' -->
					<control type="button" id="10">
						<onup>18</onup>
						<label>12310</label>
						<include>KeyboardButtons</include>
					</control>
					<!-- Next -->
					<control type="button" id="22">
						<onup>19</onup>
						<label>&gt;</label>
						<include>KeyboardButtons</include>
					</control>

				</control>

				<!-- Fifth row -->
				<control type="grouplist" id="5000">
					<left>0</left>
					<top>320</top>
					<height>74</height>
					<itemgap>0</itemgap>
					<onup>4000</onup>
					<ondown>9001</ondown>
					<orientation>horizontal</orientation>
					<align>center</align>

					<!-- BACKSPACE -->
					<control type="button" id="23">
						<width>274</width>
						<label>20181</label>
						<include>KeyboardButtons</include>
					</control>

				</control>

				<!-- Edit Text -->
				<control type="label" id="4">
					<centerleft>50%</centerleft>
					<top>425</top>
					<width>440</width>
					<height>74</height>
					<scroll>true</scroll>
					<font>Font48</font>
					<textcolor>$VAR[TextColor1]</textcolor>
					<align>center</align>
				</control>

			</control>

			<!-- Button grouplist background -->
			<include content="dialogButtonBackground">
				<param name="id">9001</param>
			</include>

			<!-- Buttons -->
			<control type="grouplist" id="9001">
				<left>120</left>
				<bottom>100</bottom>
				<width>1680</width>
				<height>66</height>
				<orientation>horizontal</orientation>
				<align>center</align>
				<itemgap>30</itemgap>
				<onup>5000</onup>

				<!-- Done -->
				<control type="button" id="21">
					<width>auto</width>
					<label>20177</label>
				</control>

				<!-- Cancel Button -->
				<control type="button" id="301">
					<width>auto</width>
					<label>222</label>
					<onclick>Close</onclick>
				</control>

			</control>

		</control>

	</controls>

</window>