<?xml version="1.0" encoding="UTF-8"?>
<window>
	<!-- movieinformation -->
	<defaultcontrol always="true">8</defaultcontrol>
	<onload condition="String.IsEqual(Control.GetLabel(5),$LOCALIZE[207])">SendClick(50)</onload>
	<onload condition="System.HasAddon(script.tvtunes)">XBMC.RunScript(script.tvtunes,backend=True)</onload>
	<onunload condition="String.IsEqual(Control.GetLabel(5),$LOCALIZE[207])">SendClick(50)</onunload>

	<controls>
		<!-- Window Background -->
		<include>WindowFadeBackgroundImage</include>

		<control type="group">

			<!-- Animation -->
			<include>DialogZoomAnimation</include>

			<!-- Heading -->
			<include content="Time">
				<param name="heading">$VAR[VideoInfoLabel]</param>
			</include>

			<!-- Poster image -->
			<control type="group">
				<visible>!String.IsEqual(Control.GetLabel(5),$LOCALIZE[207])</visible>
				<control type="image">
					<left>150</left>
					<top>225</top>
					<width>405</width>
					<height>600</height>
					<fadetime>100</fadetime>
					<texture>$VAR[VideoInfoImage]</texture>
					<aspectratio aligny="center">scale</aspectratio>
				</control>
			</control>

			<!-- Actor image -->
			<control type="group">
				<visible>String.IsEqual(Control.GetLabel(5),$LOCALIZE[207])</visible>
				<control type="image">
					<left>120</left>
					<top>225</top>
					<width>405</width>
					<height>600</height>
					<texture>$INFO[Container(50).ListItem.Icon]</texture>
					<colordiffuse>$VAR[OverlayColorFO]</colordiffuse>
					<aspectratio aligny="center">keep</aspectratio>
				</control>
			</control>

			<!-- Info -->
			<control type="group">
				<left>600</left>
				<top>235</top>
				<visible>!String.IsEqual(Control.GetLabel(5),$LOCALIZE[207])</visible>

				<!-- Details -->
				<control type="grouplist">
					<width>1170</width>
					<height>336</height>
					<itemgap>12</itemgap>
					<orientation>vertical</orientation>
					<usecontrolcoords>true</usecontrolcoords>

					<!-- Artist -->
					<control type="group">
						<height>36</height>
						<width>1170</width>
						<visible>!String.IsEmpty(ListItem.Artist)</visible>
						<control type="fadelabel">
							<width>200</width>
							<height>36</height>
							<align>right</align>
							<font>Font36</font>
							<label>557</label>
							<textcolor>$VAR[TextColor2]</textcolor>
							<pauseatend>5000</pauseatend>
						</control>
						<control type="fadelabel">
							<left>220</left>
							<width>950</width>
							<height>36</height>
							<font>Font36</font>
							<label>$INFO[ListItem.Artist]</label>
							<textcolor>$VAR[TextColor1]</textcolor>
							<pauseatend>5000</pauseatend>
						</control>
					</control>

					<!-- Album -->
					<control type="group">
						<height>36</height>
						<width>1170</width>
						<visible>!String.IsEmpty(ListItem.Album)</visible>
						<control type="fadelabel">
							<width>200</width>
							<height>36</height>
							<align>right</align>
							<font>Font36</font>
							<label>558</label>
							<textcolor>$VAR[TextColor2]</textcolor>
							<pauseatend>5000</pauseatend>
						</control>
						<control type="fadelabel">
							<left>220</left>
							<width>950</width>
							<height>36</height>
							<font>Font36</font>
							<label>$INFO[ListItem.Album]</label>
							<textcolor>$VAR[TextColor1]</textcolor>
							<pauseatend>5000</pauseatend>
						</control>
					</control>

					<!-- Genre -->
					<control type="group">
						<height>36</height>
						<width>1170</width>
						<visible>!String.IsEmpty(ListItem.Genre)</visible>
						<control type="fadelabel">
							<width>200</width>
							<height>36</height>
							<align>right</align>
							<font>Font36</font>
							<label>515</label>
							<textcolor>$VAR[TextColor2]</textcolor>
							<pauseatend>5000</pauseatend>
						</control>
						<control type="fadelabel">
							<left>220</left>
							<width>950</width>
							<height>36</height>
							<font>Font36</font>
							<label>$INFO[ListItem.Genre]</label>
							<textcolor>$VAR[TextColor1]</textcolor>
							<pauseatend>5000</pauseatend>
						</control>
					</control>

					<!-- Director -->
					<control type="group">
						<height>36</height>
						<width>1170</width>
						<visible>!String.IsEmpty(ListItem.Director)</visible>
						<control type="fadelabel">
							<width>200</width>
							<height>36</height>
							<align>right</align>
							<font>Font36</font>
							<label>20339</label>
							<textcolor>$VAR[TextColor2]</textcolor>
							<pauseatend>5000</pauseatend>
						</control>
						<control type="fadelabel">
							<left>220</left>
							<width>950</width>
							<height>36</height>
							<font>Font36</font>
							<label>$INFO[ListItem.Director]</label>
							<textcolor>$VAR[TextColor1]</textcolor>
							<pauseatend>5000</pauseatend>
						</control>
					</control>

					<!-- Writer -->
					<control type="group">
						<height>36</height>
						<width>1170</width>
						<visible>!String.IsEmpty(ListItem.Writer)</visible>
						<control type="fadelabel">
							<width>200</width>
							<height>36</height>
							<align>right</align>
							<font>Font36</font>
							<label>20417</label>
							<textcolor>$VAR[TextColor2]</textcolor>
							<pauseatend>5000</pauseatend>
						</control>
						<control type="fadelabel">
							<left>220</left>
							<width>950</width>
							<height>36</height>
							<font>Font36</font>
							<label>$INFO[ListItem.Writer]</label>
							<textcolor>$VAR[TextColor1]</textcolor>
							<pauseatend>5000</pauseatend>
						</control>
					</control>

					<!-- Duration -->
					<control type="group">
						<height>36</height>
						<width>1170</width>
						<visible>!String.IsEmpty(ListItem.Duration)</visible>
						<control type="label">
							<width>200</width>
							<height>36</height>
							<align>right</align>
							<font>Font36</font>
							<label>180</label>
							<textcolor>$VAR[TextColor2]</textcolor>
						</control>
						<control type="label">
							<left>220</left>
							<width>950</width>
							<height>36</height>
							<font>Font36</font>
							<label>$VAR[Duration]</label>
							<textcolor>$VAR[TextColor1]</textcolor>
						</control>
					</control>

					<!-- Rating -->
					<control type="group">
						<height>36</height>
						<width>1170</width>
						<visible>!String.IsEmpty(ListItem.RatingAndVotes)</visible>
						<control type="label">
							<width>200</width>
							<height>36</height>
							<align>right</align>
							<font>Font36</font>
							<label>563</label>
							<textcolor>$VAR[TextColor2]</textcolor>
						</control>
						<control type="label">
							<left>220</left>
							<width>950</width>
							<height>36</height>
							<font>Font36</font>
							<label>$INFO[ListItem.RatingAndVotes]</label>
							<textcolor>$VAR[TextColor1]</textcolor>
						</control>
					</control>

					<!-- Mpaa Rating -->
					<control type="group">
						<height>36</height>
						<width>1170</width>
						<visible>!String.IsEmpty(ListItem.Mpaa)</visible>
						<control type="label">
							<width>200</width>
							<height>36</height>
							<align>right</align>
							<font>Font36</font>
							<label>20074</label>
							<textcolor>$VAR[TextColor2]</textcolor>
						</control>
						<control type="label">
							<left>220</left>
							<width>950</width>
							<height>36</height>
							<font>Font36</font>
							<label>$INFO[ListItem.Mpaa]</label>
							<textcolor>$VAR[TextColor1]</textcolor>
						</control>
					</control>

					<!-- Resolution -->
					<control type="group">
						<height>36</height>
						<width>1170</width>
						<visible>!String.IsEmpty(ListItem.VideoResolution)</visible>
						<control type="label">
							<width>200</width>
							<height>36</height>
							<align>right</align>
							<font>Font36</font>
							<label>169</label>
							<textcolor>$VAR[TextColor2]</textcolor>
						</control>
						<control type="label">
							<left>220</left>
							<width>950</width>
							<height>36</height>
							<font>Font36</font>
							<label>$VAR[VideoResolution,,]</label>
							<textcolor>$VAR[TextColor1]</textcolor>
						</control>
					</control>

				</control>

				<!-- Plot -->
				<control type="group">
					<top>370</top>
					<width>1170</width>
					<height>210</height>
					<control type="textbox">
						<align>left</align>
						<textcolor>$VAR[TextColor2]</textcolor>
						<label>[LIGHT]$VAR[Plot][/LIGHT]</label>
						<autoscroll delay="10000" time="2000" repeat="12000">True</autoscroll>
						<visible>Skin.String(PlotFont,S light)</visible>
					</control>
					<control type="textbox">
						<align>left</align>
						<font>Font30</font>
						<textcolor>$VAR[TextColor2]</textcolor>
						<label>[LIGHT]$VAR[Plot][/LIGHT]</label>
						<autoscroll delay="10000" time="1900" repeat="12000">True</autoscroll>
						<visible>Skin.String(PlotFont,M light)</visible>
					</control>
					<control type="textbox">
						<align>left</align>
						<font>Font33</font>
						<textcolor>$VAR[TextColor2]</textcolor>
						<label>[LIGHT]$VAR[Plot][/LIGHT]</label>
						<autoscroll delay="10000" time="1800" repeat="12000">True</autoscroll>
						<visible>Skin.String(PlotFont,L light)</visible>
					</control>
					<control type="textbox">
						<align>left</align>
						<font>Font36</font>
						<textcolor>$VAR[TextColor2]</textcolor>
						<label>[LIGHT]$VAR[Plot][/LIGHT]</label>
						<autoscroll delay="10000" time="1700" repeat="12000">True</autoscroll>
						<visible>Skin.String(PlotFont,XL light)</visible>
					</control>
					
					<control type="textbox">
						<align>left</align>
						<textcolor>$VAR[TextColor2]</textcolor>
						<label>$VAR[Plot]</label>
						<autoscroll delay="10000" time="2000" repeat="12000">True</autoscroll>
						<visible>Skin.String(PlotFont,S)</visible>
					</control>
					<control type="textbox">
						<align>left</align>
						<font>Font30</font>
						<textcolor>$VAR[TextColor2]</textcolor>
						<label>$VAR[Plot]</label>
						<autoscroll delay="10000" time="1900" repeat="12000">True</autoscroll>
						<visible>Skin.String(PlotFont,M)</visible>
					</control>
					<control type="textbox">
						<align>left</align>
						<font>Font33</font>
						<textcolor>$VAR[TextColor2]</textcolor>
						<label>$VAR[Plot]</label>
						<autoscroll delay="10000" time="1800" repeat="12000">True</autoscroll>
						<visible>Skin.String(PlotFont,L)</visible>
					</control>
					<control type="textbox">
						<align>left</align>
						<font>Font36</font>
						<textcolor>$VAR[TextColor2]</textcolor>
						<label>$VAR[Plot]</label>
						<autoscroll delay="10000" time="1700" repeat="12000">True</autoscroll>
						<visible>Skin.String(PlotFont,XL)</visible>
					</control>
				</control>
			</control>

			<!-- Cast -->
			<control type="list" id="50">
				<left>600</left>
				<top>235</top>
				<width>1170</width>
				<height>580</height>
				<onup>noop</onup>
				<ondown>9000</ondown>
				<onleft>9000</onleft>
				<onright>9000</onright>
				<orientation>vertical</orientation>
				<viewtype label="">list</viewtype>
				<scrolltime tween="sine" easing="out">240</scrolltime>
				<visible allowhiddenfocus="true">String.IsEqual(Control.GetLabel(5),$LOCALIZE[207])</visible>

				<itemlayout width="1170" height="58">
					<control type="label">
						<width>1170</width>
						<height>58</height>
						<font>Font36</font>
						<textcolor>$VAR[TextColor2]</textcolor>
						<label>[B]$INFO[ListItem.Label][/B] - $INFO[ListItem.Label2]</label>
					</control>
				</itemlayout>

				<focusedlayout width="1170" height="58">
					<control type="label">
						<width>1170</width>
						<height>58</height>
						<font>Font36</font>
						<textcolor>$VAR[TextColor1]</textcolor>
						<label>[B]$INFO[ListItem.Label][/B] - $INFO[ListItem.Label2]</label>
						<visible>Control.HasFocus(50)</visible>
					</control>
					<control type="image">
						<width>1170</width>
						<height>58</height>
						<texture colordiffuse="$VAR[TextColor1]">$VAR[focus58]</texture>
						<visible>Control.HasFocus(50)</visible>
					</control>
					<control type="label">
						<width>1170</width>
						<height>58</height>
						<font>Font36</font>
						<textcolor>$VAR[TextColor2]</textcolor>
						<label>[B]$INFO[ListItem.Label][/B] - $INFO[ListItem.Label2]</label>
						<visible>!Control.HasFocus(50)</visible>
					</control>
					<control type="image">
						<width>1170</width>
						<height>58</height>
						<texture colordiffuse="$VAR[TextColor2]">$VAR[focus58]</texture>
						<visible>!Control.HasFocus(50)</visible>
					</control>
				</focusedlayout>

			</control>

			<!-- Button grouplist background -->
			<include content="dialogButtonBackground">
				<param name="id">9000</param>
			</include>

			<!-- Button grouplist -->
			<control type="grouplist" id="9000">
				<left>120</left>
				<bottom>100</bottom>
				<width>1680</width>
				<height>66</height>
				<orientation>horizontal</orientation>
				<align>center</align>
				<itemgap>30</itemgap>
				<onup condition="String.IsEqual(Control.GetLabel(5),$LOCALIZE[207])">50</onup>

				<!-- Play/Browse Button -->
				<control type="togglebutton" id="8">
					<width>Auto</width>
					<label>208</label>
					<altlabel>1024</altlabel>
					<usealttexture>Container.Content(TVShows)</usealttexture>
				</control>
				<!-- Cast Button -->
				<control type="button" id="5">
					<width>Auto</width>
					<label>206</label>
					<onclick condition="String.IsEqual(Control.GetLabel(5),$LOCALIZE[207])">SetFocus(50)</onclick>
				</control>
				<!-- Refresh Button -->
				<control type="button" id="6">
					<width>Auto</width>
					<label>184</label>
				</control>
				<!-- Get Thumb Button -->
				<control type="button" id="10">
					<width>Auto</width>
					<label>13511</label>
				</control>
				<!-- Artwork Downloader Button -->
				<control type="button" id="20">
					<width>Auto</width>
					<label>31043</label>
					<onclick condition="Container.Content(tvshows)">XBMC.RunScript(script.artwork.downloader, mode=gui, mediatype=tvshow, dbid=$INFO[ListItem.DBID])</onclick>
					<onclick condition="Container.Content(movies)">XBMC.RunScript(script.artwork.downloader, mode=gui, mediatype=movie, dbid=$INFO[ListItem.DBID])</onclick>
					<visible>System.HasAddon(script.artwork.downloader) + [Container.Content(movies) | Container.Content(tvshows)]</visible>
				</control>
				<!-- Trailer Button -->
				<control type="button" id="11">
					<width>Auto</width>
					<label>20410</label>
					<visible>!String.IsEmpty(ListItem.Trailer)</visible>
				</control>
				<!-- Cinema Experience Button -->
				<control type="button" id="21">
					<width>Auto</width>
					<label>31066</label>
					<onclick>Dialog.Close(MovieInformation)</onclick>
					<onclick>XBMC.RunScript(script.cinema.experience,movieid=$INFO[ListItem.DBID])</onclick>
					<visible>System.HasAddon(script.cinema.experience) + Container.Content(movies)</visible>
				</control>

			</control>

		</control>

	</controls>

</window>