<?xml version="1.0" encoding="UTF-8"?>
<window>
	<!-- addonsettings -->
	<defaultcontrol always="true">3</defaultcontrol>

	<controls>
		<!-- Window Background -->
		<include>WindowFadeBackgroundImage</include>

		<control type="group">

			<!-- Animation -->
			<include>DialogZoomAnimation</include>

			<!-- Heading -->
			<include content="Time">
				<param name="heading">$INFO[Window.Property(heading)]</param>
			</include>

			<!-- Left grouplist -->
			<control type="grouplist" id="3">
				<left>150</left>
				<top>228</top>
				<width>360</width>
				<height>660</height>
				<itemgap>0</itemgap>
				<onleft>noop</onleft>
				<onright>5</onright>
				<onup>noop</onup>
				<ondown>9001</ondown>
				<orientation>vertical</orientation>
				<scrolltime tween="sine" easing="out">240</scrolltime>
			</control>

			<!-- Default button -->
			<control type="button" id="10">
				<width>360</width>
				<height>66</height>
			</control>

			<!-- Right grouplist -->
			<control type="grouplist" id="5">
				<left>600</left>
				<top>228</top>
				<width>1200</width>
				<height>660</height>
				<itemgap>0</itemgap>
				<onleft>3</onleft>
				<onright>9001</onright>
				<onup>noop</onup>
				<ondown>9001</ondown>
				<orientation>vertical</orientation>
				<scrolltime tween="sine" easing="out">240</scrolltime>
			</control>

			<!-- Default button -->
			<control type="button" id="7">
				<width>1200</width>
				<height>66</height>
			</control>

			<!-- Default radiobutton -->
			<control type="radiobutton" id="8">
				<width>1200</width>
				<height>66</height>
				<textwidth>1120</textwidth>
			</control>

			<!-- Default spincontrolex -->
			<control type="spincontrolex" id="9">
				<width>1200</width>
				<height>66</height>
				<textwidth>1120</textwidth>
			</control>

			<!-- Default label -->
			<control type="label" id="14">
				<width>1200</width>
				<height>66</height>
				<label></label>
			</control>

			<!-- Default seperator -->
			<control type="image" id="11">
				<width>1200</width>
				<height>20</height>
				<texture border="1,12,1,1" colordiffuse="$VAR[DialogOverlayColorNF]">common/ScrollBackgroundHorizontal.png</texture>
			</control>
			
			<!-- Default edit -->
			<control type="label" id="12">
				<width>1200</width>
				<height>66</height>
				<label></label>
			</control>

			<!-- Default slider -->
			<control type="sliderex" id="13">
				<width>1200</width>
				<height>66</height>
			</control>

			<!-- Button grouplist background -->
			<include content="dialogButtonBackground">
				<param name="id">9001</param>
			</include>

			<!-- Buttons -->
			<control type="grouplist" id="9001">
				<left>120</left>
				<bottom>100</bottom>
				<width>1680</width>
				<height>66</height>
				<orientation>horizontal</orientation>
				<align>center</align>
				<itemgap>30</itemgap>
				<onup>3</onup>
				<defaultcontrol>10</defaultcontrol>

				<!-- OK Button -->
				<control type="button" id="28">
					<width>auto</width>
					<label>186</label>
				</control>

				<!-- Cancel Button -->
				<control type="button" id="29">
					<width>auto</width>
					<label>222</label>
				</control>

				<!-- Defaults Button -->
				<control type="button" id="30">
					<width>auto</width>
					<label>409</label>
				</control>

			</control>

		</control>

	</controls>

</window>
