<?xml version="1.0" encoding="UTF-8"?>
<includes>

	<include name="Viewtype55">

		<control type="group">
			<visible>Control.IsVisible(55)</visible>

			<!-- Thumbs -->
			<control type="panel" id="55">
				<left>150</left>
				<top>175</top>
				<width>1620</width>
				<height>666</height>
				<onleft>65</onleft>
				<onright>3001</onright>
				<onup>55</onup>
				<ondown>55</ondown>
				<pagecontrol>65</pagecontrol>
				<preloaditems>4</preloaditems>
				<viewtype label="$LOCALIZE[31078]">icon</viewtype>
				<scrolltime tween="sine" easing="out">240</scrolltime>
				<visible>Container.Content(albums) | Container.Content(addons) | Container.Content(artists) | Container.Content(games)</visible>

				<itemlayout width="270" height="222">
					<!-- Image - Albums -->
					<include content="image-55">
						<param name="fallback"/>
						<param name="colordiffuse">$VAR[DiffusePosterNF]</param>
						<param name="visible">Container.Content(albums)</param>
					</include>
					<!-- Image - Addons -->
					<include content="image-55">
						<param name="fallback">DefaultAddon.png</param>
						<param name="colordiffuse">$VAR[DiffusePosterNF]</param>
						<param name="visible">Container.Content(addons)</param>
					</include>
					<!-- Image - Artists -->
					<include content="image-55">
						<param name="fallback">DefaultUser.png</param>
						<param name="colordiffuse">$VAR[DiffusePosterNF]</param>
						<param name="visible">Container.Content(artists)</param>
					</include>
					<!-- Image - Games -->
					<include content="image-55">
						<param name="fallback">DefaultAddonGame.png</param>
						<param name="colordiffuse">$VAR[DiffusePosterNF]</param>
						<param name="visible">Container.Content(games)</param>
					</include>
				</itemlayout>

				<focusedlayout width="270" height="222">
					<control type="group">
						<animation effect="zoom" start="87" end="100" center="auto" time="300" tween="back" easing="out" reversible="false">Focus</animation>
						<animation effect="zoom" start="100" end="87" center="auto" time="100" tween="linear" reversible="false">Unfocus</animation>
						<!-- Image - Albums -->
						<include content="image-55-focused">
							<param name="fallback"/>
							<param name="visible">Container.Content(albums)</param>
							<param name="focused">True</param>
						</include>
						<!-- Image - Addons -->
						<include content="image-55-focused">
							<param name="fallback">DefaultAddon.png</param>
							<param name="visible">Container.Content(addons)</param>
							<param name="focused">True</param>
						</include>
						<!-- Image - Artists -->
						<include content="image-55-focused">
							<param name="fallback">DefaultUser.png</param>
							<param name="visible">Container.Content(artists)</param>
							<param name="focused">True</param>
						</include>
						<!-- Image - Games -->
						<include content="image-55-focused">
							<param name="fallback">DefaultAddonGame.png</param>
							<param name="visible">Container.Content(games)</param>
							<param name="focused">True</param>
						</include>
					</control>
				</focusedlayout>
			</control>

			<control type="group">
				<!-- <centerleft>75%</centerleft> -->
				<left>410</left>
				<top>850</top>
				<width>920</width>
				<height>100</height>

				<!-- Title -->
				<control type="fadelabel">
					<left>90</left>
					<top>0</top>
					<width>920</width>
					<height>72</height>
					<font>Font72</font>
					<align>center</align>
					<textcolor>$VAR[TextColor1]</textcolor>
					<label>$VAR[Label1]</label>
					<animation effect="fade" start="100" end="50" time="200" tween="cubic" easing="out" reversible="false" condition="!Control.HasFocus(55)">Conditional</animation>
				</control>

				<!-- Details -->
				<control type="fadelabel">
					<left>90</left>
					<top>88</top>
					<width>920</width>
					<height>54</height>
					<font>Font27</font>
					<align>center</align>
					<aligny>top</aligny>
					<label>$VAR[Label2]</label>
					<textcolor>$VAR[TextColor1]</textcolor>
					<animation effect="fade" start="100" end="50" time="200" tween="cubic" easing="out" reversible="false" condition="!Control.HasFocus(55)">Conditional</animation>
				</control>

			</control>

		</control>

	</include>

	<include name="image-55">
		<param name="fallback">DefaultVideos.png</param>
		<param name="colordiffuse">FFFFFFFF</param>
		<param name="visible">False</param>
		<definition>
			<control type="image">
				<bottom>10</bottom>
				<centerleft>50%</centerleft>
				<width>192</width>
				<height>192</height>
				<colordiffuse>$PARAM[colordiffuse]</colordiffuse>
				<texture fallback="$PARAM[fallback]" background="true">$VAR[mediaImages]</texture>
				<aspectratio align="center" aligny="bottom">keep</aspectratio>
				<visible>$PARAM[visible]</visible>
			</control>
		</definition>
	</include>
	
	<include name="image-55-focused">
		<param name="fallback">DefaultVideos.png</param>
		<param name="colordiffuse">FFFFFFFF</param>
		<param name="visible">False</param>
		<definition>
			<control type="image">
				<bottom>0</bottom>
				<centerleft>50%</centerleft>
				<width>222</width>
				<height>222</height>
				<colordiffuse>$PARAM[colordiffuse]</colordiffuse>
				<texture fallback="$PARAM[fallback]" background="true">$VAR[mediaImages]</texture>
				<aspectratio align="center" aligny="bottom">keep</aspectratio>
				<visible>$PARAM[visible]</visible>
			</control>
		</definition>
	</include>

</includes>
