<?xml version='1.0' encoding='UTF-8'?>
<includes>
	<include name="skinshortcuts-mainmenu">
		<item id="1">
			<label>$LOCALIZE[342]</label>
			<label2>Common Shortcut</label2>
			<icon>home/DefaultMovies.png</icon>
			<thumb />
			<property name="labelID">movies</property>
			<property name="defaultID">movies</property>
			<visible>Library.HasContent(Movies)</visible>
			<onclick>ActivateWindow(Videos,MovieTitles,return)</onclick>
			<property name="path">ActivateWindow(Videos,MovieTitles,return)</property>
			<visible>StringCompare(System.ProfileName,Master user)</visible>
			<property name="submenuVisibility">movies</property>
			<property name="group">mainmenu</property>
			<property name="widgetName">Recommended movies</property>
			<property name="widget">RecommendedMovies</property>
			<property name="hasSubmenu">True</property>
		</item>
		<item id="2">
			<label>$LOCALIZE[20343]</label>
			<label2>Common Shortcut</label2>
			<icon>home/DefaultTVShows.png</icon>
			<thumb />
			<property name="labelID">tvshows</property>
			<property name="defaultID">tvshows</property>
			<visible>Library.HasContent(TVShows)</visible>
			<onclick>ActivateWindow(Videos,TVShowTitles,return)</onclick>
			<property name="path">ActivateWindow(Videos,TVShowTitles,return)</property>
			<visible>StringCompare(System.ProfileName,Master user)</visible>
			<property name="submenuVisibility">tvshows</property>
			<property name="group">mainmenu</property>
			<property name="widgetName">Recommended episodes</property>
			<property name="widget">RecommendedEpisodes</property>
			<property name="hasSubmenu">True</property>
		</item>
		<item id="3">
			<label>$LOCALIZE[10006]</label>
			<label2>Common Shortcut</label2>
			<icon>DefaultVideo.png</icon>
			<thumb />
			<property name="labelID">videos</property>
			<property name="defaultID">videos</property>
			<onclick>ActivateWindow(Videos,root)</onclick>
			<property name="path">ActivateWindow(Videos,root)</property>
			<visible>StringCompare(System.ProfileName,Master user)</visible>
			<property name="submenuVisibility">videos</property>
			<property name="group">mainmenu</property>
			<property name="hasSubmenu">True</property>
		</item>
		<item id="4">
			<label>My OSMC</label>
			<label2>Custom shortcut</label2>
			<icon>home/DefaultOSMC.png</icon>
			<thumb />
			<property name="labelID">service.osmc.settings</property>
			<property name="defaultID">myosmc</property>
			<onclick>RunScript(service.osmc.settings)</onclick>
			<property name="path">RunScript(service.osmc.settings)</property>
			<visible>StringCompare(System.ProfileName,Master user)</visible>
			<property name="submenuVisibility">service-osmc-settings</property>
			<property name="group">mainmenu</property>
			<property name="hasSubmenu">False</property>
		</item>
		<item id="5">
			<label>$LOCALIZE[10004]</label>
			<label2>Common Shortcut</label2>
			<icon>home/DefaultSettings.png</icon>
			<thumb />
			<property name="labelID">settings</property>
			<property name="defaultID">settings</property>
			<onclick>ActivateWindow(Settings)</onclick>
			<property name="path">ActivateWindow(Settings)</property>
			<visible>StringCompare(System.ProfileName,Master user)</visible>
			<property name="submenuVisibility">settings</property>
			<property name="group">mainmenu</property>
			<property name="hasSubmenu">True</property>
		</item>
		<item id="6">
			<label>FileManager</label>
			<label2>Custom shortcut</label2>
			<icon>home/DefaultShortcut.png</icon>
			<thumb />
			<property name="labelID">filemanager</property>
			<property name="defaultID" />
			<onclick>ActivateWindow(filemanager)</onclick>
			<property name="path">ActivateWindow(filemanager)</property>
			<visible>StringCompare(System.ProfileName,Master user)</visible>
			<property name="submenuVisibility">filemanager</property>
			<property name="group">mainmenu</property>
			<property name="hasSubmenu">False</property>
		</item>
		<item id="7">
			<label>$LOCALIZE[33060]</label>
			<label2>Common Shortcut</label2>
			<icon>home/DefaultPower.png</icon>
			<thumb />
			<property name="labelID">33060</property>
			<property name="defaultID">power</property>
			<onclick>ActivateWindow(shutdownmenu)</onclick>
			<property name="path">ActivateWindow(shutdownmenu)</property>
			<visible>StringCompare(System.ProfileName,Master user)</visible>
			<property name="submenuVisibility">num-33060</property>
			<property name="group">mainmenu</property>
			<property name="hasSubmenu">False</property>
		</item>
	</include>
	<include />
	<include name="skinshortcuts-submenu">
		<item id="1">
			<label>$LOCALIZE[20386]</label>
			<label2>item</label2>
			<icon>home/DefaultRecentlyAddedMovies.png</icon>
			<thumb />
			<property name="labelID">20386</property>
			<property name="defaultID">20386</property>
			<visible>Library.HasContent(Movies)</visible>
			<onclick>ActivateWindow(10025,videodb://recentlyaddedmovies/,Return)</onclick>
			<property name="path">ActivateWindow(10025,videodb://recentlyaddedmovies/,Return)</property>
			<visible>StringCompare(System.ProfileName,Master user) + [StringCompare(Container(9000).ListItem.Property(submenuVisibility),movies)]</visible>
			<property name="isSubmenu">True</property>
			<property name="group">movies</property>
		</item>
		<item id="2">
			<label>Titre</label>
			<label2 />
			<icon>home/DefaultFolder.png</icon>
			<thumb />
			<property name="labelID">titre</property>
			<property name="defaultID">titre</property>
			<onclick>ActivateWindow(10025,library://video/movies/titles.xml/,Return)</onclick>
			<property name="path">ActivateWindow(10025,library://video/movies/titles.xml/,Return)</property>
			<visible>StringCompare(System.ProfileName,Master user) + [StringCompare(Container(9000).ListItem.Property(submenuVisibility),movies)]</visible>
			<property name="isSubmenu">True</property>
			<property name="group">movies</property>
		</item>
		<item id="1">
			<label>$LOCALIZE[626]</label>
			<label2>item</label2>
			<icon>home/DefaultInProgressShows.png</icon>
			<thumb />
			<property name="labelID">626</property>
			<property name="defaultID">626</property>
			<onclick>ActivateWindow(10025,library://video/inprogressshows.xml,Return)</onclick>
			<property name="path">ActivateWindow(10025,library://video/inprogressshows.xml,Return)</property>
			<visible>StringCompare(System.ProfileName,Master user) + [StringCompare(Container(9000).ListItem.Property(submenuVisibility),tvshows)]</visible>
			<property name="isSubmenu">True</property>
			<property name="group">tvshows</property>
		</item>
		<item id="2">
			<label>Titre</label>
			<label2 />
			<icon>home/DefaultFolder.png</icon>
			<thumb />
			<property name="labelID">titre</property>
			<property name="defaultID">titre</property>
			<onclick>ActivateWindow(10025,library://video/tvshows/titles.xml/,Return)</onclick>
			<property name="path">ActivateWindow(10025,library://video/tvshows/titles.xml/,Return)</property>
			<visible>StringCompare(System.ProfileName,Master user) + [StringCompare(Container(9000).ListItem.Property(submenuVisibility),tvshows)]</visible>
			<property name="isSubmenu">True</property>
			<property name="group">tvshows</property>
		</item>
		<item id="1">
			<label>$LOCALIZE[744]</label>
			<label2>Videos</label2>
			<icon>home/DefaultFolder.png</icon>
			<thumb />
			<property name="labelID">744</property>
			<property name="defaultID">744</property>
			<onclick>ActivateWindow(Videos,Files,return)</onclick>
			<property name="path">ActivateWindow(Videos,Files,return)</property>
			<visible>StringCompare(System.ProfileName,Master user) + [StringCompare(Container(9000).ListItem.Property(submenuVisibility),videos)]</visible>
			<property name="isSubmenu">True</property>
			<property name="group">videos</property>
		</item>
		<item id="1">
			<label>$LOCALIZE[480]</label>
			<label2>Common Shortcut</label2>
			<icon>home/DefaultShortcut.png</icon>
			<thumb />
			<property name="labelID">480</property>
			<property name="defaultID">480</property>
			<onclick>ActivateWindow(appearancesettings)</onclick>
			<property name="path">ActivateWindow(appearancesettings)</property>
			<visible>StringCompare(System.ProfileName,Master user) + [StringCompare(Container(9000).ListItem.Property(submenuVisibility),settings)]</visible>
			<property name="isSubmenu">True</property>
			<property name="group">settings</property>
		</item>
		<item id="2">
			<label>$LOCALIZE[3]</label>
			<label2>Common Shortcut</label2>
			<icon>home/DefaultShortcut.png</icon>
			<thumb />
			<property name="labelID">3</property>
			<property name="defaultID">3</property>
			<onclick>ActivateWindow(videossettings)</onclick>
			<property name="path">ActivateWindow(videossettings)</property>
			<visible>StringCompare(System.ProfileName,Master user) + [StringCompare(Container(9000).ListItem.Property(submenuVisibility),settings)]</visible>
			<property name="isSubmenu">True</property>
			<property name="group">settings</property>
		</item>
		<item id="3">
			<label>$LOCALIZE[2]</label>
			<label2>Common Shortcut</label2>
			<icon>home/DefaultShortcut.png</icon>
			<thumb />
			<property name="labelID">2</property>
			<property name="defaultID">2</property>
			<onclick>ActivateWindow(musicsettings)</onclick>
			<property name="path">ActivateWindow(musicsettings)</property>
			<visible>StringCompare(System.ProfileName,Master user) + [StringCompare(Container(9000).ListItem.Property(submenuVisibility),settings)]</visible>
			<property name="isSubmenu">True</property>
			<property name="group">settings</property>
		</item>
		<item id="4">
			<label>$LOCALIZE[24001]</label>
			<label2>Common Shortcut</label2>
			<icon>home/DefaultShortcut.png</icon>
			<thumb />
			<property name="labelID">24001</property>
			<property name="defaultID">24001</property>
			<onclick>ActivateWindow(addonbrowser)</onclick>
			<property name="path">ActivateWindow(addonbrowser)</property>
			<visible>StringCompare(System.ProfileName,Master user) + [StringCompare(Container(9000).ListItem.Property(submenuVisibility),settings)]</visible>
			<property name="isSubmenu">True</property>
			<property name="group">settings</property>
		</item>
		<item id="5">
			<label>$LOCALIZE[1]</label>
			<label2>Common Shortcut</label2>
			<icon>home/DefaultShortcut.png</icon>
			<thumb />
			<property name="labelID">1</property>
			<property name="defaultID">1</property>
			<onclick>ActivateWindow(picturessettings)</onclick>
			<property name="path">ActivateWindow(picturessettings)</property>
			<visible>StringCompare(System.ProfileName,Master user) + [StringCompare(Container(9000).ListItem.Property(submenuVisibility),settings)]</visible>
			<property name="isSubmenu">True</property>
			<property name="group">settings</property>
		</item>
		<item id="6">
			<label>$LOCALIZE[13000]</label>
			<label2>Common Shortcut</label2>
			<icon>home/DefaultShortcut.png</icon>
			<thumb />
			<property name="labelID">13000</property>
			<property name="defaultID">13000</property>
			<onclick>ActivateWindow(systemsettings)</onclick>
			<property name="path">ActivateWindow(systemsettings)</property>
			<visible>StringCompare(System.ProfileName,Master user) + [StringCompare(Container(9000).ListItem.Property(submenuVisibility),settings)]</visible>
			<property name="isSubmenu">True</property>
			<property name="group">settings</property>
		</item>
		<item id="7">
			<label>$LOCALIZE[14036]</label>
			<label2>Common Shortcut</label2>
			<icon>home/DefaultShortcut.png</icon>
			<thumb />
			<property name="labelID">14036</property>
			<property name="defaultID">14036</property>
			<onclick>ActivateWindow(servicesettings)</onclick>
			<property name="path">ActivateWindow(servicesettings)</property>
			<visible>StringCompare(System.ProfileName,Master user) + [StringCompare(Container(9000).ListItem.Property(submenuVisibility),settings)]</visible>
			<property name="isSubmenu">True</property>
			<property name="group">settings</property>
		</item>
		<item id="8">
			<label>$LOCALIZE[130]</label>
			<label2>Common Shortcut</label2>
			<icon>home/DefaultShortcut.png</icon>
			<thumb />
			<property name="labelID">130</property>
			<property name="defaultID">130</property>
			<onclick>ActivateWindow(systeminfo)</onclick>
			<property name="path">ActivateWindow(systeminfo)</property>
			<visible>StringCompare(System.ProfileName,Master user) + [StringCompare(Container(9000).ListItem.Property(submenuVisibility),settings)]</visible>
			<property name="isSubmenu">True</property>
			<property name="group">settings</property>
		</item>
		<item id="9">
			<label>$LOCALIZE[7]</label>
			<label2>Common Shortcut</label2>
			<icon>home/DefaultShortcut.png</icon>
			<thumb />
			<property name="labelID">7</property>
			<property name="defaultID">7</property>
			<onclick>ActivateWindow(filemanager)</onclick>
			<property name="path">ActivateWindow(filemanager)</property>
			<visible>StringCompare(System.ProfileName,Master user) + [StringCompare(Container(9000).ListItem.Property(submenuVisibility),settings)]</visible>
			<property name="isSubmenu">True</property>
			<property name="group">settings</property>
		</item>
	</include>
	<include name="skinshortcuts-group-movies">
		<item id="1">
			<label>$LOCALIZE[20386]</label>
			<label2>item</label2>
			<icon>home/DefaultRecentlyAddedMovies.png</icon>
			<thumb />
			<property name="labelID">20386</property>
			<property name="defaultID">20386</property>
			<visible>Library.HasContent(Movies)</visible>
			<onclick>ActivateWindow(10025,videodb://recentlyaddedmovies/,Return)</onclick>
			<property name="path">ActivateWindow(10025,videodb://recentlyaddedmovies/,Return)</property>
			<visible>StringCompare(System.ProfileName,Master user)</visible>
			<property name="group">movies</property>
		</item>
		<item id="2">
			<label>Titre</label>
			<label2 />
			<icon>home/DefaultFolder.png</icon>
			<thumb />
			<property name="labelID">titre</property>
			<property name="defaultID">titre</property>
			<onclick>ActivateWindow(10025,library://video/movies/titles.xml/,Return)</onclick>
			<property name="path">ActivateWindow(10025,library://video/movies/titles.xml/,Return)</property>
			<visible>StringCompare(System.ProfileName,Master user)</visible>
			<property name="group">movies</property>
		</item>
	</include>
	<include name="skinshortcuts-group-alt-movies">
		<item id="1">
			<label>$LOCALIZE[20386]</label>
			<label2>item</label2>
			<icon>home/DefaultRecentlyAddedMovies.png</icon>
			<thumb />
			<property name="labelID">20386</property>
			<property name="defaultID">20386</property>
			<visible>Library.HasContent(Movies)</visible>
			<onclick>ActivateWindow(10025,videodb://recentlyaddedmovies/,Return)</onclick>
			<property name="path">ActivateWindow(10025,videodb://recentlyaddedmovies/,Return)</property>
			<visible>StringCompare(System.ProfileName,Master user) + [StringCompare(Window(10000).Property(submenuVisibility),movies)]</visible>
			<property name="isSubmenu">True</property>
			<property name="group">movies</property>
		</item>
		<item id="2">
			<label>Titre</label>
			<label2 />
			<icon>home/DefaultFolder.png</icon>
			<thumb />
			<property name="labelID">titre</property>
			<property name="defaultID">titre</property>
			<onclick>ActivateWindow(10025,library://video/movies/titles.xml/,Return)</onclick>
			<property name="path">ActivateWindow(10025,library://video/movies/titles.xml/,Return)</property>
			<visible>StringCompare(System.ProfileName,Master user) + [StringCompare(Window(10000).Property(submenuVisibility),movies)]</visible>
			<property name="isSubmenu">True</property>
			<property name="group">movies</property>
		</item>
	</include>
	<include name="skinshortcuts-group-tvshows">
		<item id="1">
			<label>$LOCALIZE[626]</label>
			<label2>item</label2>
			<icon>home/DefaultInProgressShows.png</icon>
			<thumb />
			<property name="labelID">626</property>
			<property name="defaultID">626</property>
			<onclick>ActivateWindow(10025,library://video/inprogressshows.xml,Return)</onclick>
			<property name="path">ActivateWindow(10025,library://video/inprogressshows.xml,Return)</property>
			<visible>StringCompare(System.ProfileName,Master user)</visible>
			<property name="group">tvshows</property>
		</item>
		<item id="2">
			<label>Titre</label>
			<label2 />
			<icon>home/DefaultFolder.png</icon>
			<thumb />
			<property name="labelID">titre</property>
			<property name="defaultID">titre</property>
			<onclick>ActivateWindow(10025,library://video/tvshows/titles.xml/,Return)</onclick>
			<property name="path">ActivateWindow(10025,library://video/tvshows/titles.xml/,Return)</property>
			<visible>StringCompare(System.ProfileName,Master user)</visible>
			<property name="group">tvshows</property>
		</item>
	</include>
	<include name="skinshortcuts-group-alt-tvshows">
		<item id="1">
			<label>$LOCALIZE[626]</label>
			<label2>item</label2>
			<icon>home/DefaultInProgressShows.png</icon>
			<thumb />
			<property name="labelID">626</property>
			<property name="defaultID">626</property>
			<onclick>ActivateWindow(10025,library://video/inprogressshows.xml,Return)</onclick>
			<property name="path">ActivateWindow(10025,library://video/inprogressshows.xml,Return)</property>
			<visible>StringCompare(System.ProfileName,Master user) + [StringCompare(Window(10000).Property(submenuVisibility),tvshows)]</visible>
			<property name="isSubmenu">True</property>
			<property name="group">tvshows</property>
		</item>
		<item id="2">
			<label>Titre</label>
			<label2 />
			<icon>home/DefaultFolder.png</icon>
			<thumb />
			<property name="labelID">titre</property>
			<property name="defaultID">titre</property>
			<onclick>ActivateWindow(10025,library://video/tvshows/titles.xml/,Return)</onclick>
			<property name="path">ActivateWindow(10025,library://video/tvshows/titles.xml/,Return)</property>
			<visible>StringCompare(System.ProfileName,Master user) + [StringCompare(Window(10000).Property(submenuVisibility),tvshows)]</visible>
			<property name="isSubmenu">True</property>
			<property name="group">tvshows</property>
		</item>
	</include>
	<include name="skinshortcuts-group-videos">
		<item id="1">
			<label>$LOCALIZE[744]</label>
			<label2>Videos</label2>
			<icon>home/DefaultFolder.png</icon>
			<thumb />
			<property name="labelID">744</property>
			<property name="defaultID">744</property>
			<onclick>ActivateWindow(Videos,Files,return)</onclick>
			<property name="path">ActivateWindow(Videos,Files,return)</property>
			<visible>StringCompare(System.ProfileName,Master user)</visible>
			<property name="group">videos</property>
		</item>
	</include>
	<include name="skinshortcuts-group-alt-videos">
		<item id="1">
			<label>$LOCALIZE[744]</label>
			<label2>Videos</label2>
			<icon>home/DefaultFolder.png</icon>
			<thumb />
			<property name="labelID">744</property>
			<property name="defaultID">744</property>
			<onclick>ActivateWindow(Videos,Files,return)</onclick>
			<property name="path">ActivateWindow(Videos,Files,return)</property>
			<visible>StringCompare(System.ProfileName,Master user) + [StringCompare(Window(10000).Property(submenuVisibility),videos)]</visible>
			<property name="isSubmenu">True</property>
			<property name="group">videos</property>
		</item>
	</include>
	<include name="skinshortcuts-group-service-osmc-settings" />
	<include name="skinshortcuts-group-alt-service-osmc-settings" />
	<include name="skinshortcuts-group-settings">
		<item id="1">
			<label>$LOCALIZE[480]</label>
			<label2>Common Shortcut</label2>
			<icon>home/DefaultShortcut.png</icon>
			<thumb />
			<property name="labelID">480</property>
			<property name="defaultID">480</property>
			<onclick>ActivateWindow(appearancesettings)</onclick>
			<property name="path">ActivateWindow(appearancesettings)</property>
			<visible>StringCompare(System.ProfileName,Master user)</visible>
			<property name="group">settings</property>
		</item>
		<item id="2">
			<label>$LOCALIZE[3]</label>
			<label2>Common Shortcut</label2>
			<icon>home/DefaultShortcut.png</icon>
			<thumb />
			<property name="labelID">3</property>
			<property name="defaultID">3</property>
			<onclick>ActivateWindow(videossettings)</onclick>
			<property name="path">ActivateWindow(videossettings)</property>
			<visible>StringCompare(System.ProfileName,Master user)</visible>
			<property name="group">settings</property>
		</item>
		<item id="3">
			<label>$LOCALIZE[2]</label>
			<label2>Common Shortcut</label2>
			<icon>home/DefaultShortcut.png</icon>
			<thumb />
			<property name="labelID">2</property>
			<property name="defaultID">2</property>
			<onclick>ActivateWindow(musicsettings)</onclick>
			<property name="path">ActivateWindow(musicsettings)</property>
			<visible>StringCompare(System.ProfileName,Master user)</visible>
			<property name="group">settings</property>
		</item>
		<item id="4">
			<label>$LOCALIZE[24001]</label>
			<label2>Common Shortcut</label2>
			<icon>home/DefaultShortcut.png</icon>
			<thumb />
			<property name="labelID">24001</property>
			<property name="defaultID">24001</property>
			<onclick>ActivateWindow(addonbrowser)</onclick>
			<property name="path">ActivateWindow(addonbrowser)</property>
			<visible>StringCompare(System.ProfileName,Master user)</visible>
			<property name="group">settings</property>
		</item>
		<item id="5">
			<label>$LOCALIZE[1]</label>
			<label2>Common Shortcut</label2>
			<icon>home/DefaultShortcut.png</icon>
			<thumb />
			<property name="labelID">1</property>
			<property name="defaultID">1</property>
			<onclick>ActivateWindow(picturessettings)</onclick>
			<property name="path">ActivateWindow(picturessettings)</property>
			<visible>StringCompare(System.ProfileName,Master user)</visible>
			<property name="group">settings</property>
		</item>
		<item id="6">
			<label>$LOCALIZE[13000]</label>
			<label2>Common Shortcut</label2>
			<icon>home/DefaultShortcut.png</icon>
			<thumb />
			<property name="labelID">13000</property>
			<property name="defaultID">13000</property>
			<onclick>ActivateWindow(systemsettings)</onclick>
			<property name="path">ActivateWindow(systemsettings)</property>
			<visible>StringCompare(System.ProfileName,Master user)</visible>
			<property name="group">settings</property>
		</item>
		<item id="7">
			<label>$LOCALIZE[14036]</label>
			<label2>Common Shortcut</label2>
			<icon>home/DefaultShortcut.png</icon>
			<thumb />
			<property name="labelID">14036</property>
			<property name="defaultID">14036</property>
			<onclick>ActivateWindow(servicesettings)</onclick>
			<property name="path">ActivateWindow(servicesettings)</property>
			<visible>StringCompare(System.ProfileName,Master user)</visible>
			<property name="group">settings</property>
		</item>
		<item id="8">
			<label>$LOCALIZE[130]</label>
			<label2>Common Shortcut</label2>
			<icon>home/DefaultShortcut.png</icon>
			<thumb />
			<property name="labelID">130</property>
			<property name="defaultID">130</property>
			<onclick>ActivateWindow(systeminfo)</onclick>
			<property name="path">ActivateWindow(systeminfo)</property>
			<visible>StringCompare(System.ProfileName,Master user)</visible>
			<property name="group">settings</property>
		</item>
		<item id="9">
			<label>$LOCALIZE[7]</label>
			<label2>Common Shortcut</label2>
			<icon>home/DefaultShortcut.png</icon>
			<thumb />
			<property name="labelID">7</property>
			<property name="defaultID">7</property>
			<onclick>ActivateWindow(filemanager)</onclick>
			<property name="path">ActivateWindow(filemanager)</property>
			<visible>StringCompare(System.ProfileName,Master user)</visible>
			<property name="group">settings</property>
		</item>
	</include>
	<include name="skinshortcuts-group-alt-settings">
		<item id="1">
			<label>$LOCALIZE[480]</label>
			<label2>Common Shortcut</label2>
			<icon>home/DefaultShortcut.png</icon>
			<thumb />
			<property name="labelID">480</property>
			<property name="defaultID">480</property>
			<onclick>ActivateWindow(appearancesettings)</onclick>
			<property name="path">ActivateWindow(appearancesettings)</property>
			<visible>StringCompare(System.ProfileName,Master user) + [StringCompare(Window(10000).Property(submenuVisibility),settings)]</visible>
			<property name="isSubmenu">True</property>
			<property name="group">settings</property>
		</item>
		<item id="2">
			<label>$LOCALIZE[3]</label>
			<label2>Common Shortcut</label2>
			<icon>home/DefaultShortcut.png</icon>
			<thumb />
			<property name="labelID">3</property>
			<property name="defaultID">3</property>
			<onclick>ActivateWindow(videossettings)</onclick>
			<property name="path">ActivateWindow(videossettings)</property>
			<visible>StringCompare(System.ProfileName,Master user) + [StringCompare(Window(10000).Property(submenuVisibility),settings)]</visible>
			<property name="isSubmenu">True</property>
			<property name="group">settings</property>
		</item>
		<item id="3">
			<label>$LOCALIZE[2]</label>
			<label2>Common Shortcut</label2>
			<icon>home/DefaultShortcut.png</icon>
			<thumb />
			<property name="labelID">2</property>
			<property name="defaultID">2</property>
			<onclick>ActivateWindow(musicsettings)</onclick>
			<property name="path">ActivateWindow(musicsettings)</property>
			<visible>StringCompare(System.ProfileName,Master user) + [StringCompare(Window(10000).Property(submenuVisibility),settings)]</visible>
			<property name="isSubmenu">True</property>
			<property name="group">settings</property>
		</item>
		<item id="4">
			<label>$LOCALIZE[24001]</label>
			<label2>Common Shortcut</label2>
			<icon>home/DefaultShortcut.png</icon>
			<thumb />
			<property name="labelID">24001</property>
			<property name="defaultID">24001</property>
			<onclick>ActivateWindow(addonbrowser)</onclick>
			<property name="path">ActivateWindow(addonbrowser)</property>
			<visible>StringCompare(System.ProfileName,Master user) + [StringCompare(Window(10000).Property(submenuVisibility),settings)]</visible>
			<property name="isSubmenu">True</property>
			<property name="group">settings</property>
		</item>
		<item id="5">
			<label>$LOCALIZE[1]</label>
			<label2>Common Shortcut</label2>
			<icon>home/DefaultShortcut.png</icon>
			<thumb />
			<property name="labelID">1</property>
			<property name="defaultID">1</property>
			<onclick>ActivateWindow(picturessettings)</onclick>
			<property name="path">ActivateWindow(picturessettings)</property>
			<visible>StringCompare(System.ProfileName,Master user) + [StringCompare(Window(10000).Property(submenuVisibility),settings)]</visible>
			<property name="isSubmenu">True</property>
			<property name="group">settings</property>
		</item>
		<item id="6">
			<label>$LOCALIZE[13000]</label>
			<label2>Common Shortcut</label2>
			<icon>home/DefaultShortcut.png</icon>
			<thumb />
			<property name="labelID">13000</property>
			<property name="defaultID">13000</property>
			<onclick>ActivateWindow(systemsettings)</onclick>
			<property name="path">ActivateWindow(systemsettings)</property>
			<visible>StringCompare(System.ProfileName,Master user) + [StringCompare(Window(10000).Property(submenuVisibility),settings)]</visible>
			<property name="isSubmenu">True</property>
			<property name="group">settings</property>
		</item>
		<item id="7">
			<label>$LOCALIZE[14036]</label>
			<label2>Common Shortcut</label2>
			<icon>home/DefaultShortcut.png</icon>
			<thumb />
			<property name="labelID">14036</property>
			<property name="defaultID">14036</property>
			<onclick>ActivateWindow(servicesettings)</onclick>
			<property name="path">ActivateWindow(servicesettings)</property>
			<visible>StringCompare(System.ProfileName,Master user) + [StringCompare(Window(10000).Property(submenuVisibility),settings)]</visible>
			<property name="isSubmenu">True</property>
			<property name="group">settings</property>
		</item>
		<item id="8">
			<label>$LOCALIZE[130]</label>
			<label2>Common Shortcut</label2>
			<icon>home/DefaultShortcut.png</icon>
			<thumb />
			<property name="labelID">130</property>
			<property name="defaultID">130</property>
			<onclick>ActivateWindow(systeminfo)</onclick>
			<property name="path">ActivateWindow(systeminfo)</property>
			<visible>StringCompare(System.ProfileName,Master user) + [StringCompare(Window(10000).Property(submenuVisibility),settings)]</visible>
			<property name="isSubmenu">True</property>
			<property name="group">settings</property>
		</item>
		<item id="9">
			<label>$LOCALIZE[7]</label>
			<label2>Common Shortcut</label2>
			<icon>home/DefaultShortcut.png</icon>
			<thumb />
			<property name="labelID">7</property>
			<property name="defaultID">7</property>
			<onclick>ActivateWindow(filemanager)</onclick>
			<property name="path">ActivateWindow(filemanager)</property>
			<visible>StringCompare(System.ProfileName,Master user) + [StringCompare(Window(10000).Property(submenuVisibility),settings)]</visible>
			<property name="isSubmenu">True</property>
			<property name="group">settings</property>
		</item>
	</include>
	<include name="skinshortcuts-group-filemanager" />
	<include name="skinshortcuts-group-alt-filemanager" />
	<include name="skinshortcuts-group-33060" />
	<include name="skinshortcuts-group-alt-33060" />
</includes>
