<?xml version="1.0" encoding="UTF-8" standalone="yes"?>
<addon id="repository.kemix" name="kemix Repo" version="1.0.2s" provider-name="kemix">
	<extension point="xbmc.addon.repository" name="kemix Repo">
		<info compressed="false">https://raw.githubusercontent.com/mystikxkemix/kemix-addons/master/addons.xml</info>
		<checksum>https://raw.githubusercontent.com/mystikxkemix/kemix-addons/master/addons.xml.md5</checksum>
		<datadir zip="true">https://raw.githubusercontent.com/mystikxkemix/kemix-addons/master/zip/</datadir>
	</extension>
	<extension point="xbmc.addon.metadata">
		<language>en</language>
		<summary lang="en">Kemixs add-ons</summary>
		<description lang="en">All Kemixs add-ons</description>
		<disclaimer lang="en"></disclaimer>
		<platform>all</platform>
		<source>https://github.com/mystikxkemix/kemix-addons</source>
	</extension>
</addon>
