<?xml version="1.0" encoding="UTF-8"?>
<!-- Foundation -->
<window id="6">
    <defaultcontrol always="true">52</defaultcontrol>
    <allowoverlay>yes</allowoverlay>
    <views>52,500</views>
    <controls>

        <include>GlobalBackground</include>
        <include>View_52_BigList</include>
        <include>View_500_Thumbnails</include>
        <include>Furniture_NowPlaying</include>
        <include>Furniture_Header</include>
        <include>Furniture_Clock</include>
        <include>Furniture_Flags</include>
        
        
        <control type="group">
            <include>Animation.FadeIn</include>
            <include>Animation.FadeOut</include>
            <visible>ControlGroup(9000).HasFocus()</visible>
            <include>GlobalOverlay</include>
        </control>
        <control type="group">
            <include>Def9000Background</include>
            <include>Def9000Arrows</include>
            <control type="grouplist" id="9000">
                <onleft>52</onleft>
                <onright>52</onright>
                <onback>52</onback>
                <include>Def9000GroupList</include>

                <control type="button" id="2">
                    <description>View</description>
                    <include>DefContextButton</include>
                    <align>left</align>
                </control>

                <control type="button" id="3">
                    <description>Sort</description>
                    <include>DefContextButton</include>
                    <align>left</align>
                </control>

                <control type="togglebutton" id="4">
                    <description>Ascending</description>
                    <include>DefContextButton</include>
                    <align>left</align>
                    <label>584</label>
                    <altlabel>585</altlabel>
                </control>
                
                <control type="radiobutton" id="20">
                    <description>Shuffle</description>
                    <include>DefContextButton</include>
                    <align>left</align>
                    <label>191</label>
                </control>
                
                <control type="button" id="26">
                    <description>Repeat</description>
                    <include>DefContextButton</include>
                    <align>left</align>
                    <label>486</label>
                </control>
                
                <control type="button" id="21">
                    <description>Save</description>
                    <include>DefContextButton</include>
                    <align>left</align>
                    <label>190</label>
                </control>

                <control type="button" id="22">
                    <description>Clear</description>
                    <include>DefContextButton</include>
                    <align>left</align>
                    <label>192</label>
                </control>

                <control type="button" id="23">
                    <description>Play</description>
                    <include>DefContextButton</include>
                    <align>left</align>
                    <label>208</label>
                </control>

            </control>
        </control>
    </controls>

</window>
