<?xml version="1.0" encoding="UTF-8"?>
<!-- Foundation -->
<window type="dialog" id="400">
    <defaultcontrol always="true">300</defaultcontrol>
    <allowoverlay>yes</allowoverlay>
    <visible>Window.IsActive(PlayerControls) + !Window.IsVisible(home) + !Window.IsVisible(fullscreenvideo) + !Window.IsVisible(musicvisualisation) + !Window.IsVisible(script-cu-lrclyrics-main.xml)</visible>

    <controls>
        <control type="group">
            <visible>Window.IsActive(PlayerControls) + !Window.IsVisible(home) + !Window.IsVisible(fullscreenvideo) + !Window.IsVisible(musicvisualisation) + !Window.IsVisible(script-cu-lrclyrics-main.xml)</visible>
            <include>GlobalOverlay</include>
        </control>
        

        <!-- Home Row -->
        <control type="group">
            <visible>Window.IsActive(PlayerControls) + !Window.IsVisible(home) + !Window.IsVisible(fullscreenvideo) + !Window.IsVisible(musicvisualisation) + !Window.IsVisible(script-cu-lrclyrics-main.xml)</visible>
            <animation effect="slide" start="0" end="0,250" time="150" condition="Control.HasFocus(301) | ControlGroup(303).HasFocus()">Conditional</animation>
            <animation effect="slide" start="0" end="0,250" time="150">WindowClose</animation>
            <animation effect="slide" end="0" start="0,250" time="150">WindowOpen</animation>
            <control type="image" description="BottomBG">
                <width>100%</width>
                <height>220</height>
                <bottom>0</bottom>
                <aspectratio aligny="bottom">scale</aspectratio>
                <texture colordiffuse="Background">common/bg.jpg</texture>
                <animation effect="fade" start="100" end="75" time="200" condition="true">Conditional</animation>
            </control>
            <control type="image" description="FanartOverlay">
                <width>100%</width>
                <height>210</height>
                <bottom>0</bottom>
                <aspectratio aligny="bottom">scale</aspectratio>
                <texture colordiffuse="FloorFade">common/floor.png</texture>
            </control>
            <control type="image" description="Shadow">
                <width>100%</width>
                <height>16</height>
                <bottom>220</bottom>
                <texture flipy="true">common/shadow16B.png</texture>
            </control>
            <include>Furniture_Clock</include>
            <control type="image">
                <visible>IntegerGreaterThan(Container(300).NumItems,6)</visible>
                <top>962</top>
                <left>32</left>
                <width>16</width>
                <height>16</height>
                <texture colordiffuse="Dark2" flipx="true">common/arrow-small-right.png</texture>
            </control>
            <control type="image">
                <visible>IntegerGreaterThan(Container(300).NumItems,6)</visible>
                <top>962</top>
                <right>470</right>
                <width>16</width>
                <height>16</height>
                <texture colordiffuse="Dark2" flipx="false">common/arrow-small-right.png</texture>
            </control>
            <control type="list" id="300">
                <include>Animation.FadeIn.Delay</include>
                <include>Animation.FadeOut</include>
                <description>Home Wraplist</description>
                <left>SidePad</left>
                <right>520</right>
                <onup>Close</onup>
                <ondown condition="IntegerGreaterThan(Container(302).NumItems,0)">302</ondown>
                <onleft>300</onleft>
                <onright>300</onright>
                <orientation>horizontal</orientation>
                <scrolltime>200</scrolltime>
                <include condition="Skin.HasSetting(home.showicons)">HomeContentIcon</include>
                <include condition="!Skin.HasSetting(home.showicons)">HomeContentNoIcon</include>
            </control>
        
        </control>
        
        
        <!-- Sub Menu -->
        <control type="group">
            <animation type="Conditional" condition="Control.HasFocus(302)" reversible="false">
                <effect type="fade" start="0" end="100" time="250" delay="0" tween="cubic" easing="inout"/>
                <effect type="slide" start="0,48" end="0" center="auto" tween="back" easing="out" time="400" delay="0"/>
            </animation>
            
            <animation effect="fade" end="0" start="100" time="150" condition="!Control.HasFocus(302)" reversible="false">Conditional</animation>
            <include>Animation.FadeOut</include>
            <animation effect="slide" start="0" end="220" condition="Container(300).Position(1)">Conditional</animation>
            <animation effect="slide" start="0" end="440" condition="Container(300).Position(2)">Conditional</animation>
            <animation effect="slide" start="0" end="660" condition="Container(300).Position(3)">Conditional</animation>
            <animation effect="slide" start="0" end="880" condition="Container(300).Position(4)">Conditional</animation>
            <animation effect="slide" start="0" end="1100" condition="Container(300).Position(5)">Conditional</animation>
            
            <animation effect="slide" end="0,70" condition="!IntegerGreaterThan(Container(302).NumItems,5)">Conditional</animation>
            <animation effect="slide" end="0,70" condition="!IntegerGreaterThan(Container(302).NumItems,4)">Conditional</animation>
            <animation effect="slide" end="0,70" condition="!IntegerGreaterThan(Container(302).NumItems,3)">Conditional</animation>
            <animation effect="slide" end="0,70" condition="!IntegerGreaterThan(Container(302).NumItems,2)">Conditional</animation>
            <animation effect="slide" end="0,70" condition="!IntegerGreaterThan(Container(302).NumItems,1)">Conditional</animation>
            
            <animation effect="slide" start="0" end="0,250" time="150" condition="Control.HasFocus(301) | ControlGroup(303).HasFocus()">Conditional</animation>
            <animation effect="slide" start="0" end="0,250" time="150">WindowClose</animation>
            <animation effect="slide" end="0" start="0,250" time="150">WindowOpen</animation>
            <posy>460</posy>
            <centerleft>190</centerleft>
            <width>316</width>
            <height>452</height>
            <control type="image">
                <description>6 Option Menu</description>
                <width>100%</width>
                <height>452</height>
                <texture border="16" colordiffuse="Background">common/rounded-shadow8.png</texture>
                <visible>IntegerGreaterThan(Container(302).NumItems,5)</visible>
            </control>
            <control type="image">
                <description>5 Option Menu</description>
                <width>100%</width>
                <height>382</height>
                <texture border="16" colordiffuse="Background">common/rounded-shadow8.png</texture>
                <visible>IntegerGreaterThan(Container(302).NumItems,4) + !IntegerGreaterThan(Container(302).NumItems,5)</visible>
            </control>
            <control type="image">
                <description>4 Option Menu</description>
                <width>100%</width>
                <height>312</height>
                <texture border="16" colordiffuse="Background">common/rounded-shadow8.png</texture>
                <visible>IntegerGreaterThan(Container(302).NumItems,3) + !IntegerGreaterThan(Container(302).NumItems,4)</visible>
            </control>
            <control type="image">
                <description>3 Option Menu</description>
                <width>100%</width>
                <height>242</height>
                <texture border="16" colordiffuse="Background">common/rounded-shadow8.png</texture>
                <visible>IntegerGreaterThan(Container(302).NumItems,2) + !IntegerGreaterThan(Container(302).NumItems,3)</visible>
            </control>
            <control type="image">
                <description>2 Option Menu</description>
                <width>100%</width>
                <height>172</height>
                <texture border="16" colordiffuse="Background">common/rounded-shadow8.png</texture>
                <visible>IntegerGreaterThan(Container(302).NumItems,1) + !IntegerGreaterThan(Container(302).NumItems,2)</visible>
            </control>
            <control type="image">
                <description>1 Option Menu</description>
                <width>100%</width>
                <height>102</height>
                <texture border="16" colordiffuse="Background">common/rounded-shadow8.png</texture>
                <visible>!IntegerGreaterThan(Container(302).NumItems,1)</visible>
            </control>
            <control type="list" id="302">
                <include>Animation.FadeIn.Delay</include>
                <include>Animation.FadeOut</include>
                <top>16</top>
                <bottom>16</bottom>
                <left>8</left>
                <right>8</right>
                <onup>302</onup>
                <ondown>302</ondown>
                <onleft>300</onleft>
                <onright>300</onright>
                <onback>300</onback>
                <orientation>vertical</orientation>
                <scrolltime>200</scrolltime>

                <itemlayout width="300" height="70">
                   
                  
                    <control type="label">
                        <align>center</align>
                        <aligny>center</aligny>
                        <width>100%</width>
                        <centertop>50%</centertop>
                        <height>100%</height>
                        <textcolor>Dark2</textcolor>
                        <include>DefContextButton</include>
                        <label>$INFO[ListItem.Label]</label>
                    </control>
             
                    
                </itemlayout>

                <focusedlayout width="300" height="70">
                   
                    <control type="image">
                        <width>100%</width>
                        <height>100%</height>
                        <texture colordiffuse="Highlight">common/white.png</texture>
                    </control>
                    <control type="label">
                        <align>center</align>
                        <aligny>center</aligny>
                        <width>100%</width>
                        <centertop>50%</centertop>
                        <height>100%</height>
                        <textcolor>White100</textcolor>
                        <include>DefContextButton</include>
                        <label>$INFO[ListItem.Label]</label>
                    </control>
                    
                    
             
                </focusedlayout>

                <content>
                    <include>skinshortcuts-submenu</include>
                </content>
            </control>
        
        </control>
 
    </controls>

</window>
