<?xml version="1.0" encoding="UTF-8"?>
<window id="603">
    <defaultcontrol>10</defaultcontrol>
    <controls>
        <include>GlobalOverlay</include>

        <control type="group">
            <include>DefDialogBackground</include>
            
            <control type="label" id="20">
                <include>DefDialogHeader</include>
                <label>$ADDON[pvr.wmc 30100]</label>
            </control>
  
            <control type="grouplist" id="9002">
                <description>Control Area</description>
                <left>38</left>
                <right>38</right>
                <posy>90</posy>
                <height>690</height>
                <itemgap>3</itemgap>
                <onup>1</onup>
                <ondown>1</ondown>
                <onleft>1</onleft>
                <onright>2</onright>
                <orientation>vertical</orientation>
                <control type="radiobutton" id="10">
                    <radioposx>946</radioposx>
                    <texturefocus colordiffuse="Highlight" border="8">common/box.png</texturefocus>
                    <align>left</align>
                    <label>$ADDON[pvr.wmc 30101]</label>
                </control>
                <control type="radiobutton" id="11">
                    <radioposx>946</radioposx>
                    <texturefocus colordiffuse="Highlight" border="8">common/box.png</texturefocus>
                    <align>left</align>
                    <label>$ADDON[pvr.wmc 30102]</label>
                </control>
                <control type="spincontrolex" id="12">
                    <description>Default spincontrolex</description>
                    <texturefocus colordiffuse="Highlight" border="8">common/box.png</texturefocus>
                    <align>left</align>
                    <label>$ADDON[pvr.wmc 30103]</label>
                </control>
                <control type="spincontrolex" id="13">
                    <texturefocus colordiffuse="Highlight" border="8">common/box.png</texturefocus>
                    <align>left</align>
                    <label>$ADDON[pvr.wmc 30107]</label>
                </control>
                <control type="spincontrolex" id="14">
                    <texturefocus colordiffuse="Highlight" border="8">common/box.png</texturefocus>
                    <align>left</align>
                    <label>$ADDON[pvr.wmc 30110]</label>
                </control>
            </control>

            <control type="button" id="1">
                <description>Ok</description>
                <centerleft>33%</centerleft>
                <bottom>30</bottom>
                <width>300</width>
                <label>186</label>
                <onleft>1</onleft>
                <onright>1</onright>
                <onup>5</onup>
                <ondown>5</ondown>
                <texturefocus colordiffuse="Highlight" border="5">common/box.png</texturefocus>
                <texturenofocus colordiffuse="Black12" border="5">common/box.png</texturenofocus>
                <include>DefDialogButtons</include>
            </control>

            <control type="button" id="2">
                <description>Cancel</description>
                <centerright>33%</centerright>
                <bottom>30</bottom>
                <width>300</width>
                <label>222</label>
                <onleft>2</onleft>
                <onright>2</onright>
                <onup>5</onup>
                <ondown>5</ondown>
                <texturefocus colordiffuse="Highlight" border="5">common/box.png</texturefocus>
                <texturenofocus colordiffuse="Black12" border="5">common/box.png</texturenofocus>
                <include>DefDialogButtons</include>
            </control>

        </control>
    
    </controls>
</window>
