<?xml version='1.0' encoding='UTF-8'?>
<shortcuts>
	<shortcut>
		<defaultID>movies</defaultID>
		<label>342</label>
		<label2>Common Shortcut</label2>
		<icon>DefaultMovies.png</icon>
		<thumb />
		<action>ActivateWindow(Videos,MovieTitles,return)</action>
	</shortcut>
	<shortcut>
		<defaultID>tvshows</defaultID>
		<label>20343</label>
		<label2>Common Shortcut</label2>
		<icon>DefaultTVShows.png</icon>
		<thumb />
		<action>ActivateWindow(Videos,TVShowTitles,return)</action>
	</shortcut>
	<shortcut>
		<defaultID>videos</defaultID>
		<label>10006</label>
		<label2>Common Shortcut</label2>
		<icon>DefaultVideo.png</icon>
		<thumb />
		<action>ActivateWindow(Videos,root)</action>
	</shortcut>
	<shortcut>
		<defaultID>music</defaultID>
		<label>10005</label>
		<label2>Common Shortcut</label2>
		<icon>DefaultMusicAlbums.png</icon>
		<thumb />
		<action>ActivateWindow(Music,root)</action>
	</shortcut>
	<shortcut>
		<defaultID>pictures</defaultID>
		<label>10002</label>
		<label2>Common Shortcut</label2>
		<icon>DefaultPicture.png</icon>
		<thumb />
		<action>ActivateWindow(Pictures)</action>
	</shortcut>
	<shortcut>
		<defaultID>myosmc</defaultID>
		<label>My OSMC</label>
		<label2>Custom shortcut</label2>
		<icon>home/DefaultOSMC.png</icon>
		<thumb />
		<action>RunScript(service.osmc.settings)</action>
	</shortcut>
	<shortcut>
		<defaultID>1036</defaultID>
		<label>1036</label>
		<label2>Common Shortcut</label2>
		<icon>home/DefaultFavourites.png</icon>
		<thumb />
		<action>ActivateWindow(Favourites)</action>
	</shortcut>
	<shortcut>
		<defaultID>programs</defaultID>
		<label>10001</label>
		<label2>Common Shortcut</label2>
		<icon>DefaultProgram.png</icon>
		<thumb />
		<action>ActivateWindow(Programs,Addons,return)</action>
	</shortcut>
	<shortcut>
		<defaultID>weather</defaultID>
		<label>12600</label>
		<label2>Common Shortcut</label2>
		<icon>home/DefaultWeather.png</icon>
		<thumb />
		<action>ActivateWindow(Weather)</action>
	</shortcut>
	<shortcut>
		<defaultID>livetv</defaultID>
		<label>32022</label>
		<label2>Common Shortcut</label2>
		<icon>home/DefaultLiveTV.png</icon>
		<thumb />
		<action>ActivateWindow(TVGuide)</action>
	</shortcut>
	<shortcut>
		<defaultID>radio</defaultID>
		<label>32087</label>
		<label2>Common Shortcut</label2>
		<icon>home/DefaultRadio.png</icon>
		<thumb />
		<action>ActivateWindow(RadioGuide)</action>
	</shortcut>
	<shortcut>
		<defaultID>settings</defaultID>
		<label>10004</label>
		<label2>Common Shortcut</label2>
		<icon>home/DefaultSettings.png</icon>
		<thumb />
		<action>ActivateWindow(Settings)</action>
	</shortcut>
	<shortcut>
		<defaultID>power</defaultID>
		<label>33060</label>
		<label2>Common Shortcut</label2>
		<icon>home/DefaultPower.png</icon>
		<thumb />
		<action>ActivateWindow(shutdownmenu)</action>
	</shortcut>
</shortcuts>