<?xml version="1.0" encoding="UTF-8"?>
<window>
	<!-- pvrguidesearch -->
	<defaultcontrol always="true">29</defaultcontrol>
	<include>DialogAnimation</include>

	<controls>

		<!-- Background -->
		<include>DialogBackgroundImage_old</include>

		<!-- Heading -->
		<control type="label">
			<left>150</left>
			<top>96</top>
			<width>1620</width>
			<height>72</height>
			<font>XLarge</font>
			<label>19142</label>
		</control>

		<!-- Control group -->
		<control type="grouplist" id="5">
			<left>360</left>
			<top>228</top>
			<width>1200</width>
			<height>726</height>
			<onup>noop</onup>
			<ondown>9000</ondown>
			<onleft>noop</onleft>
			<onright>noop</onright>
			<itemgap>0</itemgap>
			<orientation>vertical</orientation>
		</control>

		<!-- Default button -->
		<control type="button" id="7">
			<width>1200</width>
			<height>66</height>
		</control>

		<!-- Default radiobutton -->
		<control type="radiobutton" id="8">
			<width>1200</width>
			<height>66</height>
			<textwidth>1120</textwidth>
		</control>

		<!-- Default spincontrolex -->
		<control type="spincontrolex" id="9">
			<width>1200</width>
			<height>66</height>
			<textwidth>1120</textwidth>
		</control>

		<!-- Default slider -->
		<control type="sliderex" id="13">
			<width>1200</width>
			<height>66</height>
		</control>

		<!-- Default label -->
		<control type="label" id="7">
			<width>1200</width>
			<height>66</height>
			<label>-</label>
		</control>

		<!-- Default seperator -->
		<control type="image" id="11">
			<width>1200</width>
			<height>20</height>
			<texture border="1,12,1,1" colordiffuse="ColorHeading">common/ScrollBackgroundHorizontal.png</texture>
		</control>

		<!-- Default edit -->
		<control type="edit" id="12">
			<textoffsetx>20</textoffsetx>
			<textwidth>1120</textwidth>
			<texturefocus>dialogs/DialogTextBackground.png</texturefocus>
			<texturenofocus>-</texturenofocus>
		</control>

		<!-- Button grouplist -->
		<control type="grouplist" id="9000">
			<left>150</left>
			<top>954</top>
			<width>1620</width>
			<height>66</height>
			<itemgap>0</itemgap>
			<onleft>noop</onleft>
			<onright>noop</onright>
			<onup>5</onup>
			<ondown>noop</ondown>
			<orientation>horizontal</orientation>

			<!-- Search Button -->
			<control type="button" id="28">
				<width>400</width>
				<label>137</label>
			</control>

			<!-- Cancel Button -->
			<control type="button" id="29">
				<width>400</width>
				<label>222</label>
			</control>

		</control>

	</controls>

</window>