<?xml version="1.0" encoding="UTF-8"?>
<window>
	<!-- musicoverlay -->
	<animation effect="fade" start="0" end="100" time="100">WindowOpen</animation>
	<animation effect="fade" start="100" end="0" time="100">WindowClose</animation>
	<controls>
		<!-- Cover -->
		<control type="image">
			<left>50</left>
			<bottom>50</bottom>
			<width>70</width>
			<height>70</height>
			<aspectratio>scale</aspectratio>
			<texture>$VAR[NowPlayingMusicImage]</texture>
		</control>
		<!-- Title -->
		<control type="label">
			<left>140</left>
			<bottom>84</bottom>
			<width>720</width>
			<height>30</height>
			<font>XSmall</font>
			<textcolor>ColorHeading</textcolor>
			<label>$INFO[MusicPlayer.Title]</label>
		</control>
		<!-- Details -->
		<control type="label">
			<left>140</left>
			<bottom>48</bottom>
			<width>720</width>
			<height>28</height>
			<font>XSmall</font>
			<textcolor>ColorDetails</textcolor>
			<label>$INFO[MusicPlayer.Artist] / $INFO[MusicPlayer.Album]</label>
		</control>
		<control type="button" id="3001">
			<left>50</left>
			<bottom>50</bottom>
			<width>70</width>
			<height>70</height>
			<font>-</font>
			<onclick>ActivateWindow(musicplaylist)</onclick>
			<texturenofocus>-</texturenofocus>
			<texturefocus border="3" colordiffuse="ColorFO">common/white_border.png</texturefocus>
		</control>
	</controls>
</window>