<?xml version="1.0" encoding="utf-8"?>
<window>
	<!-- settingscategory -->
	<backgroundcolor>3</backgroundcolor>
	<controls>
		<!-- Background -->
		<include>WindowBackground</include>
		<!-- Heading -->
		<include>Heading</include>
		<!-- Time -->
		<include>Time</include>
		<!-- Main controls -->
		<control type="group">
			<include>WindowFadeAnimation</include>
			<!-- Previous item -->
			<control type="image">
				<left>140</left>
				<top>136</top>
				<width>40</width>
				<height>4</height>
				<texture colordiffuse="ColorSelected">common/white.png</texture>
				<visible>Container(3).HasPrevious</visible>
			</control>
			<!-- Main list -->
			<control type="grouplist" id="3">
				<left>140</left>
				<top>140</top>
				<width>480</width>
				<height>702</height>
				<itemgap>0</itemgap>
				<onleft>noop</onleft>
				<onright>5</onright>
				<onup>noop</onup>
				<ondown>20</ondown>
				<orientation>vertical</orientation>
			</control>
			<!-- Default group button -->
			<control type="button" id="10">
				<width>480</width>
				<height>78</height>
				<font>XLarge</font>
				<onclick>SetFocus(5)</onclick>
				<textcolor>ColorNF</textcolor>
				<focusedcolor>$VAR[SettingButtonColor]</focusedcolor>
				<colorinvalid>ColorInvalid</colorinvalid>
				<colordisabled>ColorDisabled</colordisabled>
			</control>
			<!-- Next item -->
			<control type="image">
				<left>140</left>
				<top>920</top>
				<width>40</width>
				<height>4</height>
				<texture colordiffuse="ColorSelected">common/white.png</texture>
				<visible>Container(3).HasNext</visible>
			</control>
			<control type="group">
				<left>660</left>
				<top>140</top>
				<!-- Previous item -->
				<control type="image">
					<top>-4</top>
					<width>40</width>
					<height>4</height>
					<texture colordiffuse="ColorSelected">common/white.png</texture>
					<visible>Container(5).HasPrevious</visible>
				</control>
				<!-- Sub list -->
				<control type="grouplist" id="5">
					<width>1120</width>
					<height>585</height>
					<itemgap>0</itemgap>
					<onleft>3</onleft>
					<onright>noop</onright>
					<onup>noop</onup>
					<ondown>noop</ondown>
					<orientation>vertical</orientation>
				</control>
				<!-- Default button -->
				<control type="button" id="7">
					<width>1120</width>
					<height>65</height>
					<font>Small</font>
					<textwidth>1020</textwidth>
					<textcolor>ColorNF</textcolor>
					<focusedcolor>ColorFO</focusedcolor>
					<colorinvalid>ColorInvalid</colorinvalid>
					<colordisabled>ColorDisabled</colordisabled>
				</control>
				<!-- Default radiobutton -->
				<control type="radiobutton" id="8">
					<width>1120</width>
					<height>65</height>
					<font>Small</font>
					<textwidth>1020</textwidth>
					<textcolor>ColorNF</textcolor>
					<focusedcolor>ColorFO</focusedcolor>
					<colordisabled>ColorDisabled</colordisabled>
				</control>
				<!-- Default spincontrolex -->
				<control type="spincontrolex" id="9">
					<width>1120</width>
					<height>65</height>
					<font>Small</font>
					<textwidth>1020</textwidth>
					<textcolor>ColorNF</textcolor>
					<focusedcolor>ColorFO</focusedcolor>
					<colordisabled>ColorDisabled</colordisabled>
				</control>
				<!-- Default sliderex -->
				<control type="sliderex" id="13">
					<width>1120</width>
					<height>65</height>
					<font>Small</font>
					<textwidth>1020</textwidth>
					<textcolor>ColorNF</textcolor>
					<focusedcolor>ColorFO</focusedcolor>
					<colordisabled>ColorDisabled</colordisabled>
				</control>
				<!-- Default image -->
				<control type="image" id="11">
					<width>1120</width>
					<height>4</height>
					<texture colordiffuse="ColorSelected">common/white.png</texture>
				</control>
				<!-- Next item -->
				<control type="image">
					<top>588</top>
					<width>40</width>
					<height>4</height>
					<texture colordiffuse="ColorSelected">common/white.png</texture>
					<visible>Container(5).HasNext</visible>
				</control>
				<!-- Settings description -->
				<control type="textbox" id="6">
					<top>628</top>
					<width>1120</width>
					<height max="158">auto</height>
					<font>XSmall</font>
					<aligny>bottom</aligny>
					<textcolor>ColorDetails</textcolor>
					<visible>!Control.HasFocus(20)</visible>
				</control>
				<control type="textbox">
					<top>628</top>
					<width>1120</width>
					<height max="158">auto</height>
					<label>10047</label>
					<font>XSmall</font>
					<textcolor>ColorDetails</textcolor>
					<visible>Control.HasFocus(20)</visible>
				</control>
			</control>
			<!-- Settings level button -->
			<control type="button" id="20">
				<left>140</left>
				<top>842</top>
				<width>480</width>
				<height>78</height>
				<font>XLarge</font>
				<label>10037</label>
				<onleft>noop</onleft>
				<onright>noop</onright>
				<onup>3</onup>
				<ondown>noop</ondown>
				<onclick>SettingsLevelChange</onclick>
				<textcolor>ColorNF</textcolor>
				<focusedcolor>ColorFO</focusedcolor>
				<colorinvalid>ColorInvalid</colorinvalid>
				<colordisabled>ColorDisabled</colordisabled>
			</control>
		</control>
	</controls>
</window>