<?xml version="1.0" encoding="UTF-8"?>
<window>
	<!-- profiles -->
	<backgroundcolor>0</backgroundcolor>
	<defaultcontrol always="true">4</defaultcontrol>

	<controls>

		<!-- Background -->
		<include>WindowBackground</include>

		<!-- Curve -->
		<control type="image">
			<right>20</right>
			<top>20</top>
			<width>1520</width>
			<height>1040</height>
			<texture border="40,0,0,0">common/Curve.png</texture>
			<visible>Skin.HasSetting(ShowCurve)</visible>
		</control>

		<!-- Curve -->
		<control type="image">
			<right>20</right>
			<top>20</top>
			<width>1172</width>
			<height>1040</height>
			<texture border="40,0,0,0">common/Curve.png</texture>
			<visible>Skin.HasSetting(ShowCurve)</visible>
		</control>

		<!-- Time -->
		<include>Time</include>

		<!-- Dummy list -->
		<control type="grouplist" id="9000">
			<left>120</left>
			<top>240</top>
			<width>300</width>
			<height>870</height>
			<itemgap>34</itemgap>
			<orientation>vertical</orientation>

			<!-- Appearance -->
			<control type="button">
				<width>300</width>
				<height>42</height>
				<label>480</label>
				<font>Large</font>
				<textcolor>ColorDetails</textcolor>
			</control>
			<!-- Videos -->
			<control type="button">
				<width>300</width>
				<height>42</height>
				<label>3</label>
				<font>Large</font>
				<textcolor>ColorDetails</textcolor>
			</control>
			<!-- Music -->
			<control type="button">
				<width>300</width>
				<height>42</height>
				<label>2</label>
				<font>Large</font>
				<textcolor>ColorDetails</textcolor>
			</control>
			<!-- Pictures -->
			<control type="button">
				<width>300</width>
				<height>42</height>
				<label>1</label>
				<font>Large</font>
				<textcolor>ColorDetails</textcolor>
			</control>
			<!-- Weather -->
			<control type="button">
				<width>300</width>
				<height>42</height>
				<label>8</label>
				<font>Large</font>
				<textcolor>ColorDetails</textcolor>
			</control>
			<!-- System -->
			<control type="button">
				<width>300</width>
				<height>42</height>
				<label>13000</label>
				<font>Large</font>
				<textcolor>ColorDetails</textcolor>
			</control>
			<!-- Service -->
			<control type="button">
				<width>300</width>
				<height>42</height>
				<label>14036</label>
				<font>Large</font>
				<textcolor>ColorDetails</textcolor>
			</control>
			<!-- PVR -->
			<control type="button">
				<width>300</width>
				<height>42</height>
				<label>31015</label>
				<font>Large</font>
				<textcolor>ColorDetails</textcolor>
			</control>
			<!-- System info -->
			<control type="button">
				<width>300</width>
				<height>42</height>
				<label>130</label>
				<font>Large</font>
				<textcolor>ColorDetails</textcolor>
			</control>
			<!-- More -->
			<control type="button">
				<width>300</width>
				<height>42</height>
				<label>22082</label>
				<font>Large</font>
				<textcolor>ColorFO</textcolor>
			</control>

		</control>

		<!-- Main list -->
		<control type="grouplist" id="50">
			<left>480</left>
			<top>244</top>
			<width>1680</width>
			<height>726</height>
			<itemgap>34</itemgap>
			<onleft>ReplaceWindow(settings)</onleft>
			<onright>noop</onright>
			<onup>noop</onup>
			<ondown>noop</ondown>
			<orientation>vertical</orientation>

			<!-- Addons -->
			<control type="button">
				<width>970</width>
				<height>42</height>
				<font>Small</font>
				<label>24001</label>
				<textcolor>ColorDetails</textcolor>
			</control>
			<!-- Profiles -->
			<control type="button">
				<width>970</width>
				<height>42</height>
				<font>Small</font>
				<label>13200</label>
				<textcolor>ColorFO</textcolor>
			</control>
			<!-- File manager -->
			<control type="button">
				<width>970</width>
				<height>42</height>
				<font>Small</font>
				<label>7</label>
				<textcolor>ColorDetails</textcolor>
			</control>
			<!-- Settings level -->
			<control type="button">
				<width>300</width>
				<height>42</height>
				<label>31016</label>
				<font>Small</font>
				<textcolor>ColorDetails</textcolor>
			</control>

		</control>

		<!-- Main list indicator -->
		<control type="image">
			<left>442</left>
			<top>248</top>
			<width>20</width>
			<height>60</height>
			<colordiffuse>ColorFO</colordiffuse>
			<texture border="6,1,8,1">common/ScrollBackground.png</texture>
			<animation effect="fade" start="100" end="50" time="0" condition="true">Conditional</animation>
		</control>

		<!-- Default list -->
		<control type="grouplist" id="500">
			<left>830</left>
			<top>244</top>
			<width>970</width>
			<height>194</height>
			<itemgap>34</itemgap>
			<onleft>ReplaceWindow(settings)</onleft>
			<onright>noop</onright>
			<onup>noop</onup>
			<ondown>2</ondown>
			<orientation>vertical</orientation>
			<usecontrolcoords>true</usecontrolcoords>
			<defaultcontrol always="true">4</defaultcontrol>
			<animation effect="fade" start="100" end="0" time="0" condition="!ControlGroup(500).HasFocus + !Control.HasFocus(2)">Conditional</animation>

			<!-- Enable login screen -->
			<control type="radiobutton" id="4">
				<width>970</width>
				<height>42</height>
				<font>Small</font>
				<textcolor>ColorHeading</textcolor>
				<focusedcolor>ColorFO</focusedcolor>
				<colordisabled>ColorDisabled</colordisabled>
				<label>20096</label>
			</control>

			<!-- Auto login -->
			<control type="button" id="5">
				<width>970</width>
				<height>42</height>
				<font>Small</font>
				<textcolor>ColorHeading</textcolor>
				<focusedcolor>ColorFO</focusedcolor>
				<colorinvalid>ColorInvalid</colorinvalid>
				<colordisabled>ColorDisabled</colordisabled>
				<label>33084</label>
				<enable>!System.HasLoginScreen</enable>
			</control>

			<!-- Separator -->
			<control type="image" id="6">
				<top>11</top>
				<width>970</width>
				<height>20</height>
				<texture border="1,12,1,1" colordiffuse="ColorHeading">common/ScrollBackgroundHorizontal.png</texture>
			</control>

		</control>

		<control type="list" id="2">
			<left>830</left>
			<top>454</top>
			<width>970</width>
			<height>456</height>
			<onleft>ReplaceWindow(settings)</onleft>
			<onright>noop</onright>
			<onup>500</onup>
			<ondown>noop</ondown>
			<orientation>vertical</orientation>
			<animation effect="fade" start="100" end="0" time="0" condition="!ControlGroup(500).HasFocus + !Control.HasFocus(2)">Conditional</animation>

			<itemlayout height="76" width="970">
				<control type="label">
					<width>900</width>
					<height>76</height>
					<font>Small</font>
					<label>$INFO[ListItem.Label]</label>
					<textcolor>ColorHeading</textcolor>
				</control>
				<control type="image">
					<left>898</left>
					<top>2</top>
					<width>72</width>
					<height>72</height>
					<colordiffuse>ColorHeading</colordiffuse>
					<texture fallback="DefaultUser.png">$INFO[ListItem.Icon]</texture>
				</control>
			</itemlayout>

			<focusedlayout height="76" width="970">
				<control type="label">
					<width>900</width>
					<height>76</height>
					<font>Small</font>
					<label>$INFO[ListItem.Label]</label>
					<textcolor>ColorFO</textcolor>
					<animation effect="fade" start="100" end="50" time="0" condition="!Control.HasFocus(2)">Conditional</animation>
				</control>
				<control type="image">
					<left>898</left>
					<top>2</top>
					<width>72</width>
					<height>72</height>
					<texture fallback="DefaultUser.png">$INFO[ListItem.Icon]</texture>
				</control>
			</focusedlayout>

		</control>

		<!-- Sub list indicator -->
		<control type="image">
			<left>792</left>
			<top>248</top>
			<width>20</width>
			<height>60</height>
			<colordiffuse>ColorFO</colordiffuse>
			<texture border="6,1,8,1">common/ScrollBackground.png</texture>
		</control>

	</controls>

</window>
