<?xml version="1.0" encoding="UTF-8"?>
<window>
	<!-- videoosd -->
	<defaultcontrol always="true">5</defaultcontrol>

	<controls>

		<control type="group">
			<left>150</left>
			<top>945</top>
			<width>1620</width>
			<height>60</height>
			<visible>!Window.IsVisible(VideoBookmarks) + !Window.IsVisible(DialogSettings.xml) + !Window.IsVisible(PVRChannelGuide) + !Window.IsVisible(pvrosdchannels) + !Window.IsVisible(teletext) + !Window.IsVisible(DialogSelect.xml) + !Window.IsVisible(DialogPVRInfo.xml)</visible>
			<animation type="Visible">
				<effect type="zoom" start="90" end="100" center="auto" tween="back" easing="out" time="200"/>
				<effect type="fade" start="0" end="100" time="200"/>
			</animation>
			<animation type="Hidden">
				<effect type="zoom" start="100" end="90" center="auto" easing="in" time="200"/>
				<effect type="fade" start="100" end="0" time="200"/>
			</animation>
			<control type="group">
				<animation type="WindowOpen">
					<effect type="zoom" start="90" end="100" center="auto" tween="back" easing="out" time="200"/>
					<effect type="fade" start="0" end="100" time="200"/>
				</animation>
				<animation type="WindowClose">
					<effect type="zoom" start="100" end="90" center="auto" easing="in" time="200"/>
					<effect type="fade" start="100" end="0" time="200"/>
				</animation>

				<!-- Background -->
				<control type="image">
					<width>1620</width>
					<height>60</height>
					<texture colordiffuse="$VAR[OverlayColor]">dialogs/Background.png</texture>
				</control>

				<!-- Controls -->
				<control type="grouplist">
					<width>540</width>
					<height>60</height>
					<itemgap>0</itemgap>
					<onleft>21</onleft>
					<onright>12</onright>
					<onup>30</onup>
					<ondown>30</ondown>
					<orientation>horizontal</orientation>

					<!-- Spacer -->
					<control type="image" id="40">
						<left>0</left>
						<top>0</top>
						<width>7</width>
						<height>60</height>
						<texture>transparent.png</texture>
					</control>

					<!-- Skip Back -->
					<control type="button" id="1">
						<width>9</width>
						<height>60</height>
						<onleft>2</onleft>
						<onright>4</onright>
						<texturefocus colordiffuse="$VAR[DialogColor1]">osd/OSDTrickBackwardEnd.png</texturefocus>
						<texturenofocus colordiffuse="$VAR[DialogColor2]">osd/OSDTrickBackwardEnd.png</texturenofocus>
						<onclick>PlayerControl(Previous)</onclick>
						<visible>Player.SeekEnabled</visible>
					</control>
					<!-- Rewind -->
					<control type="togglebutton" id="2">
						<width>18</width>
						<height>60</height>
						<onleft>8</onleft>
						<onright>10</onright>
						<texturefocus colordiffuse="$VAR[DialogColor1]">osd/OSDTrickBackward.png</texturefocus>
						<texturenofocus colordiffuse="$VAR[DialogColor2]">osd/OSDTrickBackward.png</texturenofocus>
						<alttexturefocus colordiffuse="$VAR[DialogColor1]">osd/OSDTrickBackward.png</alttexturefocus>
						<alttexturenofocus colordiffuse="$VAR[DialogColor1]">osd/OSDTrickBackward.png</alttexturenofocus>
						<usealttexture>Control.HasFocus(1)</usealttexture>
						<onclick>PlayerControl(Rewind)</onclick>
						<visible>Player.SeekEnabled</visible>
					</control>
					<!-- Tempo Down -->
					<control type="togglebutton" id="3">
						<width>18</width>
						<height>60</height>
						<onleft>8</onleft>
						<onright>10</onright>
						<texturefocus colordiffuse="$VAR[DialogColor1]">osd/OSDTrickBackward.png</texturefocus>
						<texturenofocus colordiffuse="$VAR[DialogColor2]">osd/OSDTrickBackward.png</texturenofocus>
						<alttexturefocus colordiffuse="$VAR[DialogColor1]">osd/OSDTrickBackward.png</alttexturefocus>
						<alttexturenofocus colordiffuse="$VAR[DialogColor1]">osd/OSDTrickBackward.png</alttexturenofocus>
						<usealttexture>Control.HasFocus(1) | Control.HasFocus(2)</usealttexture>
						<onclick>PlayerControl(TempoDown)</onclick>
						<visible>Player.SeekEnabled</visible>
						<enable>Player.TempoEnabled</enable>
					</control>

					<!-- Spacer -->
					<control type="image" id="41">
						<left>0</left>
						<top>0</top>
						<width>7</width>
						<height>60</height>
						<texture>transparent.png</texture>
					</control>

					<!-- Up -->
					<!-- <control type="button" id="4">
						<width>60</width>
						<height>60</height>
						<onleft>4</onleft>
						<onright>6</onright>
						<texturefocus colordiffuse="$VAR[DialogColor1]">osd/OSDUpNF.png</texturefocus>
						<texturenofocus colordiffuse="$VAR[DialogColor2]">osd/OSDUpNF.png</texturenofocus>
						<onclick>PlayerControl(Previous)</onclick>
						<visible>VideoPlayer.Content(LiveTV) + !Player.SeekEnabled</visible>
					</control> -->

					<!-- Play/Pause -->
					<include condition="Player.PauseEnabled">OSDPlayStopButtons</include>
					<!-- Stop -->
					<include condition="!Player.PauseEnabled">OSDStopButton</include>

					<!-- Down -->
					<!-- <control type="button" id="7">
						<width>60</width>
						<height>60</height>
						<onleft>5</onleft>
						<onright>7</onright>
						<texturefocus colordiffuse="$VAR[DialogColor1]">osd/OSDDownNF.png</texturefocus>
						<texturenofocus colordiffuse="$VAR[DialogColor2]">osd/OSDDownNF.png</texturenofocus>
						<onclick>PlayerControl(Next)</onclick>
						<visible>VideoPlayer.Content(LiveTV) + !Player.SeekEnabled</visible>
					</control> -->

					<!-- Spacer -->
					<control type="image" id="42">
						<left>0</left>
						<top>0</top>
						<width>7</width>
						<height>60</height>
						<texture>transparent.png</texture>
					</control>

					<!-- Tempo Up -->
					<control type="togglebutton" id="8">
						<width>18</width>
						<height>60</height>
						<onleft>8</onleft>
						<onright>10</onright>
						<texturefocus colordiffuse="$VAR[DialogColor1]">osd/OSDTrickForward.png</texturefocus>
						<texturenofocus colordiffuse="$VAR[DialogColor2]">osd/OSDTrickForward.png</texturenofocus>
						<alttexturefocus colordiffuse="$VAR[DialogColor1]">osd/OSDTrickForward.png</alttexturefocus>
						<alttexturenofocus colordiffuse="$VAR[DialogColor1]">osd/OSDTrickForward.png</alttexturenofocus>
						<usealttexture>Control.HasFocus(9) | Control.HasFocus(10)</usealttexture>
						<onclick>PlayerControl(TempoUp)</onclick>
						<visible>Player.SeekEnabled</visible>
						<enable>Player.TempoEnabled</enable>
					</control>
					<!-- Fast Forward -->
					<control type="togglebutton" id="9">
						<width>18</width>
						<height>60</height>
						<onleft>8</onleft>
						<onright>10</onright>
						<texturefocus colordiffuse="$VAR[DialogColor1]">osd/OSDTrickForward.png</texturefocus>
						<texturenofocus colordiffuse="$VAR[DialogColor2]">osd/OSDTrickForward.png</texturenofocus>
						<alttexturefocus colordiffuse="$VAR[DialogColor1]">osd/OSDTrickForward.png</alttexturefocus>
						<alttexturenofocus colordiffuse="$VAR[DialogColor1]">osd/OSDTrickForward.png</alttexturenofocus>
						<usealttexture>Control.HasFocus(10)</usealttexture>
						<onclick>PlayerControl(Forward)</onclick>
						<visible>Player.SeekEnabled</visible>
					</control>
					<!-- Next -->
					<control type="button" id="10">
						<width>9</width>
						<height>60</height>
						<onleft>7</onleft>
						<onright>9</onright>
						<texturefocus colordiffuse="$VAR[DialogColor1]">osd/OSDTrickForwardEnd.png</texturefocus>
						<texturenofocus colordiffuse="$VAR[DialogColor2]">osd/OSDTrickForwardEnd.png</texturenofocus>
						<onclick>PlayerControl(Next)</onclick>
						<visible>Player.SeekEnabled</visible>
					</control>

					<!-- Spacer -->
					<control type="image" id="43">
						<left>0</left>
						<top>0</top>
						<width>7</width>
						<height>60</height>
						<texture>transparent.png</texture>
					</control>

					<!-- Record -->
					<control type="togglebutton" id="11">
						<width>60</width>
						<height>60</height>
						<onleft>8</onleft>
						<onright>10</onright>
						<texturefocus colordiffuse="$VAR[DialogColor1]">osd/OSDRecordOffNF.png</texturefocus>
						<texturenofocus colordiffuse="$VAR[DialogColor2]">osd/OSDRecordOffNF.png</texturenofocus>
						<alttexturefocus colordiffuse="$VAR[DialogColor1]">osd/OSDRecordOnNF.png</alttexturefocus>
						<alttexturenofocus colordiffuse="$VAR[DialogColor2]">osd/OSDRecordOnNF.png</alttexturenofocus>
						<usealttexture>PVR.IsRecordingPlayingChannel</usealttexture>
						<onclick>PVR.ToggleRecordPlayingChannel</onclick>
						<visible>PVR.CanRecordPlayingChannel</visible>
					</control>

				</control>

				<!-- Options -->
				<control type="grouplist" id="30">
					<right>0</right>
					<width>360</width>
					<height>60</height>
					<align>right</align>
					<itemgap>0</itemgap>
					<onleft>11</onleft>
					<onright>1</onright>
					<onup>5</onup>
					<ondown>5</ondown>
					<orientation>horizontal</orientation>

					<!-- 3D mode -->
					<control type="button" id="12">
						<width>60</width>
						<height>60</height>
						<texturefocus colordiffuse="$VAR[DialogColor1]">osd/OSD3DNF.png</texturefocus>
						<texturenofocus colordiffuse="$VAR[DialogColor2]">osd/OSD3DNF.png</texturenofocus>
						<onclick>StereoMode</onclick>
						<visible>VideoPlayer.IsStereoscopic</visible>
					</control>
									<!-- Video Settings -->
					<control type="button" id="13">
						<width>60</width>
						<height>60</height>
						<texturefocus colordiffuse="$VAR[DialogColor1]">osd/OSDVideoNF.png</texturefocus>
						<texturenofocus colordiffuse="$VAR[DialogColor2]">osd/OSDVideoNF.png</texturenofocus>
						<onclick>ActivateWindow(123)</onclick>
					</control>
					<!-- Audio Settings -->
					<control type="button" id="14">
						<width>60</width>
						<height>60</height>
						<texturefocus colordiffuse="$VAR[DialogColor1]">osd/OSDAudioNF.png</texturefocus>
						<texturenofocus colordiffuse="$VAR[DialogColor2]">osd/OSDAudioNF.png</texturenofocus>
						<onclick>ActivateWindow(124)</onclick>
					</control>
					<!-- Subtitles -->
					<control type="button" id="15">
						<width>60</width>
						<height>60</height>
						<texturefocus colordiffuse="$VAR[DialogColor1]">osd/OSDSubtitlesNF.png</texturefocus>
						<texturenofocus colordiffuse="$VAR[DialogColor2]">osd/OSDSubtitlesNF.png</texturenofocus>
						<onclick>ActivateWindow(159)</onclick>
						<visible>!VideoPlayer.Content(LiveTV)</visible>
					</control>
					<!-- Bookmarks -->
					<control type="button" id="16">
						<width>60</width>
						<height>60</height>
						<texturefocus colordiffuse="$VAR[DialogColor1]">osd/OSDBookmarksNF.png</texturefocus>
						<texturenofocus colordiffuse="$VAR[DialogColor2]">osd/OSDBookmarksNF.png</texturenofocus>
						<onclick>ActivateWindow(125)</onclick>
						<visible>!VideoPlayer.Content(LiveTV)</visible>
					</control>
					<!-- Channels -->
					<control type="button" id="17">
						<width>60</width>
						<height>60</height>
						<texturefocus colordiffuse="$VAR[DialogColor1]">osd/OSDChannelNF.png</texturefocus>
						<texturenofocus colordiffuse="$VAR[DialogColor2]">osd/OSDChannelNF.png</texturenofocus>
						<onclick>ActivateWindow(PVROSDChannels)</onclick>
						<visible>VideoPlayer.Content(LiveTV)</visible>
					</control>
					<!-- Channel EPG -->
					<control type="button" id="18">
						<width>60</width>
						<height>60</height>
						<texturefocus colordiffuse="$VAR[DialogColor1]">osd/OSDEPGNF.png</texturefocus>
						<texturenofocus colordiffuse="$VAR[DialogColor2]">osd/OSDEPGNF.png</texturenofocus>
						<onclick>ActivateWindow(PVRChannelGuide)</onclick>
						<visible>VideoPlayer.Content(LiveTV)</visible>
					</control>
					<!-- Teletext -->
					<control type="button" id="19">
						<width>60</width>
						<height>60</height>
						<texturefocus colordiffuse="$VAR[DialogColor1]">osd/OSDTextNF.png</texturefocus>
						<texturenofocus colordiffuse="$VAR[DialogColor2]">osd/OSDTextNF.png</texturenofocus>
						<onclick>ActivateWindow(Teletext)</onclick>
						<visible>VideoPlayer.Content(LiveTV)</visible>
					</control>
					<!-- DVD menu -->
					<control type="button" id="20">
						<width>60</width>
						<height>60</height>
						<texturefocus colordiffuse="$VAR[DialogColor1]">osd/OSDDvdNF.png</texturefocus>
						<texturenofocus colordiffuse="$VAR[DialogColor2]">osd/OSDDvdNF.png</texturenofocus>
						<onclick>PlayerControl(ShowVideoMenu)</onclick>
						<visible>VideoPlayer.HasMenu</visible>
					</control>
					<!-- Resolution select -->
					<control type="button" id="21">
						<width>60</width>
						<height>60</height>
						<texturefocus colordiffuse="$VAR[DialogColor1]">osd/OSDResNF.png</texturefocus>
						<texturenofocus colordiffuse="$VAR[DialogColor2]">osd/OSDResNF.png</texturenofocus>
						<onclick>PlayerResolutionSelect</onclick>
						<visible>Player.HasResolutions</visible>
					</control>

				</control>
			</control>
		</control>

	</controls>

</window>