<?xml version='1.0' encoding='UTF-8'?>
<includes>
	<include name="skinshortcuts-mainmenu">
		<item id="1">
			<label>$LOCALIZE[342]</label>
			<label2>Common Shortcut</label2>
			<icon>special://skin/extras/icons/film.png</icon>
			<thumb />
			<property name="labelID">movies</property>
			<property name="defaultID">movies</property>
			<visible>Library.HasContent(Movies)</visible>
			<onclick>ActivateWindow(Videos,MovieTitles,return)</onclick>
			<property name="path">ActivateWindow(Videos,MovieTitles,return)</property>
			<visible>StringCompare(System.ProfileName,Master user)</visible>
			<property name="submenuVisibility">movies</property>
			<property name="group">mainmenu</property>
			<property name="widgetName">Recent Movies</property>
			<property name="widget">RecentMovies</property>
			<property name="hasSubmenu">True</property>
		</item>
		<item id="2">
			<label>$LOCALIZE[20343]</label>
			<label2>Common Shortcut</label2>
			<icon>special://skin/extras/icons/tv.png</icon>
			<thumb />
			<property name="labelID">tvshows</property>
			<property name="defaultID">tvshows</property>
			<visible>Library.HasContent(TVShows)</visible>
			<onclick>ActivateWindow(Videos,TVShowTitles,return)</onclick>
			<property name="path">ActivateWindow(Videos,TVShowTitles,return)</property>
			<visible>StringCompare(System.ProfileName,Master user)</visible>
			<property name="submenuVisibility">tvshows</property>
			<property name="group">mainmenu</property>
			<property name="widgetName">Ongoing Episodes</property>
			<property name="widget">RecommendedEpisodes</property>
			<property name="hasSubmenu">True</property>
		</item>
		<item id="3">
			<label>$LOCALIZE[10004]</label>
			<label2>Common Shortcut</label2>
			<icon>special://skin/extras/icons/settings.png</icon>
			<thumb />
			<property name="labelID">settings</property>
			<property name="defaultID">settings</property>
			<onclick>ActivateWindow(Settings)</onclick>
			<property name="path">ActivateWindow(Settings)</property>
			<visible>StringCompare(System.ProfileName,Master user)</visible>
			<property name="submenuVisibility">settings</property>
			<property name="group">mainmenu</property>
			<property name="hasSubmenu">True</property>
		</item>
		<item id="4">
			<label>$LOCALIZE[33060]</label>
			<label2>Common Shortcut</label2>
			<icon>special://skin/extras/icons/addtile.png</icon>
			<thumb />
			<property name="labelID">33060</property>
			<property name="defaultID">power</property>
			<onclick>ActivateWindow(shutdownmenu)</onclick>
			<property name="path">ActivateWindow(shutdownmenu)</property>
			<visible>StringCompare(System.ProfileName,Master user)</visible>
			<property name="submenuVisibility">num-33060</property>
			<property name="group">mainmenu</property>
			<property name="hasSubmenu">False</property>
			<property name="hasSubmenu">True</property>
			<property name="hasSubmenu">True</property>
		</item>
	</include>
	<include />
	<include name="skinshortcuts-submenu">
		<item id="1">
			<label>Year</label>
			<label2>Videos</label2>
			<icon>special://skin/extras/icons/addtile.png</icon>
			<thumb />
			<property name="labelID">year</property>
			<property name="defaultID" />
			<onclick>ActivateWindow(10025,"library://video/movies/years.xml/",return)</onclick>
			<property name="path">ActivateWindow(10025,"library://video/movies/years.xml/",return)</property>
			<visible>StringCompare(System.ProfileName,Master user) + [StringCompare(Container(300).ListItem.Property(submenuVisibility),movies)]</visible>
			<property name="isSubmenu">True</property>
			<property name="group">movies</property>
		</item>
		<item id="2">
			<label>Genres</label>
			<label2>Videos</label2>
			<icon>special://skin/extras/icons/addtile.png</icon>
			<thumb />
			<property name="labelID">genres</property>
			<property name="defaultID" />
			<onclick>ActivateWindow(10025,"library://video/movies/genres.xml/",return)</onclick>
			<property name="path">ActivateWindow(10025,"library://video/movies/genres.xml/",return)</property>
			<visible>StringCompare(System.ProfileName,Master user) + [StringCompare(Container(300).ListItem.Property(submenuVisibility),movies)]</visible>
			<property name="isSubmenu">True</property>
			<property name="group">movies</property>
		</item>
		<item id="3">
			<label>Actors</label>
			<label2>Videos</label2>
			<icon>special://skin/extras/icons/addtile.png</icon>
			<thumb />
			<property name="labelID">actors</property>
			<property name="defaultID" />
			<onclick>ActivateWindow(10025,"library://video/movies/actors.xml/",return)</onclick>
			<property name="path">ActivateWindow(10025,"library://video/movies/actors.xml/",return)</property>
			<visible>StringCompare(System.ProfileName,Master user) + [StringCompare(Container(300).ListItem.Property(submenuVisibility),movies)]</visible>
			<property name="isSubmenu">True</property>
			<property name="group">movies</property>
		</item>
		<item id="4">
			<label>Directors</label>
			<label2>Videos</label2>
			<icon>special://skin/extras/icons/addtile.png</icon>
			<thumb />
			<property name="labelID">directors</property>
			<property name="defaultID" />
			<onclick>ActivateWindow(10025,"library://video/movies/directors.xml/",return)</onclick>
			<property name="path">ActivateWindow(10025,"library://video/movies/directors.xml/",return)</property>
			<visible>StringCompare(System.ProfileName,Master user) + [StringCompare(Container(300).ListItem.Property(submenuVisibility),movies)]</visible>
			<property name="isSubmenu">True</property>
			<property name="group">movies</property>
		</item>
		<item id="1">
			<label>Year</label>
			<label2>Videos</label2>
			<icon>special://skin/extras/icons/addtile.png</icon>
			<thumb />
			<property name="labelID">year</property>
			<property name="defaultID" />
			<onclick>ActivateWindow(10025,"library://video/tvshows/years.xml/",return)</onclick>
			<property name="path">ActivateWindow(10025,"library://video/tvshows/years.xml/",return)</property>
			<visible>StringCompare(System.ProfileName,Master user) + [StringCompare(Container(300).ListItem.Property(submenuVisibility),tvshows)]</visible>
			<property name="isSubmenu">True</property>
			<property name="group">tvshows</property>
		</item>
		<item id="2">
			<label>Genres</label>
			<label2>Videos</label2>
			<icon>special://skin/extras/icons/addtile.png</icon>
			<thumb />
			<property name="labelID">genres</property>
			<property name="defaultID" />
			<onclick>ActivateWindow(10025,"library://video/tvshows/genres.xml/",return)</onclick>
			<property name="path">ActivateWindow(10025,"library://video/tvshows/genres.xml/",return)</property>
			<visible>StringCompare(System.ProfileName,Master user) + [StringCompare(Container(300).ListItem.Property(submenuVisibility),tvshows)]</visible>
			<property name="isSubmenu">True</property>
			<property name="group">tvshows</property>
		</item>
		<item id="3">
			<label>Actors</label>
			<label2>Videos</label2>
			<icon>special://skin/extras/icons/addtile.png</icon>
			<thumb />
			<property name="labelID">actors</property>
			<property name="defaultID" />
			<onclick>ActivateWindow(10025,"library://video/tvshows/actors.xml/",return)</onclick>
			<property name="path">ActivateWindow(10025,"library://video/tvshows/actors.xml/",return)</property>
			<visible>StringCompare(System.ProfileName,Master user) + [StringCompare(Container(300).ListItem.Property(submenuVisibility),tvshows)]</visible>
			<property name="isSubmenu">True</property>
			<property name="group">tvshows</property>
		</item>
		<item id="4">
			<label>Studios</label>
			<label2>Videos</label2>
			<icon>special://skin/extras/icons/addtile.png</icon>
			<thumb />
			<property name="labelID">studios</property>
			<property name="defaultID" />
			<onclick>ActivateWindow(10025,"library://video/tvshows/studios.xml/",return)</onclick>
			<property name="path">ActivateWindow(10025,"library://video/tvshows/studios.xml/",return)</property>
			<visible>StringCompare(System.ProfileName,Master user) + [StringCompare(Container(300).ListItem.Property(submenuVisibility),tvshows)]</visible>
			<property name="isSubmenu">True</property>
			<property name="group">tvshows</property>
		</item>
		<item id="1">
			<label>$LOCALIZE[480]</label>
			<label2>Common Shortcut</label2>
			<icon>special://skin/extras/icons/eye.png</icon>
			<thumb />
			<property name="labelID">480</property>
			<property name="defaultID">480</property>
			<onclick>ActivateWindow(appearancesettings)</onclick>
			<property name="path">ActivateWindow(appearancesettings)</property>
			<visible>StringCompare(System.ProfileName,Master user) + [StringCompare(Container(300).ListItem.Property(submenuVisibility),settings)]</visible>
			<property name="isSubmenu">True</property>
			<property name="group">settings</property>
		</item>
		<item id="2">
			<label>$LOCALIZE[3]</label>
			<label2>Common Shortcut</label2>
			<icon>special://skin/extras/icons/film.png</icon>
			<thumb />
			<property name="labelID">3</property>
			<property name="defaultID">3</property>
			<onclick>ActivateWindow(videossettings)</onclick>
			<property name="path">ActivateWindow(videossettings)</property>
			<visible>StringCompare(System.ProfileName,Master user) + [StringCompare(Container(300).ListItem.Property(submenuVisibility),settings)]</visible>
			<property name="isSubmenu">True</property>
			<property name="group">settings</property>
		</item>
		<item id="3">
			<label>$LOCALIZE[2]</label>
			<label2>Common Shortcut</label2>
			<icon>special://skin/extras/icons/songs.png</icon>
			<thumb />
			<property name="labelID">2</property>
			<property name="defaultID">2</property>
			<onclick>ActivateWindow(musicsettings)</onclick>
			<property name="path">ActivateWindow(musicsettings)</property>
			<visible>StringCompare(System.ProfileName,Master user) + [StringCompare(Container(300).ListItem.Property(submenuVisibility),settings)]</visible>
			<property name="isSubmenu">True</property>
			<property name="group">settings</property>
		</item>
		<item id="4">
			<label>$LOCALIZE[24001]</label>
			<label2>Common Shortcut</label2>
			<icon>special://skin/extras/icons/addons.png</icon>
			<thumb />
			<property name="labelID">24001</property>
			<property name="defaultID">24001</property>
			<onclick>ActivateWindow(addonbrowser)</onclick>
			<property name="path">ActivateWindow(addonbrowser)</property>
			<visible>StringCompare(System.ProfileName,Master user) + [StringCompare(Container(300).ListItem.Property(submenuVisibility),settings)]</visible>
			<property name="isSubmenu">True</property>
			<property name="group">settings</property>
		</item>
		<item id="5">
			<label>$LOCALIZE[1]</label>
			<label2>Common Shortcut</label2>
			<icon>special://skin/extras/icons/pictures.png</icon>
			<thumb />
			<property name="labelID">1</property>
			<property name="defaultID">1</property>
			<onclick>ActivateWindow(picturessettings)</onclick>
			<property name="path">ActivateWindow(picturessettings)</property>
			<visible>StringCompare(System.ProfileName,Master user) + [StringCompare(Container(300).ListItem.Property(submenuVisibility),settings)]</visible>
			<property name="isSubmenu">True</property>
			<property name="group">settings</property>
		</item>
		<item id="6">
			<label>$LOCALIZE[8]</label>
			<label2>Common Shortcut</label2>
			<icon>special://skin/extras/icons/sun.png</icon>
			<thumb />
			<property name="labelID">8</property>
			<property name="defaultID">8</property>
			<onclick>ActivateWindow(weathersettings)</onclick>
			<property name="path">ActivateWindow(weathersettings)</property>
			<visible>StringCompare(System.ProfileName,Master user) + [StringCompare(Container(300).ListItem.Property(submenuVisibility),settings)]</visible>
			<property name="isSubmenu">True</property>
			<property name="group">settings</property>
		</item>
		<item id="7">
			<label>$LOCALIZE[13000]</label>
			<label2>Common Shortcut</label2>
			<icon>special://skin/extras/icons/configure.png</icon>
			<thumb />
			<property name="labelID">13000</property>
			<property name="defaultID">13000</property>
			<onclick>ActivateWindow(systemsettings)</onclick>
			<property name="path">ActivateWindow(systemsettings)</property>
			<visible>StringCompare(System.ProfileName,Master user) + [StringCompare(Container(300).ListItem.Property(submenuVisibility),settings)]</visible>
			<property name="isSubmenu">True</property>
			<property name="group">settings</property>
		</item>
		<item id="8">
			<label>$LOCALIZE[14036]</label>
			<label2>Common Shortcut</label2>
			<icon>special://skin/extras/icons/network.png</icon>
			<thumb />
			<property name="labelID">14036</property>
			<property name="defaultID">14036</property>
			<onclick>ActivateWindow(servicesettings)</onclick>
			<property name="path">ActivateWindow(servicesettings)</property>
			<visible>StringCompare(System.ProfileName,Master user) + [StringCompare(Container(300).ListItem.Property(submenuVisibility),settings)]</visible>
			<property name="isSubmenu">True</property>
			<property name="group">settings</property>
		</item>
		<item id="9">
			<label>Live TV</label>
			<label2>Common Shortcut</label2>
			<icon>special://skin/extras/icons/addtile.png</icon>
			<thumb />
			<property name="labelID">31015</property>
			<property name="defaultID">31015</property>
			<onclick>ActivateWindow(pvrsettings)</onclick>
			<property name="path">ActivateWindow(pvrsettings)</property>
			<visible>StringCompare(System.ProfileName,Master user) + [StringCompare(Container(300).ListItem.Property(submenuVisibility),settings)]</visible>
			<property name="isSubmenu">True</property>
			<property name="group">settings</property>
		</item>
		<item id="10">
			<label>$LOCALIZE[130]</label>
			<label2>Common Shortcut</label2>
			<icon>special://skin/extras/icons/addtile.png</icon>
			<thumb />
			<property name="labelID">130</property>
			<property name="defaultID">130</property>
			<onclick>ActivateWindow(systeminfo)</onclick>
			<property name="path">ActivateWindow(systeminfo)</property>
			<visible>StringCompare(System.ProfileName,Master user) + [StringCompare(Container(300).ListItem.Property(submenuVisibility),settings)]</visible>
			<property name="isSubmenu">True</property>
			<property name="group">settings</property>
		</item>
		<item id="11">
			<label>$LOCALIZE[13200]</label>
			<label2>Common Shortcut</label2>
			<icon>special://skin/extras/icons/actor.png</icon>
			<thumb />
			<property name="labelID">13200</property>
			<property name="defaultID">13200</property>
			<onclick>ActivateWindow(profiles)</onclick>
			<property name="path">ActivateWindow(profiles)</property>
			<visible>StringCompare(System.ProfileName,Master user) + [StringCompare(Container(300).ListItem.Property(submenuVisibility),settings)]</visible>
			<property name="isSubmenu">True</property>
			<property name="group">settings</property>
		</item>
		<item id="12">
			<label>OSMC Settings</label>
			<label2>Program</label2>
			<icon>special://skin/extras/icons/addtile.png</icon>
			<thumb>image://%2fusr%2fshare%2fkodi%2faddons%2fservice.osmc.settings%2ficon.png/</thumb>
			<property name="labelID">service.osmc.settings</property>
			<property name="defaultID">service.osmc.settings</property>
			<onclick>RunAddOn(service.osmc.settings)</onclick>
			<property name="path">RunAddOn(service.osmc.settings)</property>
			<visible>StringCompare(System.ProfileName,Master user) + [StringCompare(Container(300).ListItem.Property(submenuVisibility),settings)]</visible>
			<property name="isSubmenu">True</property>
			<property name="group">settings</property>
		</item>
		<item id="13">
			<label>$LOCALIZE[7]</label>
			<label2>Common Shortcut</label2>
			<icon>special://skin/extras/icons/addtile.png</icon>
			<thumb />
			<property name="labelID">7</property>
			<property name="defaultID">7</property>
			<onclick>ActivateWindow(filemanager)</onclick>
			<property name="path">ActivateWindow(filemanager)</property>
			<visible>StringCompare(System.ProfileName,Master user) + [StringCompare(Container(300).ListItem.Property(submenuVisibility),settings)]</visible>
			<property name="isSubmenu">True</property>
			<property name="group">settings</property>
		</item>
		<item id="1">
			<label>$LOCALIZE[20342]</label>
			<label2>Movie Hub Shortcut</label2>
			<icon>special://skin/extras/icons/film.png</icon>
			<property name="labelID">20342</property>
			<property name="defaultID">20342</property>
			<visible>Library.HasContent(Movies)</visible>
			<onclick>ActivateWindow(Videos,MovieTitles,return)</onclick>
			<property name="path">ActivateWindow(Videos,MovieTitles,return)</property>
			<visible>StringCompare(System.ProfileName,Master user) + [StringCompare(Container(300).ListItem.Property(submenuVisibility),movieshub)]</visible>
			<property name="isSubmenu">True</property>
			<property name="group">movieshub</property>
		</item>
		<item id="2">
			<label>$LOCALIZE[31173]</label>
			<label2>Movie Hub Shortcut</label2>
			<icon>special://skin/extras/icons/recentlyadded.png</icon>
			<property name="labelID">31173</property>
			<property name="defaultID">31173</property>
			<visible>Library.HasContent(Movies)</visible>
			<onclick>ActivateWindow(Videos,RecentlyAddedMovies,return)</onclick>
			<property name="path">ActivateWindow(Videos,RecentlyAddedMovies,return)</property>
			<visible>StringCompare(System.ProfileName,Master user) + [StringCompare(Container(300).ListItem.Property(submenuVisibility),movieshub)]</visible>
			<property name="isSubmenu">True</property>
			<property name="group">movieshub</property>
		</item>
		<item id="3">
			<label>$LOCALIZE[31174]</label>
			<label2>Movie Hub Shortcut</label2>
			<icon>special://skin/extras/icons/recent.png</icon>
			<property name="labelID">31174</property>
			<property name="defaultID">31174</property>
			<onclick>ActivateWindow(Videos,special://skin/extras/playlists/RecentMovies.xsp,return)</onclick>
			<property name="path">ActivateWindow(Videos,special://skin/extras/playlists/RecentMovies.xsp,return)</property>
			<visible>StringCompare(System.ProfileName,Master user) + [StringCompare(Container(300).ListItem.Property(submenuVisibility),movieshub)]</visible>
			<property name="isSubmenu">True</property>
			<property name="group">movieshub</property>
		</item>
		<item id="4">
			<label>$LOCALIZE[31175]</label>
			<label2>Movie Hub Shortcut</label2>
			<icon>special://skin/extras/icons/signpost.png</icon>
			<property name="labelID">31175</property>
			<property name="defaultID">31175</property>
			<onclick>PlayMedia(special://skin/extras/playlists/RandomMovies.xsp)</onclick>
			<property name="path">PlayMedia(special://skin/extras/playlists/RandomMovies.xsp)</property>
			<visible>StringCompare(System.ProfileName,Master user) + [StringCompare(Container(300).ListItem.Property(submenuVisibility),movieshub)]</visible>
			<property name="isSubmenu">True</property>
			<property name="group">movieshub</property>
		</item>
		<item id="5">
			<label>$LOCALIZE[137]</label>
			<label2>Movie Hub Shortcut</label2>
			<icon>special://skin/extras/icons/search.png</icon>
			<property name="labelID">137</property>
			<property name="defaultID">137</property>
			<onclick>RunScript(script.globalsearch,tvshows=true&amp;episodes=true&amp;movies=true)</onclick>
			<property name="path">RunScript(script.globalsearch,tvshows=true&amp;episodes=true&amp;movies=true)</property>
			<visible>StringCompare(System.ProfileName,Master user) + [StringCompare(Container(300).ListItem.Property(submenuVisibility),movieshub)]</visible>
			<property name="isSubmenu">True</property>
			<property name="group">movieshub</property>
		</item>
		<item id="6">
			<label>$LOCALIZE[135]</label>
			<label2>Movie Hub Shortcut</label2>
			<icon>special://skin/extras/icons/genre.png</icon>
			<property name="labelID">135</property>
			<property name="defaultID">135</property>
			<visible>Library.HasContent(Movies)</visible>
			<onclick>ActivateWindow(Videos,MovieGenres,return)</onclick>
			<property name="path">ActivateWindow(Videos,MovieGenres,return)</property>
			<visible>StringCompare(System.ProfileName,Master user) + [StringCompare(Container(300).ListItem.Property(submenuVisibility),movieshub)]</visible>
			<property name="isSubmenu">True</property>
			<property name="group">movieshub</property>
		</item>
		<item id="7">
			<label>$LOCALIZE[20348]</label>
			<label2>Movie Hub Shortcut</label2>
			<icon>special://skin/extras/icons/director.png</icon>
			<property name="labelID">20348</property>
			<property name="defaultID">20348</property>
			<visible>Library.HasContent(Movies)</visible>
			<onclick>ActivateWindow(Videos,MovieDirectors,return)</onclick>
			<property name="path">ActivateWindow(Videos,MovieDirectors,return)</property>
			<visible>StringCompare(System.ProfileName,Master user) + [StringCompare(Container(300).ListItem.Property(submenuVisibility),movieshub)]</visible>
			<property name="isSubmenu">True</property>
			<property name="group">movieshub</property>
		</item>
		<item id="8">
			<label>$LOCALIZE[344]</label>
			<label2>Movie Hub Shortcut</label2>
			<icon>special://skin/extras/icons/actor.png</icon>
			<property name="labelID">344</property>
			<property name="defaultID">344</property>
			<visible>Library.HasContent(Movies)</visible>
			<onclick>ActivateWindow(Videos,MovieActors,return)</onclick>
			<property name="path">ActivateWindow(Videos,MovieActors,return)</property>
			<visible>StringCompare(System.ProfileName,Master user) + [StringCompare(Container(300).ListItem.Property(submenuVisibility),movieshub)]</visible>
			<property name="isSubmenu">True</property>
			<property name="group">movieshub</property>
		</item>
		<item id="9">
			<label>$LOCALIZE[20434]</label>
			<label2>Movie Hub Shortcut</label2>
			<icon>special://skin/extras/icons/year.png</icon>
			<property name="labelID">20434</property>
			<property name="defaultID">20434</property>
			<visible>Library.HasContent(Movies)</visible>
			<onclick>ActivateWindow(Videos,MovieSets,return)</onclick>
			<property name="path">ActivateWindow(Videos,MovieSets,return)</property>
			<visible>StringCompare(System.ProfileName,Master user) + [StringCompare(Container(300).ListItem.Property(submenuVisibility),movieshub)]</visible>
			<property name="isSubmenu">True</property>
			<property name="group">movieshub</property>
		</item>
		<item id="10">
			<label>$LOCALIZE[136]</label>
			<label2>Movie Hub Shortcut</label2>
			<icon>special://skin/extras/icons/playlist.png</icon>
			<property name="labelID">136</property>
			<property name="defaultID">136</property>
			<onclick>ActivateWindow(videos,special://videoplaylists/,return)</onclick>
			<property name="path">ActivateWindow(videos,special://videoplaylists/,return)</property>
			<visible>StringCompare(System.ProfileName,Master user) + [StringCompare(Container(300).ListItem.Property(submenuVisibility),movieshub)]</visible>
			<property name="isSubmenu">True</property>
			<property name="group">movieshub</property>
		</item>
		<item id="11">
			<label>$LOCALIZE[1214]</label>
			<label2>Movie Hub Shortcut</label2>
			<icon>special://skin/extras/icons/files.png</icon>
			<property name="labelID">1214</property>
			<property name="defaultID">1214</property>
			<onclick>ActivateWindow(Videos,Files,return)</onclick>
			<property name="path">ActivateWindow(Videos,Files,return)</property>
			<visible>StringCompare(System.ProfileName,Master user) + [StringCompare(Container(300).ListItem.Property(submenuVisibility),movieshub)]</visible>
			<property name="isSubmenu">True</property>
			<property name="group">movieshub</property>
		</item>
		<item id="12">
			<label>$LOCALIZE[24001]</label>
			<label2>Movie Hub Shortcut</label2>
			<icon>special://skin/extras/icons/addons.png</icon>
			<property name="labelID">24001</property>
			<property name="defaultID">24001</property>
			<onclick>ActivateWindow(videos,addons://sources/video/,return)</onclick>
			<property name="path">ActivateWindow(videos,addons://sources/video/,return)</property>
			<visible>StringCompare(System.ProfileName,Master user) + [StringCompare(Container(300).ListItem.Property(submenuVisibility),movieshub)]</visible>
			<property name="isSubmenu">True</property>
			<property name="group">movieshub</property>
		</item>
		<item id="13">
			<label>$LOCALIZE[653]</label>
			<label2>Movie Hub Shortcut</label2>
			<icon>special://skin/extras/icons/update.png</icon>
			<property name="labelID">653</property>
			<property name="defaultID">653</property>
			<onclick>UpdateLibrary(video)</onclick>
			<property name="path">UpdateLibrary(video)</property>
			<visible>StringCompare(System.ProfileName,Master user) + [StringCompare(Container(300).ListItem.Property(submenuVisibility),movieshub)]</visible>
			<property name="isSubmenu">True</property>
			<property name="group">movieshub</property>
		</item>
		<item id="1">
			<label>$LOCALIZE[20343]</label>
			<label2>Episode Hub Shortcut</label2>
			<icon>special://skin/extras/icons/tv.png</icon>
			<property name="labelID">tvshows</property>
			<property name="defaultID">tvshows</property>
			<visible>Library.HasContent(TVShows)</visible>
			<onclick>ActivateWindow(Videos,TvShowTitles,return)</onclick>
			<property name="path">ActivateWindow(Videos,TvShowTitles,return)</property>
			<visible>StringCompare(System.ProfileName,Master user) + [StringCompare(Container(300).ListItem.Property(submenuVisibility),episodeshub)]</visible>
			<property name="isSubmenu">True</property>
			<property name="group">episodeshub</property>
		</item>
		<item id="2">
			<label>$LOCALIZE[31173]</label>
			<label2>Episode Hub Shortcut</label2>
			<icon>special://skin/extras/icons/recentlyadded.png</icon>
			<property name="labelID">31173</property>
			<property name="defaultID">31173</property>
			<visible>Library.HasContent(TVShows)</visible>
			<onclick>ActivateWindow(Videos,RecentlyAddedEpisodes,return)</onclick>
			<property name="path">ActivateWindow(Videos,RecentlyAddedEpisodes,return)</property>
			<visible>StringCompare(System.ProfileName,Master user) + [StringCompare(Container(300).ListItem.Property(submenuVisibility),episodeshub)]</visible>
			<property name="isSubmenu">True</property>
			<property name="group">episodeshub</property>
		</item>
		<item id="3">
			<label>$LOCALIZE[31174]</label>
			<label2>Episode Hub Shortcut</label2>
			<icon>special://skin/extras/icons/recent.png</icon>
			<property name="labelID">31174</property>
			<property name="defaultID">31174</property>
			<onclick>ActivateWindow(Videos,special://skin/extras/playlists/RecentEpisodes.xsp,return)</onclick>
			<property name="path">ActivateWindow(Videos,special://skin/extras/playlists/RecentEpisodes.xsp,return)</property>
			<visible>StringCompare(System.ProfileName,Master user) + [StringCompare(Container(300).ListItem.Property(submenuVisibility),episodeshub)]</visible>
			<property name="isSubmenu">True</property>
			<property name="group">episodeshub</property>
		</item>
		<item id="4">
			<label>$LOCALIZE[31175]</label>
			<label2>Episode Hub Shortcut</label2>
			<icon>special://skin/extras/icons/signpost.png</icon>
			<property name="labelID">31175</property>
			<property name="defaultID">31175</property>
			<onclick>PlayMedia(special://skin/extras/playlists/RandomEpisodes.xsp)</onclick>
			<property name="path">PlayMedia(special://skin/extras/playlists/RandomEpisodes.xsp)</property>
			<visible>StringCompare(System.ProfileName,Master user) + [StringCompare(Container(300).ListItem.Property(submenuVisibility),episodeshub)]</visible>
			<property name="isSubmenu">True</property>
			<property name="group">episodeshub</property>
		</item>
		<item id="5">
			<label>$LOCALIZE[137]</label>
			<label2>Episode Hub Shortcut</label2>
			<icon>special://skin/extras/icons/search.png</icon>
			<property name="labelID">137</property>
			<property name="defaultID">137</property>
			<onclick>RunScript(script.globalsearch,tvshows=true&amp;episodes=true&amp;movies=true)</onclick>
			<property name="path">RunScript(script.globalsearch,tvshows=true&amp;episodes=true&amp;movies=true)</property>
			<visible>StringCompare(System.ProfileName,Master user) + [StringCompare(Container(300).ListItem.Property(submenuVisibility),episodeshub)]</visible>
			<property name="isSubmenu">True</property>
			<property name="group">episodeshub</property>
		</item>
		<item id="6">
			<label>$LOCALIZE[135]</label>
			<label2>Episode Hub Shortcut</label2>
			<icon>special://skin/extras/icons/genre.png</icon>
			<property name="labelID">135</property>
			<property name="defaultID">135</property>
			<visible>Library.HasContent(TVShows)</visible>
			<onclick>ActivateWindow(Videos,TvShowGenres,return)</onclick>
			<property name="path">ActivateWindow(Videos,TvShowGenres,return)</property>
			<visible>StringCompare(System.ProfileName,Master user) + [StringCompare(Container(300).ListItem.Property(submenuVisibility),episodeshub)]</visible>
			<property name="isSubmenu">True</property>
			<property name="group">episodeshub</property>
		</item>
		<item id="7">
			<label>$LOCALIZE[20388]</label>
			<label2>Episode Hub Shortcut</label2>
			<icon>special://skin/extras/icons/director.png</icon>
			<property name="labelID">20388</property>
			<property name="defaultID">20388</property>
			<visible>Library.HasContent(TVShows)</visible>
			<onclick>ActivateWindow(Videos,TvShowStudios,return)</onclick>
			<property name="path">ActivateWindow(Videos,TvShowStudios,return)</property>
			<visible>StringCompare(System.ProfileName,Master user) + [StringCompare(Container(300).ListItem.Property(submenuVisibility),episodeshub)]</visible>
			<property name="isSubmenu">True</property>
			<property name="group">episodeshub</property>
		</item>
		<item id="8">
			<label>$LOCALIZE[344]</label>
			<label2>Episode Hub Shortcut</label2>
			<icon>special://skin/extras/icons/actor.png</icon>
			<property name="labelID">344</property>
			<property name="defaultID">344</property>
			<visible>Library.HasContent(TVShows)</visible>
			<onclick>ActivateWindow(Videos,TvShowActors,return)</onclick>
			<property name="path">ActivateWindow(Videos,TvShowActors,return)</property>
			<visible>StringCompare(System.ProfileName,Master user) + [StringCompare(Container(300).ListItem.Property(submenuVisibility),episodeshub)]</visible>
			<property name="isSubmenu">True</property>
			<property name="group">episodeshub</property>
		</item>
		<item id="9">
			<label>$LOCALIZE[652]</label>
			<label2>Episode Hub Shortcut</label2>
			<icon>special://skin/extras/icons/year.png</icon>
			<property name="labelID">652</property>
			<property name="defaultID">652</property>
			<visible>Library.HasContent(TVShows)</visible>
			<onclick>ActivateWindow(Videos,TvShowYears,return)</onclick>
			<property name="path">ActivateWindow(Videos,TvShowYears,return)</property>
			<visible>StringCompare(System.ProfileName,Master user) + [StringCompare(Container(300).ListItem.Property(submenuVisibility),episodeshub)]</visible>
			<property name="isSubmenu">True</property>
			<property name="group">episodeshub</property>
		</item>
		<item id="10">
			<label>$LOCALIZE[136]</label>
			<label2>Episode Hub Shortcut</label2>
			<icon>special://skin/extras/icons/playlist.png</icon>
			<property name="labelID">136</property>
			<property name="defaultID">136</property>
			<onclick>ActivateWindow(videos,special://videoplaylists/,return)</onclick>
			<property name="path">ActivateWindow(videos,special://videoplaylists/,return)</property>
			<visible>StringCompare(System.ProfileName,Master user) + [StringCompare(Container(300).ListItem.Property(submenuVisibility),episodeshub)]</visible>
			<property name="isSubmenu">True</property>
			<property name="group">episodeshub</property>
		</item>
		<item id="11">
			<label>$LOCALIZE[1214]</label>
			<label2>Episode Hub Shortcut</label2>
			<icon>special://skin/extras/icons/files.png</icon>
			<property name="labelID">1214</property>
			<property name="defaultID">1214</property>
			<onclick>ActivateWindow(Videos,Files,return)</onclick>
			<property name="path">ActivateWindow(Videos,Files,return)</property>
			<visible>StringCompare(System.ProfileName,Master user) + [StringCompare(Container(300).ListItem.Property(submenuVisibility),episodeshub)]</visible>
			<property name="isSubmenu">True</property>
			<property name="group">episodeshub</property>
		</item>
		<item id="12">
			<label>$LOCALIZE[24001]</label>
			<label2>Episode Hub Shortcut</label2>
			<icon>special://skin/extras/icons/addons.png</icon>
			<property name="labelID">24001</property>
			<property name="defaultID">24001</property>
			<onclick>ActivateWindow(videos,addons://sources/video/,return)</onclick>
			<property name="path">ActivateWindow(videos,addons://sources/video/,return)</property>
			<visible>StringCompare(System.ProfileName,Master user) + [StringCompare(Container(300).ListItem.Property(submenuVisibility),episodeshub)]</visible>
			<property name="isSubmenu">True</property>
			<property name="group">episodeshub</property>
		</item>
		<item id="13">
			<label>$LOCALIZE[653]</label>
			<label2>Episode Hub Shortcut</label2>
			<icon>special://skin/extras/icons/update.png</icon>
			<property name="labelID">653</property>
			<property name="defaultID">653</property>
			<onclick>UpdateLibrary(video)</onclick>
			<property name="path">UpdateLibrary(video)</property>
			<visible>StringCompare(System.ProfileName,Master user) + [StringCompare(Container(300).ListItem.Property(submenuVisibility),episodeshub)]</visible>
			<property name="isSubmenu">True</property>
			<property name="group">episodeshub</property>
		</item>
	</include>
	<include name="skinshortcuts-group-movies">
		<item id="1">
			<label>Year</label>
			<label2>Videos</label2>
			<icon>special://skin/extras/icons/addtile.png</icon>
			<thumb />
			<property name="labelID">year</property>
			<property name="defaultID" />
			<onclick>ActivateWindow(10025,"library://video/movies/years.xml/",return)</onclick>
			<property name="path">ActivateWindow(10025,"library://video/movies/years.xml/",return)</property>
			<visible>StringCompare(System.ProfileName,Master user)</visible>
			<property name="group">movies</property>
		</item>
		<item id="2">
			<label>Genres</label>
			<label2>Videos</label2>
			<icon>special://skin/extras/icons/addtile.png</icon>
			<thumb />
			<property name="labelID">genres</property>
			<property name="defaultID" />
			<onclick>ActivateWindow(10025,"library://video/movies/genres.xml/",return)</onclick>
			<property name="path">ActivateWindow(10025,"library://video/movies/genres.xml/",return)</property>
			<visible>StringCompare(System.ProfileName,Master user)</visible>
			<property name="group">movies</property>
		</item>
		<item id="3">
			<label>Actors</label>
			<label2>Videos</label2>
			<icon>special://skin/extras/icons/addtile.png</icon>
			<thumb />
			<property name="labelID">actors</property>
			<property name="defaultID" />
			<onclick>ActivateWindow(10025,"library://video/movies/actors.xml/",return)</onclick>
			<property name="path">ActivateWindow(10025,"library://video/movies/actors.xml/",return)</property>
			<visible>StringCompare(System.ProfileName,Master user)</visible>
			<property name="group">movies</property>
		</item>
		<item id="4">
			<label>Directors</label>
			<label2>Videos</label2>
			<icon>special://skin/extras/icons/addtile.png</icon>
			<thumb />
			<property name="labelID">directors</property>
			<property name="defaultID" />
			<onclick>ActivateWindow(10025,"library://video/movies/directors.xml/",return)</onclick>
			<property name="path">ActivateWindow(10025,"library://video/movies/directors.xml/",return)</property>
			<visible>StringCompare(System.ProfileName,Master user)</visible>
			<property name="group">movies</property>
		</item>
	</include>
	<include name="skinshortcuts-group-alt-movies">
		<item id="1">
			<label>Year</label>
			<label2>Videos</label2>
			<icon>special://skin/extras/icons/addtile.png</icon>
			<thumb />
			<property name="labelID">year</property>
			<property name="defaultID" />
			<onclick>ActivateWindow(10025,"library://video/movies/years.xml/",return)</onclick>
			<property name="path">ActivateWindow(10025,"library://video/movies/years.xml/",return)</property>
			<visible>StringCompare(System.ProfileName,Master user) + [StringCompare(Window(10000).Property(submenuVisibility),movies)]</visible>
			<property name="isSubmenu">True</property>
			<property name="group">movies</property>
		</item>
		<item id="2">
			<label>Genres</label>
			<label2>Videos</label2>
			<icon>special://skin/extras/icons/addtile.png</icon>
			<thumb />
			<property name="labelID">genres</property>
			<property name="defaultID" />
			<onclick>ActivateWindow(10025,"library://video/movies/genres.xml/",return)</onclick>
			<property name="path">ActivateWindow(10025,"library://video/movies/genres.xml/",return)</property>
			<visible>StringCompare(System.ProfileName,Master user) + [StringCompare(Window(10000).Property(submenuVisibility),movies)]</visible>
			<property name="isSubmenu">True</property>
			<property name="group">movies</property>
		</item>
		<item id="3">
			<label>Actors</label>
			<label2>Videos</label2>
			<icon>special://skin/extras/icons/addtile.png</icon>
			<thumb />
			<property name="labelID">actors</property>
			<property name="defaultID" />
			<onclick>ActivateWindow(10025,"library://video/movies/actors.xml/",return)</onclick>
			<property name="path">ActivateWindow(10025,"library://video/movies/actors.xml/",return)</property>
			<visible>StringCompare(System.ProfileName,Master user) + [StringCompare(Window(10000).Property(submenuVisibility),movies)]</visible>
			<property name="isSubmenu">True</property>
			<property name="group">movies</property>
		</item>
		<item id="4">
			<label>Directors</label>
			<label2>Videos</label2>
			<icon>special://skin/extras/icons/addtile.png</icon>
			<thumb />
			<property name="labelID">directors</property>
			<property name="defaultID" />
			<onclick>ActivateWindow(10025,"library://video/movies/directors.xml/",return)</onclick>
			<property name="path">ActivateWindow(10025,"library://video/movies/directors.xml/",return)</property>
			<visible>StringCompare(System.ProfileName,Master user) + [StringCompare(Window(10000).Property(submenuVisibility),movies)]</visible>
			<property name="isSubmenu">True</property>
			<property name="group">movies</property>
		</item>
	</include>
	<include name="skinshortcuts-group-tvshows">
		<item id="1">
			<label>Year</label>
			<label2>Videos</label2>
			<icon>special://skin/extras/icons/addtile.png</icon>
			<thumb />
			<property name="labelID">year</property>
			<property name="defaultID" />
			<onclick>ActivateWindow(10025,"library://video/tvshows/years.xml/",return)</onclick>
			<property name="path">ActivateWindow(10025,"library://video/tvshows/years.xml/",return)</property>
			<visible>StringCompare(System.ProfileName,Master user)</visible>
			<property name="group">tvshows</property>
		</item>
		<item id="2">
			<label>Genres</label>
			<label2>Videos</label2>
			<icon>special://skin/extras/icons/addtile.png</icon>
			<thumb />
			<property name="labelID">genres</property>
			<property name="defaultID" />
			<onclick>ActivateWindow(10025,"library://video/tvshows/genres.xml/",return)</onclick>
			<property name="path">ActivateWindow(10025,"library://video/tvshows/genres.xml/",return)</property>
			<visible>StringCompare(System.ProfileName,Master user)</visible>
			<property name="group">tvshows</property>
		</item>
		<item id="3">
			<label>Actors</label>
			<label2>Videos</label2>
			<icon>special://skin/extras/icons/addtile.png</icon>
			<thumb />
			<property name="labelID">actors</property>
			<property name="defaultID" />
			<onclick>ActivateWindow(10025,"library://video/tvshows/actors.xml/",return)</onclick>
			<property name="path">ActivateWindow(10025,"library://video/tvshows/actors.xml/",return)</property>
			<visible>StringCompare(System.ProfileName,Master user)</visible>
			<property name="group">tvshows</property>
		</item>
		<item id="4">
			<label>Studios</label>
			<label2>Videos</label2>
			<icon>special://skin/extras/icons/addtile.png</icon>
			<thumb />
			<property name="labelID">studios</property>
			<property name="defaultID" />
			<onclick>ActivateWindow(10025,"library://video/tvshows/studios.xml/",return)</onclick>
			<property name="path">ActivateWindow(10025,"library://video/tvshows/studios.xml/",return)</property>
			<visible>StringCompare(System.ProfileName,Master user)</visible>
			<property name="group">tvshows</property>
		</item>
	</include>
	<include name="skinshortcuts-group-alt-tvshows">
		<item id="1">
			<label>Year</label>
			<label2>Videos</label2>
			<icon>special://skin/extras/icons/addtile.png</icon>
			<thumb />
			<property name="labelID">year</property>
			<property name="defaultID" />
			<onclick>ActivateWindow(10025,"library://video/tvshows/years.xml/",return)</onclick>
			<property name="path">ActivateWindow(10025,"library://video/tvshows/years.xml/",return)</property>
			<visible>StringCompare(System.ProfileName,Master user) + [StringCompare(Window(10000).Property(submenuVisibility),tvshows)]</visible>
			<property name="isSubmenu">True</property>
			<property name="group">tvshows</property>
		</item>
		<item id="2">
			<label>Genres</label>
			<label2>Videos</label2>
			<icon>special://skin/extras/icons/addtile.png</icon>
			<thumb />
			<property name="labelID">genres</property>
			<property name="defaultID" />
			<onclick>ActivateWindow(10025,"library://video/tvshows/genres.xml/",return)</onclick>
			<property name="path">ActivateWindow(10025,"library://video/tvshows/genres.xml/",return)</property>
			<visible>StringCompare(System.ProfileName,Master user) + [StringCompare(Window(10000).Property(submenuVisibility),tvshows)]</visible>
			<property name="isSubmenu">True</property>
			<property name="group">tvshows</property>
		</item>
		<item id="3">
			<label>Actors</label>
			<label2>Videos</label2>
			<icon>special://skin/extras/icons/addtile.png</icon>
			<thumb />
			<property name="labelID">actors</property>
			<property name="defaultID" />
			<onclick>ActivateWindow(10025,"library://video/tvshows/actors.xml/",return)</onclick>
			<property name="path">ActivateWindow(10025,"library://video/tvshows/actors.xml/",return)</property>
			<visible>StringCompare(System.ProfileName,Master user) + [StringCompare(Window(10000).Property(submenuVisibility),tvshows)]</visible>
			<property name="isSubmenu">True</property>
			<property name="group">tvshows</property>
		</item>
		<item id="4">
			<label>Studios</label>
			<label2>Videos</label2>
			<icon>special://skin/extras/icons/addtile.png</icon>
			<thumb />
			<property name="labelID">studios</property>
			<property name="defaultID" />
			<onclick>ActivateWindow(10025,"library://video/tvshows/studios.xml/",return)</onclick>
			<property name="path">ActivateWindow(10025,"library://video/tvshows/studios.xml/",return)</property>
			<visible>StringCompare(System.ProfileName,Master user) + [StringCompare(Window(10000).Property(submenuVisibility),tvshows)]</visible>
			<property name="isSubmenu">True</property>
			<property name="group">tvshows</property>
		</item>
	</include>
	<include name="skinshortcuts-group-settings">
		<item id="1">
			<label>$LOCALIZE[480]</label>
			<label2>Common Shortcut</label2>
			<icon>special://skin/extras/icons/eye.png</icon>
			<thumb />
			<property name="labelID">480</property>
			<property name="defaultID">480</property>
			<onclick>ActivateWindow(appearancesettings)</onclick>
			<property name="path">ActivateWindow(appearancesettings)</property>
			<visible>StringCompare(System.ProfileName,Master user)</visible>
			<property name="group">settings</property>
		</item>
		<item id="2">
			<label>$LOCALIZE[3]</label>
			<label2>Common Shortcut</label2>
			<icon>special://skin/extras/icons/film.png</icon>
			<thumb />
			<property name="labelID">3</property>
			<property name="defaultID">3</property>
			<onclick>ActivateWindow(videossettings)</onclick>
			<property name="path">ActivateWindow(videossettings)</property>
			<visible>StringCompare(System.ProfileName,Master user)</visible>
			<property name="group">settings</property>
		</item>
		<item id="3">
			<label>$LOCALIZE[2]</label>
			<label2>Common Shortcut</label2>
			<icon>special://skin/extras/icons/songs.png</icon>
			<thumb />
			<property name="labelID">2</property>
			<property name="defaultID">2</property>
			<onclick>ActivateWindow(musicsettings)</onclick>
			<property name="path">ActivateWindow(musicsettings)</property>
			<visible>StringCompare(System.ProfileName,Master user)</visible>
			<property name="group">settings</property>
		</item>
		<item id="4">
			<label>$LOCALIZE[24001]</label>
			<label2>Common Shortcut</label2>
			<icon>special://skin/extras/icons/addons.png</icon>
			<thumb />
			<property name="labelID">24001</property>
			<property name="defaultID">24001</property>
			<onclick>ActivateWindow(addonbrowser)</onclick>
			<property name="path">ActivateWindow(addonbrowser)</property>
			<visible>StringCompare(System.ProfileName,Master user)</visible>
			<property name="group">settings</property>
		</item>
		<item id="5">
			<label>$LOCALIZE[1]</label>
			<label2>Common Shortcut</label2>
			<icon>special://skin/extras/icons/pictures.png</icon>
			<thumb />
			<property name="labelID">1</property>
			<property name="defaultID">1</property>
			<onclick>ActivateWindow(picturessettings)</onclick>
			<property name="path">ActivateWindow(picturessettings)</property>
			<visible>StringCompare(System.ProfileName,Master user)</visible>
			<property name="group">settings</property>
		</item>
		<item id="6">
			<label>$LOCALIZE[8]</label>
			<label2>Common Shortcut</label2>
			<icon>special://skin/extras/icons/sun.png</icon>
			<thumb />
			<property name="labelID">8</property>
			<property name="defaultID">8</property>
			<onclick>ActivateWindow(weathersettings)</onclick>
			<property name="path">ActivateWindow(weathersettings)</property>
			<visible>StringCompare(System.ProfileName,Master user)</visible>
			<property name="group">settings</property>
		</item>
		<item id="7">
			<label>$LOCALIZE[13000]</label>
			<label2>Common Shortcut</label2>
			<icon>special://skin/extras/icons/configure.png</icon>
			<thumb />
			<property name="labelID">13000</property>
			<property name="defaultID">13000</property>
			<onclick>ActivateWindow(systemsettings)</onclick>
			<property name="path">ActivateWindow(systemsettings)</property>
			<visible>StringCompare(System.ProfileName,Master user)</visible>
			<property name="group">settings</property>
		</item>
		<item id="8">
			<label>$LOCALIZE[14036]</label>
			<label2>Common Shortcut</label2>
			<icon>special://skin/extras/icons/network.png</icon>
			<thumb />
			<property name="labelID">14036</property>
			<property name="defaultID">14036</property>
			<onclick>ActivateWindow(servicesettings)</onclick>
			<property name="path">ActivateWindow(servicesettings)</property>
			<visible>StringCompare(System.ProfileName,Master user)</visible>
			<property name="group">settings</property>
		</item>
		<item id="9">
			<label>Live TV</label>
			<label2>Common Shortcut</label2>
			<icon>special://skin/extras/icons/addtile.png</icon>
			<thumb />
			<property name="labelID">31015</property>
			<property name="defaultID">31015</property>
			<onclick>ActivateWindow(pvrsettings)</onclick>
			<property name="path">ActivateWindow(pvrsettings)</property>
			<visible>StringCompare(System.ProfileName,Master user)</visible>
			<property name="group">settings</property>
		</item>
		<item id="10">
			<label>$LOCALIZE[130]</label>
			<label2>Common Shortcut</label2>
			<icon>special://skin/extras/icons/addtile.png</icon>
			<thumb />
			<property name="labelID">130</property>
			<property name="defaultID">130</property>
			<onclick>ActivateWindow(systeminfo)</onclick>
			<property name="path">ActivateWindow(systeminfo)</property>
			<visible>StringCompare(System.ProfileName,Master user)</visible>
			<property name="group">settings</property>
		</item>
		<item id="11">
			<label>$LOCALIZE[13200]</label>
			<label2>Common Shortcut</label2>
			<icon>special://skin/extras/icons/actor.png</icon>
			<thumb />
			<property name="labelID">13200</property>
			<property name="defaultID">13200</property>
			<onclick>ActivateWindow(profiles)</onclick>
			<property name="path">ActivateWindow(profiles)</property>
			<visible>StringCompare(System.ProfileName,Master user)</visible>
			<property name="group">settings</property>
		</item>
		<item id="12">
			<label>OSMC Settings</label>
			<label2>Program</label2>
			<icon>special://skin/extras/icons/addtile.png</icon>
			<thumb>image://%2fusr%2fshare%2fkodi%2faddons%2fservice.osmc.settings%2ficon.png/</thumb>
			<property name="labelID">service.osmc.settings</property>
			<property name="defaultID">service.osmc.settings</property>
			<onclick>RunAddOn(service.osmc.settings)</onclick>
			<property name="path">RunAddOn(service.osmc.settings)</property>
			<visible>StringCompare(System.ProfileName,Master user)</visible>
			<property name="group">settings</property>
		</item>
		<item id="13">
			<label>$LOCALIZE[7]</label>
			<label2>Common Shortcut</label2>
			<icon>special://skin/extras/icons/addtile.png</icon>
			<thumb />
			<property name="labelID">7</property>
			<property name="defaultID">7</property>
			<onclick>ActivateWindow(filemanager)</onclick>
			<property name="path">ActivateWindow(filemanager)</property>
			<visible>StringCompare(System.ProfileName,Master user)</visible>
			<property name="group">settings</property>
		</item>
	</include>
	<include name="skinshortcuts-group-alt-settings">
		<item id="1">
			<label>$LOCALIZE[480]</label>
			<label2>Common Shortcut</label2>
			<icon>special://skin/extras/icons/eye.png</icon>
			<thumb />
			<property name="labelID">480</property>
			<property name="defaultID">480</property>
			<onclick>ActivateWindow(appearancesettings)</onclick>
			<property name="path">ActivateWindow(appearancesettings)</property>
			<visible>StringCompare(System.ProfileName,Master user) + [StringCompare(Window(10000).Property(submenuVisibility),settings)]</visible>
			<property name="isSubmenu">True</property>
			<property name="group">settings</property>
		</item>
		<item id="2">
			<label>$LOCALIZE[3]</label>
			<label2>Common Shortcut</label2>
			<icon>special://skin/extras/icons/film.png</icon>
			<thumb />
			<property name="labelID">3</property>
			<property name="defaultID">3</property>
			<onclick>ActivateWindow(videossettings)</onclick>
			<property name="path">ActivateWindow(videossettings)</property>
			<visible>StringCompare(System.ProfileName,Master user) + [StringCompare(Window(10000).Property(submenuVisibility),settings)]</visible>
			<property name="isSubmenu">True</property>
			<property name="group">settings</property>
		</item>
		<item id="3">
			<label>$LOCALIZE[2]</label>
			<label2>Common Shortcut</label2>
			<icon>special://skin/extras/icons/songs.png</icon>
			<thumb />
			<property name="labelID">2</property>
			<property name="defaultID">2</property>
			<onclick>ActivateWindow(musicsettings)</onclick>
			<property name="path">ActivateWindow(musicsettings)</property>
			<visible>StringCompare(System.ProfileName,Master user) + [StringCompare(Window(10000).Property(submenuVisibility),settings)]</visible>
			<property name="isSubmenu">True</property>
			<property name="group">settings</property>
		</item>
		<item id="4">
			<label>$LOCALIZE[24001]</label>
			<label2>Common Shortcut</label2>
			<icon>special://skin/extras/icons/addons.png</icon>
			<thumb />
			<property name="labelID">24001</property>
			<property name="defaultID">24001</property>
			<onclick>ActivateWindow(addonbrowser)</onclick>
			<property name="path">ActivateWindow(addonbrowser)</property>
			<visible>StringCompare(System.ProfileName,Master user) + [StringCompare(Window(10000).Property(submenuVisibility),settings)]</visible>
			<property name="isSubmenu">True</property>
			<property name="group">settings</property>
		</item>
		<item id="5">
			<label>$LOCALIZE[1]</label>
			<label2>Common Shortcut</label2>
			<icon>special://skin/extras/icons/pictures.png</icon>
			<thumb />
			<property name="labelID">1</property>
			<property name="defaultID">1</property>
			<onclick>ActivateWindow(picturessettings)</onclick>
			<property name="path">ActivateWindow(picturessettings)</property>
			<visible>StringCompare(System.ProfileName,Master user) + [StringCompare(Window(10000).Property(submenuVisibility),settings)]</visible>
			<property name="isSubmenu">True</property>
			<property name="group">settings</property>
		</item>
		<item id="6">
			<label>$LOCALIZE[8]</label>
			<label2>Common Shortcut</label2>
			<icon>special://skin/extras/icons/sun.png</icon>
			<thumb />
			<property name="labelID">8</property>
			<property name="defaultID">8</property>
			<onclick>ActivateWindow(weathersettings)</onclick>
			<property name="path">ActivateWindow(weathersettings)</property>
			<visible>StringCompare(System.ProfileName,Master user) + [StringCompare(Window(10000).Property(submenuVisibility),settings)]</visible>
			<property name="isSubmenu">True</property>
			<property name="group">settings</property>
		</item>
		<item id="7">
			<label>$LOCALIZE[13000]</label>
			<label2>Common Shortcut</label2>
			<icon>special://skin/extras/icons/configure.png</icon>
			<thumb />
			<property name="labelID">13000</property>
			<property name="defaultID">13000</property>
			<onclick>ActivateWindow(systemsettings)</onclick>
			<property name="path">ActivateWindow(systemsettings)</property>
			<visible>StringCompare(System.ProfileName,Master user) + [StringCompare(Window(10000).Property(submenuVisibility),settings)]</visible>
			<property name="isSubmenu">True</property>
			<property name="group">settings</property>
		</item>
		<item id="8">
			<label>$LOCALIZE[14036]</label>
			<label2>Common Shortcut</label2>
			<icon>special://skin/extras/icons/network.png</icon>
			<thumb />
			<property name="labelID">14036</property>
			<property name="defaultID">14036</property>
			<onclick>ActivateWindow(servicesettings)</onclick>
			<property name="path">ActivateWindow(servicesettings)</property>
			<visible>StringCompare(System.ProfileName,Master user) + [StringCompare(Window(10000).Property(submenuVisibility),settings)]</visible>
			<property name="isSubmenu">True</property>
			<property name="group">settings</property>
		</item>
		<item id="9">
			<label>Live TV</label>
			<label2>Common Shortcut</label2>
			<icon>special://skin/extras/icons/addtile.png</icon>
			<thumb />
			<property name="labelID">31015</property>
			<property name="defaultID">31015</property>
			<onclick>ActivateWindow(pvrsettings)</onclick>
			<property name="path">ActivateWindow(pvrsettings)</property>
			<visible>StringCompare(System.ProfileName,Master user) + [StringCompare(Window(10000).Property(submenuVisibility),settings)]</visible>
			<property name="isSubmenu">True</property>
			<property name="group">settings</property>
		</item>
		<item id="10">
			<label>$LOCALIZE[130]</label>
			<label2>Common Shortcut</label2>
			<icon>special://skin/extras/icons/addtile.png</icon>
			<thumb />
			<property name="labelID">130</property>
			<property name="defaultID">130</property>
			<onclick>ActivateWindow(systeminfo)</onclick>
			<property name="path">ActivateWindow(systeminfo)</property>
			<visible>StringCompare(System.ProfileName,Master user) + [StringCompare(Window(10000).Property(submenuVisibility),settings)]</visible>
			<property name="isSubmenu">True</property>
			<property name="group">settings</property>
		</item>
		<item id="11">
			<label>$LOCALIZE[13200]</label>
			<label2>Common Shortcut</label2>
			<icon>special://skin/extras/icons/actor.png</icon>
			<thumb />
			<property name="labelID">13200</property>
			<property name="defaultID">13200</property>
			<onclick>ActivateWindow(profiles)</onclick>
			<property name="path">ActivateWindow(profiles)</property>
			<visible>StringCompare(System.ProfileName,Master user) + [StringCompare(Window(10000).Property(submenuVisibility),settings)]</visible>
			<property name="isSubmenu">True</property>
			<property name="group">settings</property>
		</item>
		<item id="12">
			<label>OSMC Settings</label>
			<label2>Program</label2>
			<icon>special://skin/extras/icons/addtile.png</icon>
			<thumb>image://%2fusr%2fshare%2fkodi%2faddons%2fservice.osmc.settings%2ficon.png/</thumb>
			<property name="labelID">service.osmc.settings</property>
			<property name="defaultID">service.osmc.settings</property>
			<onclick>RunAddOn(service.osmc.settings)</onclick>
			<property name="path">RunAddOn(service.osmc.settings)</property>
			<visible>StringCompare(System.ProfileName,Master user) + [StringCompare(Window(10000).Property(submenuVisibility),settings)]</visible>
			<property name="isSubmenu">True</property>
			<property name="group">settings</property>
		</item>
		<item id="13">
			<label>$LOCALIZE[7]</label>
			<label2>Common Shortcut</label2>
			<icon>special://skin/extras/icons/addtile.png</icon>
			<thumb />
			<property name="labelID">7</property>
			<property name="defaultID">7</property>
			<onclick>ActivateWindow(filemanager)</onclick>
			<property name="path">ActivateWindow(filemanager)</property>
			<visible>StringCompare(System.ProfileName,Master user) + [StringCompare(Window(10000).Property(submenuVisibility),settings)]</visible>
			<property name="isSubmenu">True</property>
			<property name="group">settings</property>
		</item>
	</include>
	<include name="skinshortcuts-group-33060" />
	<include name="skinshortcuts-group-alt-33060" />
	<include name="skinshortcuts-group-movieshub">
		<item id="1">
			<label>$LOCALIZE[20342]</label>
			<label2>Movie Hub Shortcut</label2>
			<icon>special://skin/extras/icons/film.png</icon>
			<property name="labelID">20342</property>
			<property name="defaultID">20342</property>
			<visible>Library.HasContent(Movies)</visible>
			<onclick>ActivateWindow(Videos,MovieTitles,return)</onclick>
			<property name="path">ActivateWindow(Videos,MovieTitles,return)</property>
			<visible>StringCompare(System.ProfileName,Master user)</visible>
			<property name="group">movieshub</property>
		</item>
		<item id="2">
			<label>$LOCALIZE[31173]</label>
			<label2>Movie Hub Shortcut</label2>
			<icon>special://skin/extras/icons/recentlyadded.png</icon>
			<property name="labelID">31173</property>
			<property name="defaultID">31173</property>
			<visible>Library.HasContent(Movies)</visible>
			<onclick>ActivateWindow(Videos,RecentlyAddedMovies,return)</onclick>
			<property name="path">ActivateWindow(Videos,RecentlyAddedMovies,return)</property>
			<visible>StringCompare(System.ProfileName,Master user)</visible>
			<property name="group">movieshub</property>
		</item>
		<item id="3">
			<label>$LOCALIZE[31174]</label>
			<label2>Movie Hub Shortcut</label2>
			<icon>special://skin/extras/icons/recent.png</icon>
			<property name="labelID">31174</property>
			<property name="defaultID">31174</property>
			<onclick>ActivateWindow(Videos,special://skin/extras/playlists/RecentMovies.xsp,return)</onclick>
			<property name="path">ActivateWindow(Videos,special://skin/extras/playlists/RecentMovies.xsp,return)</property>
			<visible>StringCompare(System.ProfileName,Master user)</visible>
			<property name="group">movieshub</property>
		</item>
		<item id="4">
			<label>$LOCALIZE[31175]</label>
			<label2>Movie Hub Shortcut</label2>
			<icon>special://skin/extras/icons/signpost.png</icon>
			<property name="labelID">31175</property>
			<property name="defaultID">31175</property>
			<onclick>PlayMedia(special://skin/extras/playlists/RandomMovies.xsp)</onclick>
			<property name="path">PlayMedia(special://skin/extras/playlists/RandomMovies.xsp)</property>
			<visible>StringCompare(System.ProfileName,Master user)</visible>
			<property name="group">movieshub</property>
		</item>
		<item id="5">
			<label>$LOCALIZE[137]</label>
			<label2>Movie Hub Shortcut</label2>
			<icon>special://skin/extras/icons/search.png</icon>
			<property name="labelID">137</property>
			<property name="defaultID">137</property>
			<onclick>RunScript(script.globalsearch,tvshows=true&amp;episodes=true&amp;movies=true)</onclick>
			<property name="path">RunScript(script.globalsearch,tvshows=true&amp;episodes=true&amp;movies=true)</property>
			<visible>StringCompare(System.ProfileName,Master user)</visible>
			<property name="group">movieshub</property>
		</item>
		<item id="6">
			<label>$LOCALIZE[135]</label>
			<label2>Movie Hub Shortcut</label2>
			<icon>special://skin/extras/icons/genre.png</icon>
			<property name="labelID">135</property>
			<property name="defaultID">135</property>
			<visible>Library.HasContent(Movies)</visible>
			<onclick>ActivateWindow(Videos,MovieGenres,return)</onclick>
			<property name="path">ActivateWindow(Videos,MovieGenres,return)</property>
			<visible>StringCompare(System.ProfileName,Master user)</visible>
			<property name="group">movieshub</property>
		</item>
		<item id="7">
			<label>$LOCALIZE[20348]</label>
			<label2>Movie Hub Shortcut</label2>
			<icon>special://skin/extras/icons/director.png</icon>
			<property name="labelID">20348</property>
			<property name="defaultID">20348</property>
			<visible>Library.HasContent(Movies)</visible>
			<onclick>ActivateWindow(Videos,MovieDirectors,return)</onclick>
			<property name="path">ActivateWindow(Videos,MovieDirectors,return)</property>
			<visible>StringCompare(System.ProfileName,Master user)</visible>
			<property name="group">movieshub</property>
		</item>
		<item id="8">
			<label>$LOCALIZE[344]</label>
			<label2>Movie Hub Shortcut</label2>
			<icon>special://skin/extras/icons/actor.png</icon>
			<property name="labelID">344</property>
			<property name="defaultID">344</property>
			<visible>Library.HasContent(Movies)</visible>
			<onclick>ActivateWindow(Videos,MovieActors,return)</onclick>
			<property name="path">ActivateWindow(Videos,MovieActors,return)</property>
			<visible>StringCompare(System.ProfileName,Master user)</visible>
			<property name="group">movieshub</property>
		</item>
		<item id="9">
			<label>$LOCALIZE[20434]</label>
			<label2>Movie Hub Shortcut</label2>
			<icon>special://skin/extras/icons/year.png</icon>
			<property name="labelID">20434</property>
			<property name="defaultID">20434</property>
			<visible>Library.HasContent(Movies)</visible>
			<onclick>ActivateWindow(Videos,MovieSets,return)</onclick>
			<property name="path">ActivateWindow(Videos,MovieSets,return)</property>
			<visible>StringCompare(System.ProfileName,Master user)</visible>
			<property name="group">movieshub</property>
		</item>
		<item id="10">
			<label>$LOCALIZE[136]</label>
			<label2>Movie Hub Shortcut</label2>
			<icon>special://skin/extras/icons/playlist.png</icon>
			<property name="labelID">136</property>
			<property name="defaultID">136</property>
			<onclick>ActivateWindow(videos,special://videoplaylists/,return)</onclick>
			<property name="path">ActivateWindow(videos,special://videoplaylists/,return)</property>
			<visible>StringCompare(System.ProfileName,Master user)</visible>
			<property name="group">movieshub</property>
		</item>
		<item id="11">
			<label>$LOCALIZE[1214]</label>
			<label2>Movie Hub Shortcut</label2>
			<icon>special://skin/extras/icons/files.png</icon>
			<property name="labelID">1214</property>
			<property name="defaultID">1214</property>
			<onclick>ActivateWindow(Videos,Files,return)</onclick>
			<property name="path">ActivateWindow(Videos,Files,return)</property>
			<visible>StringCompare(System.ProfileName,Master user)</visible>
			<property name="group">movieshub</property>
		</item>
		<item id="12">
			<label>$LOCALIZE[24001]</label>
			<label2>Movie Hub Shortcut</label2>
			<icon>special://skin/extras/icons/addons.png</icon>
			<property name="labelID">24001</property>
			<property name="defaultID">24001</property>
			<onclick>ActivateWindow(videos,addons://sources/video/,return)</onclick>
			<property name="path">ActivateWindow(videos,addons://sources/video/,return)</property>
			<visible>StringCompare(System.ProfileName,Master user)</visible>
			<property name="group">movieshub</property>
		</item>
		<item id="13">
			<label>$LOCALIZE[653]</label>
			<label2>Movie Hub Shortcut</label2>
			<icon>special://skin/extras/icons/update.png</icon>
			<property name="labelID">653</property>
			<property name="defaultID">653</property>
			<onclick>UpdateLibrary(video)</onclick>
			<property name="path">UpdateLibrary(video)</property>
			<visible>StringCompare(System.ProfileName,Master user)</visible>
			<property name="group">movieshub</property>
		</item>
	</include>
	<include name="skinshortcuts-group-alt-movieshub">
		<item id="1">
			<label>$LOCALIZE[20342]</label>
			<label2>Movie Hub Shortcut</label2>
			<icon>special://skin/extras/icons/film.png</icon>
			<property name="labelID">20342</property>
			<property name="defaultID">20342</property>
			<visible>Library.HasContent(Movies)</visible>
			<onclick>ActivateWindow(Videos,MovieTitles,return)</onclick>
			<property name="path">ActivateWindow(Videos,MovieTitles,return)</property>
			<visible>StringCompare(System.ProfileName,Master user) + [StringCompare(Window(10000).Property(submenuVisibility),movieshub)]</visible>
			<property name="isSubmenu">True</property>
			<property name="group">movieshub</property>
		</item>
		<item id="2">
			<label>$LOCALIZE[31173]</label>
			<label2>Movie Hub Shortcut</label2>
			<icon>special://skin/extras/icons/recentlyadded.png</icon>
			<property name="labelID">31173</property>
			<property name="defaultID">31173</property>
			<visible>Library.HasContent(Movies)</visible>
			<onclick>ActivateWindow(Videos,RecentlyAddedMovies,return)</onclick>
			<property name="path">ActivateWindow(Videos,RecentlyAddedMovies,return)</property>
			<visible>StringCompare(System.ProfileName,Master user) + [StringCompare(Window(10000).Property(submenuVisibility),movieshub)]</visible>
			<property name="isSubmenu">True</property>
			<property name="group">movieshub</property>
		</item>
		<item id="3">
			<label>$LOCALIZE[31174]</label>
			<label2>Movie Hub Shortcut</label2>
			<icon>special://skin/extras/icons/recent.png</icon>
			<property name="labelID">31174</property>
			<property name="defaultID">31174</property>
			<onclick>ActivateWindow(Videos,special://skin/extras/playlists/RecentMovies.xsp,return)</onclick>
			<property name="path">ActivateWindow(Videos,special://skin/extras/playlists/RecentMovies.xsp,return)</property>
			<visible>StringCompare(System.ProfileName,Master user) + [StringCompare(Window(10000).Property(submenuVisibility),movieshub)]</visible>
			<property name="isSubmenu">True</property>
			<property name="group">movieshub</property>
		</item>
		<item id="4">
			<label>$LOCALIZE[31175]</label>
			<label2>Movie Hub Shortcut</label2>
			<icon>special://skin/extras/icons/signpost.png</icon>
			<property name="labelID">31175</property>
			<property name="defaultID">31175</property>
			<onclick>PlayMedia(special://skin/extras/playlists/RandomMovies.xsp)</onclick>
			<property name="path">PlayMedia(special://skin/extras/playlists/RandomMovies.xsp)</property>
			<visible>StringCompare(System.ProfileName,Master user) + [StringCompare(Window(10000).Property(submenuVisibility),movieshub)]</visible>
			<property name="isSubmenu">True</property>
			<property name="group">movieshub</property>
		</item>
		<item id="5">
			<label>$LOCALIZE[137]</label>
			<label2>Movie Hub Shortcut</label2>
			<icon>special://skin/extras/icons/search.png</icon>
			<property name="labelID">137</property>
			<property name="defaultID">137</property>
			<onclick>RunScript(script.globalsearch,tvshows=true&amp;episodes=true&amp;movies=true)</onclick>
			<property name="path">RunScript(script.globalsearch,tvshows=true&amp;episodes=true&amp;movies=true)</property>
			<visible>StringCompare(System.ProfileName,Master user) + [StringCompare(Window(10000).Property(submenuVisibility),movieshub)]</visible>
			<property name="isSubmenu">True</property>
			<property name="group">movieshub</property>
		</item>
		<item id="6">
			<label>$LOCALIZE[135]</label>
			<label2>Movie Hub Shortcut</label2>
			<icon>special://skin/extras/icons/genre.png</icon>
			<property name="labelID">135</property>
			<property name="defaultID">135</property>
			<visible>Library.HasContent(Movies)</visible>
			<onclick>ActivateWindow(Videos,MovieGenres,return)</onclick>
			<property name="path">ActivateWindow(Videos,MovieGenres,return)</property>
			<visible>StringCompare(System.ProfileName,Master user) + [StringCompare(Window(10000).Property(submenuVisibility),movieshub)]</visible>
			<property name="isSubmenu">True</property>
			<property name="group">movieshub</property>
		</item>
		<item id="7">
			<label>$LOCALIZE[20348]</label>
			<label2>Movie Hub Shortcut</label2>
			<icon>special://skin/extras/icons/director.png</icon>
			<property name="labelID">20348</property>
			<property name="defaultID">20348</property>
			<visible>Library.HasContent(Movies)</visible>
			<onclick>ActivateWindow(Videos,MovieDirectors,return)</onclick>
			<property name="path">ActivateWindow(Videos,MovieDirectors,return)</property>
			<visible>StringCompare(System.ProfileName,Master user) + [StringCompare(Window(10000).Property(submenuVisibility),movieshub)]</visible>
			<property name="isSubmenu">True</property>
			<property name="group">movieshub</property>
		</item>
		<item id="8">
			<label>$LOCALIZE[344]</label>
			<label2>Movie Hub Shortcut</label2>
			<icon>special://skin/extras/icons/actor.png</icon>
			<property name="labelID">344</property>
			<property name="defaultID">344</property>
			<visible>Library.HasContent(Movies)</visible>
			<onclick>ActivateWindow(Videos,MovieActors,return)</onclick>
			<property name="path">ActivateWindow(Videos,MovieActors,return)</property>
			<visible>StringCompare(System.ProfileName,Master user) + [StringCompare(Window(10000).Property(submenuVisibility),movieshub)]</visible>
			<property name="isSubmenu">True</property>
			<property name="group">movieshub</property>
		</item>
		<item id="9">
			<label>$LOCALIZE[20434]</label>
			<label2>Movie Hub Shortcut</label2>
			<icon>special://skin/extras/icons/year.png</icon>
			<property name="labelID">20434</property>
			<property name="defaultID">20434</property>
			<visible>Library.HasContent(Movies)</visible>
			<onclick>ActivateWindow(Videos,MovieSets,return)</onclick>
			<property name="path">ActivateWindow(Videos,MovieSets,return)</property>
			<visible>StringCompare(System.ProfileName,Master user) + [StringCompare(Window(10000).Property(submenuVisibility),movieshub)]</visible>
			<property name="isSubmenu">True</property>
			<property name="group">movieshub</property>
		</item>
		<item id="10">
			<label>$LOCALIZE[136]</label>
			<label2>Movie Hub Shortcut</label2>
			<icon>special://skin/extras/icons/playlist.png</icon>
			<property name="labelID">136</property>
			<property name="defaultID">136</property>
			<onclick>ActivateWindow(videos,special://videoplaylists/,return)</onclick>
			<property name="path">ActivateWindow(videos,special://videoplaylists/,return)</property>
			<visible>StringCompare(System.ProfileName,Master user) + [StringCompare(Window(10000).Property(submenuVisibility),movieshub)]</visible>
			<property name="isSubmenu">True</property>
			<property name="group">movieshub</property>
		</item>
		<item id="11">
			<label>$LOCALIZE[1214]</label>
			<label2>Movie Hub Shortcut</label2>
			<icon>special://skin/extras/icons/files.png</icon>
			<property name="labelID">1214</property>
			<property name="defaultID">1214</property>
			<onclick>ActivateWindow(Videos,Files,return)</onclick>
			<property name="path">ActivateWindow(Videos,Files,return)</property>
			<visible>StringCompare(System.ProfileName,Master user) + [StringCompare(Window(10000).Property(submenuVisibility),movieshub)]</visible>
			<property name="isSubmenu">True</property>
			<property name="group">movieshub</property>
		</item>
		<item id="12">
			<label>$LOCALIZE[24001]</label>
			<label2>Movie Hub Shortcut</label2>
			<icon>special://skin/extras/icons/addons.png</icon>
			<property name="labelID">24001</property>
			<property name="defaultID">24001</property>
			<onclick>ActivateWindow(videos,addons://sources/video/,return)</onclick>
			<property name="path">ActivateWindow(videos,addons://sources/video/,return)</property>
			<visible>StringCompare(System.ProfileName,Master user) + [StringCompare(Window(10000).Property(submenuVisibility),movieshub)]</visible>
			<property name="isSubmenu">True</property>
			<property name="group">movieshub</property>
		</item>
		<item id="13">
			<label>$LOCALIZE[653]</label>
			<label2>Movie Hub Shortcut</label2>
			<icon>special://skin/extras/icons/update.png</icon>
			<property name="labelID">653</property>
			<property name="defaultID">653</property>
			<onclick>UpdateLibrary(video)</onclick>
			<property name="path">UpdateLibrary(video)</property>
			<visible>StringCompare(System.ProfileName,Master user) + [StringCompare(Window(10000).Property(submenuVisibility),movieshub)]</visible>
			<property name="isSubmenu">True</property>
			<property name="group">movieshub</property>
		</item>
	</include>
	<include name="skinshortcuts-group-episodeshub">
		<item id="1">
			<label>$LOCALIZE[20343]</label>
			<label2>Episode Hub Shortcut</label2>
			<icon>special://skin/extras/icons/tv.png</icon>
			<property name="labelID">tvshows</property>
			<property name="defaultID">tvshows</property>
			<visible>Library.HasContent(TVShows)</visible>
			<onclick>ActivateWindow(Videos,TvShowTitles,return)</onclick>
			<property name="path">ActivateWindow(Videos,TvShowTitles,return)</property>
			<visible>StringCompare(System.ProfileName,Master user)</visible>
			<property name="group">episodeshub</property>
		</item>
		<item id="2">
			<label>$LOCALIZE[31173]</label>
			<label2>Episode Hub Shortcut</label2>
			<icon>special://skin/extras/icons/recentlyadded.png</icon>
			<property name="labelID">31173</property>
			<property name="defaultID">31173</property>
			<visible>Library.HasContent(TVShows)</visible>
			<onclick>ActivateWindow(Videos,RecentlyAddedEpisodes,return)</onclick>
			<property name="path">ActivateWindow(Videos,RecentlyAddedEpisodes,return)</property>
			<visible>StringCompare(System.ProfileName,Master user)</visible>
			<property name="group">episodeshub</property>
		</item>
		<item id="3">
			<label>$LOCALIZE[31174]</label>
			<label2>Episode Hub Shortcut</label2>
			<icon>special://skin/extras/icons/recent.png</icon>
			<property name="labelID">31174</property>
			<property name="defaultID">31174</property>
			<onclick>ActivateWindow(Videos,special://skin/extras/playlists/RecentEpisodes.xsp,return)</onclick>
			<property name="path">ActivateWindow(Videos,special://skin/extras/playlists/RecentEpisodes.xsp,return)</property>
			<visible>StringCompare(System.ProfileName,Master user)</visible>
			<property name="group">episodeshub</property>
		</item>
		<item id="4">
			<label>$LOCALIZE[31175]</label>
			<label2>Episode Hub Shortcut</label2>
			<icon>special://skin/extras/icons/signpost.png</icon>
			<property name="labelID">31175</property>
			<property name="defaultID">31175</property>
			<onclick>PlayMedia(special://skin/extras/playlists/RandomEpisodes.xsp)</onclick>
			<property name="path">PlayMedia(special://skin/extras/playlists/RandomEpisodes.xsp)</property>
			<visible>StringCompare(System.ProfileName,Master user)</visible>
			<property name="group">episodeshub</property>
		</item>
		<item id="5">
			<label>$LOCALIZE[137]</label>
			<label2>Episode Hub Shortcut</label2>
			<icon>special://skin/extras/icons/search.png</icon>
			<property name="labelID">137</property>
			<property name="defaultID">137</property>
			<onclick>RunScript(script.globalsearch,tvshows=true&amp;episodes=true&amp;movies=true)</onclick>
			<property name="path">RunScript(script.globalsearch,tvshows=true&amp;episodes=true&amp;movies=true)</property>
			<visible>StringCompare(System.ProfileName,Master user)</visible>
			<property name="group">episodeshub</property>
		</item>
		<item id="6">
			<label>$LOCALIZE[135]</label>
			<label2>Episode Hub Shortcut</label2>
			<icon>special://skin/extras/icons/genre.png</icon>
			<property name="labelID">135</property>
			<property name="defaultID">135</property>
			<visible>Library.HasContent(TVShows)</visible>
			<onclick>ActivateWindow(Videos,TvShowGenres,return)</onclick>
			<property name="path">ActivateWindow(Videos,TvShowGenres,return)</property>
			<visible>StringCompare(System.ProfileName,Master user)</visible>
			<property name="group">episodeshub</property>
		</item>
		<item id="7">
			<label>$LOCALIZE[20388]</label>
			<label2>Episode Hub Shortcut</label2>
			<icon>special://skin/extras/icons/director.png</icon>
			<property name="labelID">20388</property>
			<property name="defaultID">20388</property>
			<visible>Library.HasContent(TVShows)</visible>
			<onclick>ActivateWindow(Videos,TvShowStudios,return)</onclick>
			<property name="path">ActivateWindow(Videos,TvShowStudios,return)</property>
			<visible>StringCompare(System.ProfileName,Master user)</visible>
			<property name="group">episodeshub</property>
		</item>
		<item id="8">
			<label>$LOCALIZE[344]</label>
			<label2>Episode Hub Shortcut</label2>
			<icon>special://skin/extras/icons/actor.png</icon>
			<property name="labelID">344</property>
			<property name="defaultID">344</property>
			<visible>Library.HasContent(TVShows)</visible>
			<onclick>ActivateWindow(Videos,TvShowActors,return)</onclick>
			<property name="path">ActivateWindow(Videos,TvShowActors,return)</property>
			<visible>StringCompare(System.ProfileName,Master user)</visible>
			<property name="group">episodeshub</property>
		</item>
		<item id="9">
			<label>$LOCALIZE[652]</label>
			<label2>Episode Hub Shortcut</label2>
			<icon>special://skin/extras/icons/year.png</icon>
			<property name="labelID">652</property>
			<property name="defaultID">652</property>
			<visible>Library.HasContent(TVShows)</visible>
			<onclick>ActivateWindow(Videos,TvShowYears,return)</onclick>
			<property name="path">ActivateWindow(Videos,TvShowYears,return)</property>
			<visible>StringCompare(System.ProfileName,Master user)</visible>
			<property name="group">episodeshub</property>
		</item>
		<item id="10">
			<label>$LOCALIZE[136]</label>
			<label2>Episode Hub Shortcut</label2>
			<icon>special://skin/extras/icons/playlist.png</icon>
			<property name="labelID">136</property>
			<property name="defaultID">136</property>
			<onclick>ActivateWindow(videos,special://videoplaylists/,return)</onclick>
			<property name="path">ActivateWindow(videos,special://videoplaylists/,return)</property>
			<visible>StringCompare(System.ProfileName,Master user)</visible>
			<property name="group">episodeshub</property>
		</item>
		<item id="11">
			<label>$LOCALIZE[1214]</label>
			<label2>Episode Hub Shortcut</label2>
			<icon>special://skin/extras/icons/files.png</icon>
			<property name="labelID">1214</property>
			<property name="defaultID">1214</property>
			<onclick>ActivateWindow(Videos,Files,return)</onclick>
			<property name="path">ActivateWindow(Videos,Files,return)</property>
			<visible>StringCompare(System.ProfileName,Master user)</visible>
			<property name="group">episodeshub</property>
		</item>
		<item id="12">
			<label>$LOCALIZE[24001]</label>
			<label2>Episode Hub Shortcut</label2>
			<icon>special://skin/extras/icons/addons.png</icon>
			<property name="labelID">24001</property>
			<property name="defaultID">24001</property>
			<onclick>ActivateWindow(videos,addons://sources/video/,return)</onclick>
			<property name="path">ActivateWindow(videos,addons://sources/video/,return)</property>
			<visible>StringCompare(System.ProfileName,Master user)</visible>
			<property name="group">episodeshub</property>
		</item>
		<item id="13">
			<label>$LOCALIZE[653]</label>
			<label2>Episode Hub Shortcut</label2>
			<icon>special://skin/extras/icons/update.png</icon>
			<property name="labelID">653</property>
			<property name="defaultID">653</property>
			<onclick>UpdateLibrary(video)</onclick>
			<property name="path">UpdateLibrary(video)</property>
			<visible>StringCompare(System.ProfileName,Master user)</visible>
			<property name="group">episodeshub</property>
		</item>
	</include>
	<include name="skinshortcuts-group-alt-episodeshub">
		<item id="1">
			<label>$LOCALIZE[20343]</label>
			<label2>Episode Hub Shortcut</label2>
			<icon>special://skin/extras/icons/tv.png</icon>
			<property name="labelID">tvshows</property>
			<property name="defaultID">tvshows</property>
			<visible>Library.HasContent(TVShows)</visible>
			<onclick>ActivateWindow(Videos,TvShowTitles,return)</onclick>
			<property name="path">ActivateWindow(Videos,TvShowTitles,return)</property>
			<visible>StringCompare(System.ProfileName,Master user) + [StringCompare(Window(10000).Property(submenuVisibility),episodeshub)]</visible>
			<property name="isSubmenu">True</property>
			<property name="group">episodeshub</property>
		</item>
		<item id="2">
			<label>$LOCALIZE[31173]</label>
			<label2>Episode Hub Shortcut</label2>
			<icon>special://skin/extras/icons/recentlyadded.png</icon>
			<property name="labelID">31173</property>
			<property name="defaultID">31173</property>
			<visible>Library.HasContent(TVShows)</visible>
			<onclick>ActivateWindow(Videos,RecentlyAddedEpisodes,return)</onclick>
			<property name="path">ActivateWindow(Videos,RecentlyAddedEpisodes,return)</property>
			<visible>StringCompare(System.ProfileName,Master user) + [StringCompare(Window(10000).Property(submenuVisibility),episodeshub)]</visible>
			<property name="isSubmenu">True</property>
			<property name="group">episodeshub</property>
		</item>
		<item id="3">
			<label>$LOCALIZE[31174]</label>
			<label2>Episode Hub Shortcut</label2>
			<icon>special://skin/extras/icons/recent.png</icon>
			<property name="labelID">31174</property>
			<property name="defaultID">31174</property>
			<onclick>ActivateWindow(Videos,special://skin/extras/playlists/RecentEpisodes.xsp,return)</onclick>
			<property name="path">ActivateWindow(Videos,special://skin/extras/playlists/RecentEpisodes.xsp,return)</property>
			<visible>StringCompare(System.ProfileName,Master user) + [StringCompare(Window(10000).Property(submenuVisibility),episodeshub)]</visible>
			<property name="isSubmenu">True</property>
			<property name="group">episodeshub</property>
		</item>
		<item id="4">
			<label>$LOCALIZE[31175]</label>
			<label2>Episode Hub Shortcut</label2>
			<icon>special://skin/extras/icons/signpost.png</icon>
			<property name="labelID">31175</property>
			<property name="defaultID">31175</property>
			<onclick>PlayMedia(special://skin/extras/playlists/RandomEpisodes.xsp)</onclick>
			<property name="path">PlayMedia(special://skin/extras/playlists/RandomEpisodes.xsp)</property>
			<visible>StringCompare(System.ProfileName,Master user) + [StringCompare(Window(10000).Property(submenuVisibility),episodeshub)]</visible>
			<property name="isSubmenu">True</property>
			<property name="group">episodeshub</property>
		</item>
		<item id="5">
			<label>$LOCALIZE[137]</label>
			<label2>Episode Hub Shortcut</label2>
			<icon>special://skin/extras/icons/search.png</icon>
			<property name="labelID">137</property>
			<property name="defaultID">137</property>
			<onclick>RunScript(script.globalsearch,tvshows=true&amp;episodes=true&amp;movies=true)</onclick>
			<property name="path">RunScript(script.globalsearch,tvshows=true&amp;episodes=true&amp;movies=true)</property>
			<visible>StringCompare(System.ProfileName,Master user) + [StringCompare(Window(10000).Property(submenuVisibility),episodeshub)]</visible>
			<property name="isSubmenu">True</property>
			<property name="group">episodeshub</property>
		</item>
		<item id="6">
			<label>$LOCALIZE[135]</label>
			<label2>Episode Hub Shortcut</label2>
			<icon>special://skin/extras/icons/genre.png</icon>
			<property name="labelID">135</property>
			<property name="defaultID">135</property>
			<visible>Library.HasContent(TVShows)</visible>
			<onclick>ActivateWindow(Videos,TvShowGenres,return)</onclick>
			<property name="path">ActivateWindow(Videos,TvShowGenres,return)</property>
			<visible>StringCompare(System.ProfileName,Master user) + [StringCompare(Window(10000).Property(submenuVisibility),episodeshub)]</visible>
			<property name="isSubmenu">True</property>
			<property name="group">episodeshub</property>
		</item>
		<item id="7">
			<label>$LOCALIZE[20388]</label>
			<label2>Episode Hub Shortcut</label2>
			<icon>special://skin/extras/icons/director.png</icon>
			<property name="labelID">20388</property>
			<property name="defaultID">20388</property>
			<visible>Library.HasContent(TVShows)</visible>
			<onclick>ActivateWindow(Videos,TvShowStudios,return)</onclick>
			<property name="path">ActivateWindow(Videos,TvShowStudios,return)</property>
			<visible>StringCompare(System.ProfileName,Master user) + [StringCompare(Window(10000).Property(submenuVisibility),episodeshub)]</visible>
			<property name="isSubmenu">True</property>
			<property name="group">episodeshub</property>
		</item>
		<item id="8">
			<label>$LOCALIZE[344]</label>
			<label2>Episode Hub Shortcut</label2>
			<icon>special://skin/extras/icons/actor.png</icon>
			<property name="labelID">344</property>
			<property name="defaultID">344</property>
			<visible>Library.HasContent(TVShows)</visible>
			<onclick>ActivateWindow(Videos,TvShowActors,return)</onclick>
			<property name="path">ActivateWindow(Videos,TvShowActors,return)</property>
			<visible>StringCompare(System.ProfileName,Master user) + [StringCompare(Window(10000).Property(submenuVisibility),episodeshub)]</visible>
			<property name="isSubmenu">True</property>
			<property name="group">episodeshub</property>
		</item>
		<item id="9">
			<label>$LOCALIZE[652]</label>
			<label2>Episode Hub Shortcut</label2>
			<icon>special://skin/extras/icons/year.png</icon>
			<property name="labelID">652</property>
			<property name="defaultID">652</property>
			<visible>Library.HasContent(TVShows)</visible>
			<onclick>ActivateWindow(Videos,TvShowYears,return)</onclick>
			<property name="path">ActivateWindow(Videos,TvShowYears,return)</property>
			<visible>StringCompare(System.ProfileName,Master user) + [StringCompare(Window(10000).Property(submenuVisibility),episodeshub)]</visible>
			<property name="isSubmenu">True</property>
			<property name="group">episodeshub</property>
		</item>
		<item id="10">
			<label>$LOCALIZE[136]</label>
			<label2>Episode Hub Shortcut</label2>
			<icon>special://skin/extras/icons/playlist.png</icon>
			<property name="labelID">136</property>
			<property name="defaultID">136</property>
			<onclick>ActivateWindow(videos,special://videoplaylists/,return)</onclick>
			<property name="path">ActivateWindow(videos,special://videoplaylists/,return)</property>
			<visible>StringCompare(System.ProfileName,Master user) + [StringCompare(Window(10000).Property(submenuVisibility),episodeshub)]</visible>
			<property name="isSubmenu">True</property>
			<property name="group">episodeshub</property>
		</item>
		<item id="11">
			<label>$LOCALIZE[1214]</label>
			<label2>Episode Hub Shortcut</label2>
			<icon>special://skin/extras/icons/files.png</icon>
			<property name="labelID">1214</property>
			<property name="defaultID">1214</property>
			<onclick>ActivateWindow(Videos,Files,return)</onclick>
			<property name="path">ActivateWindow(Videos,Files,return)</property>
			<visible>StringCompare(System.ProfileName,Master user) + [StringCompare(Window(10000).Property(submenuVisibility),episodeshub)]</visible>
			<property name="isSubmenu">True</property>
			<property name="group">episodeshub</property>
		</item>
		<item id="12">
			<label>$LOCALIZE[24001]</label>
			<label2>Episode Hub Shortcut</label2>
			<icon>special://skin/extras/icons/addons.png</icon>
			<property name="labelID">24001</property>
			<property name="defaultID">24001</property>
			<onclick>ActivateWindow(videos,addons://sources/video/,return)</onclick>
			<property name="path">ActivateWindow(videos,addons://sources/video/,return)</property>
			<visible>StringCompare(System.ProfileName,Master user) + [StringCompare(Window(10000).Property(submenuVisibility),episodeshub)]</visible>
			<property name="isSubmenu">True</property>
			<property name="group">episodeshub</property>
		</item>
		<item id="13">
			<label>$LOCALIZE[653]</label>
			<label2>Episode Hub Shortcut</label2>
			<icon>special://skin/extras/icons/update.png</icon>
			<property name="labelID">653</property>
			<property name="defaultID">653</property>
			<onclick>UpdateLibrary(video)</onclick>
			<property name="path">UpdateLibrary(video)</property>
			<visible>StringCompare(System.ProfileName,Master user) + [StringCompare(Window(10000).Property(submenuVisibility),episodeshub)]</visible>
			<property name="isSubmenu">True</property>
			<property name="group">episodeshub</property>
		</item>
	</include>
</includes>
