<?xml version="1.0" encoding="UTF-8"?>
<!-- Foundation -->
<includes>
    <include name="View_51_BigWide_Info">
        <description>List View (id=51)</description>
        <control type="group">
            <include>Animation.Common</include>
            <visible>Control.IsVisible(51)</visible>
            <control type="group">
                <top>PosterPad</top>
                <left>SidePad</left>
                <right>SidePad</right>
                <height>640</height>
                <control type="image">
                    <left>-8</left>
                    <right>-8</right>
                    <top>-8</top>
                    <bottom>-8</bottom>
                    <texture border="15" colordiffuse="Panel">common/rounded-shadow8.png</texture>
                </control>
                <control type="wraplist" id="51">
                    <visible>Container.Content(musicvideos) | Container.Content(artists) | Container.Content(movies) | Container.Content(tvshows) | Container.Content(episodes) | Container.Content(sets)</visible>
                    <width>1112</width>
                    <right>0</right>
                    <top>0</top>
                    <bottom>0</bottom>
                    <onup condition="!Skin.HasSetting(global.kioskmode)">9000</onup>
                    <ondown>60</ondown>
                    <onleft>51</onleft>
                    <onright>51</onright>
                    <preloaditems>0</preloaditems>
                    <pagecontrol>60</pagecontrol>
                    <orientation>horizontal</orientation>
                    <viewtype label="540">list</viewtype>
                    <scrolltime tween="quadratic">400</scrolltime>
                    <itemlayout height="640" width="1112">
                        <control type="image">
                            <top>0</top>
                            <right>0</right>
                            <width>100%</width>
                            <height>100%</height>
                            <aspectratio scalediffuse="false">scale</aspectratio>
                            <texture background="true" diffuse="diffuse/lovefilmthumb.png">$VAR[FanartImage]</texture>
                        </control>
                    </itemlayout>

                    <focusedlayout height="640" width="1112">
                        <control type="image">
                            <top>0</top>
                            <right>0</right>
                            <width>100%</width>
                            <height>100%</height>
                            <aspectratio scalediffuse="false">scale</aspectratio>
                            <texture background="true" diffuse="diffuse/lovefilmthumb.png">$VAR[FanartImage]</texture>
                        </control>
                    </focusedlayout>
                </control>
                <control type="group">
                    <left>30</left>
                    <right>1142</right>
                    <top>10</top>
                    <bottom>30</bottom>
                    <control type="label">
                        <top>10</top>
                        <aligny>center</aligny>
                        <height>64</height>
                        <font>SmallBold</font>
                        <scroll>true</scroll>
                        <textcolor>PanelWhite100</textcolor>
                        <selectedcolor>PanelWhite100</selectedcolor>
                        <label>$INFO[ListItem.Label]</label>
                    </control>
                    <control type="label">
                        <top>50</top>
                        <height>64</height>
                        <aligny>center</aligny>
                        <font>Tiny</font>
                        <textcolor>PanelWhite100</textcolor>
                        <selectedcolor>PanelWhite100</selectedcolor>
                        <label>$VAR[LabelGenre]</label>
                    </control>
                    <control type="textbox">
                        <top>125</top>
                        <height>424</height>
                        <align>justify</align>
                        <font>Tiny</font>
                        <textcolor>PanelWhite100</textcolor>
                        <selectedcolor>PanelWhite100</selectedcolor>
                        <label>$VAR[LabelPlotBox]</label>
                    </control>
                    <control type="label">
                        <bottom>0</bottom>
                        <height>30</height>
                        <aligny>center</aligny>
                        <align>right</align>
                        <font>Tiny</font>
                        <textcolor>PanelWhite70</textcolor>
                        <selectedcolor>PanelWhite70</selectedcolor>
                        <label>$VAR[LabelDuration]$INFO[ListItem.Rating,  •  ]</label>
                        <visible>!Container.Content(movies) + !Container.Content(episodes)</visible>
                    </control>
                    <control type="label">
                        <bottom>0</bottom>
                        <height>30</height>
                        <aligny>center</aligny>
                        <align>right</align>
                        <font>Tiny</font>
                        <textcolor>PanelWhite70</textcolor>
                        <selectedcolor>PanelWhite70</selectedcolor>
                        <label>$VAR[LabelYear,,  •  ]$VAR[LabelDuration]$INFO[ListItem.Rating,  •  ]</label>
                        <visible>Container.Content(movies) | Container.Content(episodes)</visible>
                    </control>
                    <control type="image">
                        <centerleft>12</centerleft>
                        <centerbottom>12</centerbottom>
                        <width>32</width>
                        <height>32</height>
                        <aspectratio aligny="top">keep</aspectratio>
                        <texture>$VAR[PercentWatched]</texture>
                        <visible>!stringcompare(ListItem.Label,..)</visible>
                    </control>
                </control>
            </control>
            <include>Furniture_Scrollbar_Horizontal</include>
        </control>
    </include>
    <include name="View_51_BigWide">
        <description>List View (id=51)</description>
        <control type="group">
            <include>Animation.Common</include>
            <visible>Control.IsVisible(51)</visible>
            <control type="group">
                <include>BigWideContent</include>
                <control type="group">
                    <left>0</left>
                    <right>0</right>
                    <bottom>0</bottom>
                    <height>70</height>
              
                    <control type="image">
                        <left>0</left>
                        <right>0</right>
                        <bottom>0</bottom>
                        <height>70</height>
                        <texture border="15" colordiffuse="df000000">common/white.png</texture>
                    </control>
                    <control type="label">
                        <posx>30</posx>
                        <width>200</width>
                        <font>Small</font>
                        <aligny>center</aligny>
                        <height>64</height>
                        <textcolor>PanelWhite70</textcolor>
                        <selectedcolor>PanelWhite70</selectedcolor>
                        <label>$VAR[LabelYear]</label>
                        <visible>Container.Content(movies) | Container.Content(episodes)</visible>
                    </control>
                    <control type="label">
                        <posx>120</posx>
                        <width>auto</width>
                        <aligny>center</aligny>
                        <height>64</height>
                        <font>SmallBold</font>
                        <textcolor>PanelWhite70</textcolor>
                        <selectedcolor>PanelWhite70</selectedcolor>
                        <label>$INFO[ListItem.Label]</label>
                        <animation effect="slide" start="0" end="-90" time="0" condition="![Container.Content(movies) | Container.Content(episodes)]">Conditional</animation>
                        <animation effect="slide" start="0" end="70" time="0" condition="Container.Content(episodes)">Conditional</animation>
                    </control>
                    <control type="label">
                        <right>154</right>
                        <width>500</width>
                        <aligny>center</aligny>
                        <height>64</height>
                        <align>right</align>
                        <font>Small</font>
                        <textcolor>PanelWhite70</textcolor>
                        <selectedcolor>PanelWhite70</selectedcolor>
                        <label>$VAR[LabelDuration]</label>
                    </control>
                    <control type="image">
                        <centerright>110</centerright>
                        <centertop>32</centertop>
                        <width>32</width>
                        <height>32</height>
                        <aspectratio aligny="top">keep</aspectratio>
                        <texture>$VAR[PercentWatched]</texture>
                        <visible>!stringcompare(ListItem.Label,..)</visible>
                        <animation effect="slide" start="0" end="64" time="0" condition="Container.Content(Seasons)">Conditional</animation>
                    </control>
                    <control type="label">
                        <right>30</right>
                        <width>500</width>
                        <aligny>center</aligny>
                        <height>64</height>
                        <align>right</align>
                        <font>Small</font>
                        <textcolor>PanelWhite70</textcolor>
                        <selectedcolor>PanelWhite70</selectedcolor>
                        <label>$INFO[ListItem.Rating]</label>
                        <visible>!Container.Content(seasons)</visible>
                    </control>
                </control>
            
            </control>
            <include>Furniture_Scrollbar_Horizontal</include>
        </control>
    </include>
    <include name="BigWideContent">
        <top>PosterPad</top>
        <left>SidePad</left>
        <right>SidePad</right>
        <height>640</height>
        <control type="image">
            <left>-8</left>
            <right>-8</right>
            <top>-8</top>
            <bottom>-8</bottom>
            <texture border="15" colordiffuse="Panel">common/rounded-shadow8.png</texture>
        </control>
        <control type="wraplist" id="51">
            <visible>Container.Content(musicvideos) | Container.Content(artists) | Container.Content(movies) | Container.Content(tvshows) | Container.Content(episodes) | Container.Content(sets)</visible>
            <left>0</left>
            <right>0</right>
            <top>0</top>
            <bottom>0</bottom>
            <onup condition="!Skin.HasSetting(global.kioskmode)">9000</onup>
            <ondown>60</ondown>
            <onleft>51</onleft>
            <onright>51</onright>
            <preloaditems>0</preloaditems>
            <pagecontrol>60</pagecontrol>
            <orientation>horizontal</orientation>
            <viewtype label="540">list</viewtype>
            <scrolltime tween="quadratic">400</scrolltime>
            <itemlayout height="640" width="1760">
                <control type="image">
                    <centerleft>50%</centerleft>
                    <centertop>50%</centertop>
                    <width>1920</width>
                    <height>1080</height>
                    <aspectratio scalediffuse="false">scale</aspectratio>
                    <texture background="true" diffuse="diffuse/lovefilm.png">$VAR[FanartImage]</texture>
                </control>
            </itemlayout>
           
            <focusedlayout height="640" width="1760">
                <control type="image">
                    <centerleft>50%</centerleft>
                    <centertop>50%</centertop>
                    <width>1920</width>
                    <height>1080</height>
                    <aspectratio scalediffuse="false">scale</aspectratio>
                    <texture background="true" diffuse="diffuse/lovefilm.png">$VAR[FanartImage]</texture>
                </control>
            </focusedlayout>
        </control>
    </include>
    
</includes>
