<?xml version="1.0" encoding="UTF-8"?>
<window>
	<!-- addoninformation -->
	<defaultcontrol always="true">9000</defaultcontrol>
	<include>DialogAnimation</include>

	<controls>

		<!-- Background -->
		<include>SkinPanelBackgroundImage</include>

		<!-- Heading -->
		<control type="label">
			<left>150</left>
			<top>96</top>
			<width>1620</width>
			<height>72</height>
			<font>XLarge</font>
			<textcolor>ColorFO</textcolor>
			<label>24003</label>
		</control>

		<!-- Name -->
		<control type="label">
			<left>150</left>
			<top>235</top>
			<width>430</width>
			<height>36</height>
			<font>Med</font>
			<textcolor>ColorFO</textcolor>
			<label>[B]$INFO[ListItem.Property(Addon.Name)][/B]</label>
		</control>

		<!-- Image -->
		<control type="group">
			<control type="image">
				<left>150</left>
				<top>322</top>
				<width>405</width>
				<height>405</height>
				<texture>$INFO[ListItem.Art(fanart)]</texture>
				<aspectratio aligny="center">keep</aspectratio>
			</control>
			<control type="image">
				<left>150</left>
				<top>322</top>
				<width>405</width>
				<height>405</height>
				<texture border="21,21,21,150">views/OverlayEffect.png</texture>
				<visible>Skin.HasSetting(Overlays)</visible>
			</control>
		</control>

		<!-- Info -->
		<control type="group">
			<left>600</left>
			<top>235</top>

			<!-- Details -->
			<control type="grouplist">
				<width>1170</width>
				<height>336</height>
				<itemgap>12</itemgap>
				<orientation>vertical</orientation>
				<usecontrolcoords>true</usecontrolcoords>

				<!-- Type -->
				<control type="group">
					<height>36</height>
					<width>1170</width>
					<visible>!IsEmpty(ListItem.Property(Addon.Type))</visible>
					<control type="label">
						<width>200</width>
						<height>36</height>
						<align>right</align>
						<font>Med</font>
						<label>21863</label>
						<textcolor>ColorHeading</textcolor>
					</control>
					<control type="label">
						<left>220</left>
						<width>950</width>
						<height>36</height>
						<font>Med</font>
						<label fallback="416">$INFO[ListItem.Property(Addon.Type)]</label>
						<textcolor>ColorFO</textcolor>
					</control>
				</control>

				<!-- Author -->
				<control type="group">
					<height>36</height>
					<width>1170</width>
					<visible>!IsEmpty(ListItem.Property(Addon.Creator))</visible>
					<control type="label">
						<width>200</width>
						<height>36</height>
						<align>right</align>
						<font>Med</font>
						<label>21863</label>
						<textcolor>ColorHeading</textcolor>
					</control>
					<control type="label">
						<left>220</left>
						<width>950</width>
						<height>36</height>
						<font>Med</font>
						<label fallback="416">$INFO[ListItem.Property(Addon.Creator)]</label>
						<textcolor>ColorFO</textcolor>
					</control>
				</control>

				<!-- Version -->
				<control type="group">
					<height>36</height>
					<width>1170</width>
					<visible>!IsEmpty(ListItem.Property(Addon.Version))</visible>
					<control type="label">
						<width>200</width>
						<height>36</height>
						<align>right</align>
						<font>Med</font>
						<label>24051</label>
						<textcolor>ColorHeading</textcolor>
					</control>
					<control type="label">
						<left>220</left>
						<width>950</width>
						<height>36</height>
						<font>Med</font>
						<label fallback="416">$INFO[ListItem.Property(Addon.Version)]</label>
						<textcolor>ColorFO</textcolor>
					</control>
				</control>

				<!-- Rating -->
				<!--control type="group">
					<height>36</height>
					<width>1170</width>
					<visible>!IsEmpty(ListItem.Property(Addon.Rating))</visible>
					<control type="label">
						<width>200</width>
						<height>36</height>
						<align>right</align>
						<font>Med</font>
						<label>563</label>
						<textcolor>ColorHeading</textcolor>
					</control>
					<control type="label">
						<left>220</left>
						<width>950</width>
						<height>36</height>
						<font>Med</font>
						<label fallback="416">$INFO[ListItem.Property(Addon.Rating)]</label>
						<textcolor>ColorFO</textcolor>
					</control>
				</control-->

				<!-- Summary -->
				<control type="group">
					<height>112</height>
					<width>1170</width>
					<visible>!IsEmpty(ListItem.Property(Addon.Summary))</visible>
					<control type="label">
						<width>200</width>
						<height>36</height>
						<align>right</align>
						<font>Med</font>
						<label>20037</label>
						<textcolor>ColorHeading</textcolor>
					</control>
					<control type="label">
					<top>-6</top>
						<left>220</left>
						<width>950</width>
						<height>112</height>
						<font>Med</font>
						<aligny>top</aligny>
						<wrapmultiline>true</wrapmultiline>
						<label fallback="416">$INFO[ListItem.Property(Addon.Summary)]</label>
						<textcolor>ColorFO</textcolor>
					</control>
				</control>

			</control>

			<!-- Description -->
			<control type="textbox">
				<top>370</top>
				<width>1170</width>
				<height>210</height>
				<textcolor>ColorHeading</textcolor>
				<label>$INFO[ListItem.Property(Addon.Description)]</label>
			</control>

		</control>

		<!-- Button grouplist -->
		<control type="grouplist" id="9000">
			<left>150</left>
			<top>912</top>
			<width>1620</width>
			<height>66</height>
			<itemgap>0</itemgap>
			<onleft>noop</onleft>
			<onright>noop</onright>
			<onup>50</onup>
			<ondown>noop</ondown>
			<orientation>horizontal</orientation>

			<!-- Launch Addon Button -->
				<control type="button" id="12">
				<width>231</width>
				<label>518</label>
				<visible>Control.IsEnabled(12)</visible>
			</control>
			<!-- Configure Addon Button -->
				<control type="button" id="9">
				<width>231</width>
				<label>24020</label>
				<visible>Control.IsEnabled(9)</visible>
			</control>
			<!-- Update Addon Button -->
				<control type="button" id="8">
				<width>231</width>
				<label>24069</label>
				<visible>Control.IsEnabled(8)</visible>
			</control>
			<!-- Install/UnInstall Addon button -->
			<control type="button" id="6">
				<width>231</width>
				<label>24022</label>
				<visible>Control.IsEnabled(6)</visible>
			</control>
			<!-- Enable/Disable Addon button -->
				<control type="button" id="7">
				<width>231</width>
				<label>24021</label>
				<visible>Control.IsEnabled(7)</visible>
			</control>
			<!-- Rollback Button -->
			<control type="button" id="11">
				<width>231</width>
				<label>24048</label>
				<visible>Control.IsEnabled(11)</visible>
			</control>
			<!-- Changelog Button -->
			<control type="button" id="10">
				<width>231</width>
				<label>24036</label>
				<visible>Control.IsEnabled(10)</visible>
			</control>

		</control>

	</controls>

</window>