<!-- List view -->
<?xml version="1.0" encoding="UTF-8"?>
<includes>
	<include name="Viewtype50">
		<control type="group">
			<left>140</left>
			<top>140</top>
			<visible>Control.IsVisible(50)</visible>
			<!-- Image -->
			<control type="image">
				<width>405</width>
				<height>600</height>
				<texture>$INFO[ListItem.Icon]</texture>
				<aspectratio aligny="bottom">scale</aspectratio>
				<visible>SubString(ListItem.Icon,Default)</visible>
			</control>
			<control type="image">
				<width>405</width>
				<height>600</height>
				<texture colordiffuse="00ffffff">$INFO[ListItem.Icon]</texture>
				<aspectratio>scale</aspectratio>
				<bordertexture>common/black.png</bordertexture>
				<visible>!SubString(ListItem.Icon,Default)</visible>
			</control>
			<control type="image">
				<width>405</width>
				<height>600</height>
				<texture>$INFO[ListItem.Icon]</texture>
				<aspectratio>scale</aspectratio>
				<visible>!SubString(ListItem.Icon,Default)</visible>
			</control>
			<!-- Info movie -->
			<control type="group">
                                <left>-60</left>
                                <top>610</top>
                                <control type="image">
                                        <height>48</height>
                                        <width>100</width>
                                        <align>center</align>
                                        <aspectratio>keep</aspectratio>
                                        <texture>$INFO[ListItem.VideoResolution,flagging/video/,.png]</texture>
                                        <visible>Container.content(movies)</visible>
                                </control>
                                <control type="image">
                                        <left>102</left>
                                        <height>48</height>
                                        <width>100</width>
                                        <align>center</align>
                                        <aspectratio>keep</aspectratio>
                                        <texture>$INFO[ListItem.AudioCodec,flagging/audio/,.png]</texture>
                                        <visible>Container.content(movies)</visible>
                                </control>
				<control type="image">
                                        <left>204</left>
                                        <height>48</height>
                                        <width>100</width>
                                        <align>center</align>
                                        <aspectratio>keep</aspectratio>
                                        <texture>$INFO[ListItem.VideoAspect,flagging/aspectratio/,.png]</texture>
                                        <visible>Container.content(movies)</visible>
                                </control>
                                <control type="image">
                                        <left>306</left>
                                        <height>48</height>
                                        <width>100</width>
                                        <align>center</align>
                                        <aspectratio>keep</aspectratio>
                                        <texture>$INFO[ListItem.AudioChannels,flagging/audio/,.png]</texture>
                                        <visible>Container.content(movies)</visible>
                                </control>
                                <control type="image">
                                        <left>408</left>
                                        <height>48</height>
                                        <width>100</width>
                                        <align>center</align>
                                        <aspectratio>keep</aspectratio>
                                        <texture>$VAR[videocodec,flagging/video/,.png]</texture>
                                        <visible>Container.content(movies)</visible>
                                </control>
                        </control>

			<!-- Info Episode -->
			<control type="group">
				<left>-60</left>
				<top>460</top>
				<control type="image">
					<height>48</height>
					<width>100</width>
					<align>center</align>
					<aspectratio>keep</aspectratio>
					<texture>$INFO[ListItem.VideoResolution,flagging/video/,.png]</texture>
					<visible>Container.content(episodes)</visible>
				</control>
				<control type="image">
					<left>102</left>
					<height>48</height>
					<width>100</width>
					<align>center</align>
					<aspectratio>keep</aspectratio>
					<texture>$INFO[ListItem.AudioCodec,flagging/audio/,.png]</texture>
					<visible>Container.content(episodes)</visible>
				</control>
				<control type="image">
					<left>204</left>
					<height>48</height>
					<width>100</width>
					<align>center</align>
					<aspectratio>keep</aspectratio>
					<texture>$INFO[ListItem.VideoAspect,flagging/aspectratio/,.png]</texture>
					<visible>Container.content(episodes)</visible>
				</control>
				<control type="image">
					<left>306</left>
					<height>48</height>
					<width>100</width>
					<align>center</align>
					<aspectratio>keep</aspectratio>
					<texture>$INFO[ListItem.AudioChannels,flagging/audio/,.png]</texture>
					<visible>Container.content(episodes)</visible>
				</control>
				<control type="image">
					<left>408</left>
					<height>48</height>
					<width>100</width>
					<align>center</align>
					<aspectratio>keep</aspectratio>
					<texture>$VAR[videocodec,flagging/video/,.png]</texture>
					<visible>Container.content(episodes)</visible>
				</control>
			</control>
			<!--control type="grouplist">
				<top>649</top>
				<width>405</width>
				<height>152</height>
				<itemgap>0</itemgap>
				<visible>!SubString(ListItem.Icon,Default)</visible>
				<control type="button">
					<width>405</width>
					<height>48</height>
					<font>XSmall</font>
					<textcolor>ColorHeading</textcolor>
					<focusedcolor>ColorHeading</focusedcolor>
					<label>$VAR[InfoHeading1]</label>
					<label2>$VAR[InfoDetails1]</label2>
				</control>
				<control type="button">
					<width>405</width>
					<height>48</height>
					<font>XSmall</font>
					<textcolor>ColorHeading</textcolor>
					<focusedcolor>ColorHeading</focusedcolor>
					<label>$VAR[InfoHeading2]</label>
					<label2>$VAR[InfoDetails2]</label2>
				</control>
				<control type="button">
					<width>405</width>
					<height>48</height>
					<font>XSmall</font>
					<textcolor>ColorHeading</textcolor>
					<focusedcolor>ColorHeading</focusedcolor>
					<label>$VAR[InfoHeading3]</label>
					<label2>$VAR[InfoDetails3]</label2>
				</control>
			</control-->
			<!-- Previous item -->
			<control type="image">
				<left>525</left>
				<top>-4</top>
				<width>40</width>
				<height>4</height>
				<texture colordiffuse="ColorSelected">common/white.png</texture>
				<visible>Container(50).HasPrevious</visible>
			</control>
			<!-- List -->
			<control type="fixedlist" id="50">
				<left>485</left>
				<width>1155</width>
				<height>780</height>
				<onup>50</onup>
				<ondown>50</ondown>
				<onright>60</onright>
				<onleft condition="!Skin.HasSetting(KioskMode)">3000</onleft>
				<pagecontrol>60</pagecontrol>
				<focusposition>4</focusposition>
				<orientation>vertical</orientation>
				<viewtype label="535">list</viewtype>
				<scrolltime tween="sine" easing="out">240</scrolltime>
				<itemlayout height="80" width="1155">
					<!-- Watched status -->
					<control type="image">
						<top>30</top>
						<width>20</width>
						<height>20</height>
						<texture>$VAR[StatusOverlay]</texture>
					</control>
					<control type="label">
						<left>40</left>
						<top>0</top>
						<width>1115</width>
						<height>80</height>
						<font>Med</font>
						<label>$INFO[ListItem.Label]</label>
						<textcolor>ColorNF</textcolor>
					</control>
				</itemlayout>
				<focusedlayout height="140" width="1155">
					<!-- Watched status -->
					<control type="image">
						<top>60</top>
						<width>20</width>
						<height>20</height>
						<texture>$VAR[StatusOverlay]</texture>
					</control>
					<control type="group">
						<visible>Control.Hasfocus(50)</visible>
						<control type="label">
							<left>40</left>
							<top>20</top>
							<width>1115</width>
							<height>50</height>
							<font>XLarge</font>
							<label>$INFO[ListItem.Label]</label>
							<textcolor>ColorFO</textcolor>
							<animation effect="slide" end="0,22" condition="IsEmpty(Control.GetLabel(9999))">Conditional</animation>
						</control>
						<control type="label">
							<left>40</left>
							<top>80</top>
							<width>1115</width>
							<height>30</height>
							<font>Small</font>
							<label>$VAR[Label2]</label>
							<textcolor>ColorFO</textcolor>
							<visible>!IsEmpty(Control.GetLabel(9999))</visible>
						</control>
					</control>
					<control type="group">
						<visible>!Control.Hasfocus(50)</visible>
						<control type="label">
							<left>40</left>
							<top>20</top>
							<width>1115</width>
							<height>50</height>
							<font>XLarge</font>
							<label>$INFO[ListItem.Label]</label>
							<textcolor>ColorSelected</textcolor>
							<animation effect="slide" end="0,22" condition="IsEmpty(Control.GetLabel(9999))">Conditional</animation>
						</control>
						<control type="label">
							<left>40</left>
							<top>80</top>
							<width>1115</width>
							<height>30</height>
							<font>Small</font>
							<label>$VAR[Label2]</label>
							<textcolor>ColorSelected</textcolor>
							<visible>!IsEmpty(Control.GetLabel(9999))</visible>
						</control>
					</control>
				</focusedlayout>
			</control>
			<!-- Next item -->
			<control type="image">
				<left>525</left>
				<bottom>156</bottom>
				<width>40</width>
				<height>4</height>
				<texture colordiffuse="ColorSelected">common/white.png</texture>
				<visible>Container(50).HasNext</visible>
			</control>
			<!-- Scrollbar -->
			<control type="scrollbar" id="60">
				<left>1640</left>
				<width>20</width>
				<height>780</height>
				<onleft>50</onleft>
				<onright>noop</onright>
				<showonepage>false</showonepage>
				<orientation>vertical</orientation>
				<texturesliderbackground colordiffuse="22ffffff" border="3">common/ScrollbarVertical.png</texturesliderbackground>
				<texturesliderbar colordiffuse="ColorNF" border="3">common/ScrollbarVertical.png</texturesliderbar>
				<texturesliderbarfocus colordiffuse="ColorFO" border="3">common/ScrollbarVertical.png</texturesliderbarfocus>
				<textureslidernib>-</textureslidernib>
				<textureslidernibfocus>-</textureslidernibfocus>
			</control>
		</control>
	</include>
</includes>
