<?xml version="1.0" encoding="UTF-8"?>
<overrides>
	<!-- Movies -->
	<!-- Recent movies -->
	<widget label="Recent movies">RecentMovies</widget>
	<widgetdefault labelID="movies">RecentMovies</widgetdefault>
	<!-- Recommended movies -->
	<widget label="Recommended movies">RecommendedMovies</widget>
	<!-- Random movies -->
	<widget label="Random movies">RandomMovies</widget>
	<!-- Episodes -->
	<!-- Recent episodes -->
	<widget label="Recent episodes">RecentEpisodes</widget>
	<widgetdefault labelID="tvshows">RecentEpisodes</widgetdefault>
	<!-- Recommended Recommended episodes -->
	<widget label="Recommended episodes">RecommendedEpisodes</widget>
	<!-- Random episodes -->
	<widget label="Random episodes">RandomEpisodes</widget>
	<!-- Albums -->
	<!-- Recent albums -->
	<widget label="Recent albums">RecentAlbums</widget>
	<widgetdefault labelID="music">RecentAlbums</widgetdefault>
	<!-- Recommended albums -->
	<widget label="Recommended albums">RecommendedAlbums</widget>
	<!-- Random albums -->
	<widget label="Random albums">RandomAlbums</widget>
	<icon labelID="service.osmc.settings">home/DefaultOSMC.png</icon>
	<icon labelID="settings">home/DefaultSettings.png</icon>
	<icon labelID="33060">home/DefaultPower.png</icon>
	<icon labelID="radio">home/DefaultRadio.png</icon>
	<icon labelID="livetv">home/DefaultLiveTV.png</icon>
	<icon labelID="weather">home/DefaultWeather.png</icon>
	<icon labelID="1036">home/DefaultFavourites.png</icon>
	<icon image="DefaultShortcut.png">home/DefaultShortcut.png</icon>
	<icon image="DefaultMovies.png">home/DefaultMovies.png</icon>
	<icon image="DefaultVideos.png">home/DefaultVideos.png</icon>
	<icon image="DefaultTVShows.png">home/DefaultTVShows.png</icon>
	<icon image="DefaultAudio.png">home/DefaultAudio.png</icon>
	<icon image="DefaultMusicAlbums.png">home/DefaultMusicAlbums.png</icon>
	<icon image="DefaultMusicVideos.png">home/DefaultMusicVideos.png</icon>
	<icon image="DefaultPicture.png">home/DefaultPicture.png</icon>
	<icon image="DefaultPicture.png">home/DefaultPicture.png</icon>
	<icon image="DefaultDVDFull.png">home/DefaultDVDFull.png</icon>
	<icon image="DefaultFolder.png">home/DefaultFolder.png</icon>
	<icon image="UnknownUser.png">home/UnknownUser.png</icon>
	<icon image="DefaultVideoPlaylists.png">home/DefaultVideoPlaylists.png</icon>
	<icon image="DefaultMusicPlaylists.png">home/DefaultMusicPlaylists.png</icon>
	<icon image="DefaultRecentlyAddedMovies.png">home/DefaultRecentlyAddedMovies.png</icon>
	<icon image="DefaultActor.png">home/DefaultActor.png</icon>
	<icon image="DefaultCountry.png">home/DefaultCountry.png</icon>
	<icon image="DefaultDirector.png">home/DefaultDirector.png</icon>
	<icon image="DefaultGenre.png">home/DefaultGenre.png</icon>
	<icon image="DefaultMusicGenre.png">home/DefaultMusicGenre.png</icon>
	<icon image="DefaultSets.png">home/DefaultSets.png</icon>
	<icon image="DefaultStudios.png">home/DefaultStudios.png</icon>
	<icon image="DefaultTags.png">home/DefaultTags.png</icon>
	<icon image="DefaultMovieTitle.png">home/DefaultMovieTitle.png</icon>
	<icon image="DefaultTVShowTitle.png">home/DefaultTVShowTitle.png</icon>
	<icon image="DefaultMusicVideoTitle.png">home/DefaultMusicVideoTitle.png</icon>
	<icon image="DefaultYear.png">home/DefaultYear.png</icon>
	<icon image="DefaultRecentlyAddedEpisodes.png">home/DefaultRecentlyAddedEpisodes.png</icon>
	<icon image="DefaultRecentlyAddedMusicVideo.png">home/DefaultRecentlyAddedMusicVideo.png</icon>
	<icon image="DefaultInProgressShows.png">home/DefaultInProgressShows.png</icon>
	<icon image="DefaultMusicArtists.png">home/DefaultMusicArtists.png</icon>
	<icon image="DefaultMusicSongs.png">home/DefaultMusicSongs.png</icon>
	<icon image="DefaultMusicYears.png">home/DefaultMusicYears.png</icon>
	<icon image="DefaultMusicTop100.png">home/DefaultMusicTop100.png</icon>
	<icon image="DefaultMusicTop100Songs.png">home/DefaultMusicTop100Songs.png</icon>
	<icon image="DefaultMusicTop100Albums.png">home/DefaultMusicTop100Albums.png</icon>
	<icon image="DefaultMusicRecentlyAdded.png">home/DefaultMusicRecentlyAdded.png</icon>
	<icon image="DefaultMusicRecentlyPlayed.png">home/DefaultMusicRecentlyPlayed.png</icon>
	<icon image="DefaultAddonVideo.png">home/DefaultAddonVideo.png</icon>
	<icon image="DefaultAddonMusic.png">home/DefaultAddonMusic.png</icon>
	<icon image="DefaultAddonPicture.png">home/DefaultAddonPicture.png</icon>
	<icon image="DefaultAddonProgram.png">home/DefaultAddonProgram.png</icon>
</overrides>