<colors>
	<!-- Default Colors -->
	<color name="ColorFO">ffe0b074</color>
	<color name="ColorNF">ff808080</color>
	<color name="ColorHeading">ffd6d6d6</color>
	<color name="ColorDetails">ff707070</color>
	<color name="ColorSelected">fff1f1f1</color>
	<color name="ColorDisabled">ff000000</color>
	<color name="ColorInvalid">ffa10000</color>
	<color name="ShadowColor">44000000</color>
	<color name="WindowBackgroundColor">ff181818</color>
	<color name="DialogBackgroundColor">ff252525</color>
</colors>
