<?xml version="1.0" encoding="UTF-8"?>
<includes>
    <include name="GlobalSearchGroup">
        <left>0</left>
        <right>0</right>
        <height>270</height>
    </include>
    <include name="GlobalSearchLabel">
        <height>40</height>
        <aligny>center</aligny>
        <font>TinyBold</font>
        <textcolor>Black70</textcolor>
        <align>left</align>
    </include>
    
    <variable name="GlobalSearchArt">
        <value condition="!IsEmpty(ListItem.Property(Fanart))">$INFO[ListItem.Property(Fanart)]</value>
        <value>$INFO[ListItem.Thumb]</value>
    </variable>
    <variable name="GlobalSearchArtInfo">
        <value condition="!IsEmpty(Container(100).ListItem.Property(Fanart))">$INFO[Container(100).ListItem.Property(Fanart)]</value>
        <value>$INFO[Container(100).ListItem.Thumb]</value>
    </variable>
    <include name="GlobalSearchListItem">
        <control type="image">
            <left>0</left>
            <right>10</right>
            <top>0</top>
            <bottom>10</bottom>
            <aspectratio>scale</aspectratio>
            <texture fallback="pvr/background.jpg">$VAR[GlobalSearchArt]</texture>
        </control>
        <control type="image">
            <left>0</left>
            <right>10</right>
            <height>48</height>
            <bottom>10</bottom>
            <texture colordiffuse="Black70">common/white.png</texture>
        </control>
        <control type="label">
            <left>20</left>
            <right>30</right>
            <height>48</height>
            <bottom>10</bottom>
            <align>left</align>
            <font>TinyBold</font>
            <textcolor>White100</textcolor>
            <label>$INFO[ListItem.Label]</label>
        </control>
    </include>
    <include name="GlobalSearchListFocus">
        <control type="image">
            <left>0</left>
            <right>10</right>
            <top>0</top>
            <bottom>10</bottom>
            <aspectratio>scale</aspectratio>
            <texture fallback="pvr/background.jpg">$VAR[GlobalSearchArt]</texture>
        </control>
        <control type="image">
            <left>0</left>
            <right>10</right>
            <height>48</height>
            <bottom>10</bottom>
            <texture colordiffuse="Highlight">common/white.png</texture>
        </control>
        <control type="label">
            <left>20</left>
            <right>30</right>
            <height>48</height>
            <bottom>10</bottom>
            <align>left</align>
            <font>TinyBold</font>
            <textcolor>Selected</textcolor>
            <label>$INFO[ListItem.Label]</label>
        </control>
    </include>
    <include name="GlobalSearchList">
        <posy>50</posy>
        <height>220</height>
        <width>1712</width>
        <orientation>horizontal</orientation>
        <itemlayout height="220" width="428">
            <include>GlobalSearchListItem</include>
        </itemlayout>
    </include>
    
    
    <!-- INfos -->
    <include name="GlobalSearchInfoGroupList">
        <left>510</left>
        <right>30</right>
        <posy>112</posy>
        <orientation>vertical</orientation>
        <usecontrolcoords>true</usecontrolcoords>
    </include>
    <!-- MPAA -->
    <include name="GlobalSearchMPAA">
        <control type="label">
            <width>100%</width>
            <height>25</height>
            <font>SmallBold</font>
            <label>20074</label>
            <aligny>center</aligny>
        </control>
        <control type="label">
            <width>65%</width>
            <height>60</height>
            <font>Tiny</font>
            <aligny>top</aligny>
            <label fallback="19055">$INFO[Container(100).ListItem.Property(mpaa)]</label>
        </control>
    </include>
    <include name="GlobalSearchRuntime">
        <!-- Run Time -->
        <control type="label">
            <posy>-95</posy>
            <width>100%</width>
            <height>25</height>
            <align>right</align>
            <font>SmallBold</font>
            <label>2050</label>
            <aligny>center</aligny>
        </control>
        <control type="label">
            <right>0</right>
            <width>35%</width>
            <height>60</height>
            <font>Tiny</font>
            <align>right</align>
            <aligny>top</aligny>
            <label fallback="19055">$INFO[Container(100).ListItem.Property(Duration),, $LOCALIZE[12391]]</label>
        </control>
    </include>
    <include name="GlobalSearchDirector">
        <!-- Director -->
        <control type="label">
            <width>100%</width>
            <height>25</height>
            <font>SmallBold</font>
            <label>20339</label>
            <aligny>center</aligny>
        </control>
        <control type="label">
            <width>65%</width>
            <height>60</height>
            <font>Tiny</font>
            <aligny>top</aligny>
            <label fallback="19055">$INFO[Container(100).ListItem.Property(Director)]</label>
        </control>
    </include>
    <include name="GlobalSearchWriter">
        <!-- Writer -->
        <control type="label">
            <width>100%</width>
            <height>25</height>
            <font>SmallBold</font>
            <label>20417</label>
            <aligny>center</aligny>
        </control>
        <control type="label">
            <width>100%</width>
            <height>60</height>
            <font>Tiny</font>
            <aligny>top</aligny>
            <label fallback="19055">$INFO[Container(100).ListItem.Property(Writer)]</label>
        </control>
    </include>
    <include name="GlobalSearchGenre">
        <!-- Genre -->
        <control type="label">
            <width>100%</width>
            <height>25</height>
            <font>SmallBold</font>
            <label>515</label>
            <aligny>center</aligny>
        </control>
        <control type="label">
            <width>100%</width>
            <height>60</height>
            <font>Tiny</font>
            <aligny>top</aligny>
            <label fallback="19055">$INFO[Container(100).ListItem.Property(Genre)]</label>
        </control>
    </include>
    <include name="GlobalSearchStudio">
        <!-- Studio -->
        <control type="label">
            <width>100%</width>
            <height>25</height>
            <font>SmallBold</font>
            <label>572</label>
            <aligny>center</aligny>
        </control>
        <control type="label">
            <width>100%</width>
            <height>60</height>
            <font>Tiny</font>
            <aligny>top</aligny>
            <label fallback="19055">$INFO[Container(100).ListItem.Property(Studio)]</label>
        </control>
    </include>
    <include name="GlobalSearchEpisode">
        <!-- Episode -->
        <control type="label">
            <width>100%</width>
            <height>25</height>
            <font>SmallBold</font>
            <label>20360</label>
            <aligny>center</aligny>
        </control>
        <control type="label">
            <width>100%</width>
            <height>60</height>
            <font>Tiny</font>
            <aligny>top</aligny>
            <label fallback="19055">$INFO[Container(100).ListItem.Property(Episode)]</label>
        </control>
    </include>
    <include name="GlobalSearchSeasonEpisode">
        <control type="label">
            <width>100%</width>
            <height>25</height>
            <font>SmallBold</font>
            <label>20359</label>
            <aligny>center</aligny>
        </control>
        <control type="label">
            <width>100%</width>
            <height>60</height>
            <font>Tiny</font>
            <aligny>top</aligny>
            <label fallback="19055">$INFO[Container(100).ListItem.Property(Season),S,]$INFO[Container(100).ListItem.Property(Episode),E,]</label>
        </control>
    </include>
    <include name="GlobalSearchPremiered">
        <!-- Premiered -->
        <control type="label">
            <width>100%</width>
            <height>25</height>
            <font>SmallBold</font>
            <label>20416</label>
            <aligny>center</aligny>
        </control>
        <control type="label">
            <width>100%</width>
            <height>60</height>
            <font>Tiny</font>
            <aligny>top</aligny>
            <label fallback="19055">$INFO[Container(100).ListItem.Property(Premiered)]</label>
        </control>
    </include>
    <include name="GlobalSearchTvShowTitle">
        <control type="label">
            <width>100%</width>
            <height>25</height>
            <font>SmallBold</font>
            <label>36902</label>
            <aligny>center</aligny>
        </control>
        <control type="label">
            <width>100%</width>
            <height>60</height>
            <font>Tiny</font>
            <aligny>top</aligny>
            <label fallback="19055">$INFO[Container(100).ListItem.Property(TvShowTitle)]</label>
        </control>
    </include>
    <include name="GlobalSearchPlot">
        <!-- Plot -->
        <control type="label">
            <width>100%</width>
            <height>25</height>
            <font>SmallBold</font>
            <label>207</label>
            <aligny>center</aligny>
        </control>
        <control type="textbox">
            <width>100%</width>
            <height>190</height>
            <font>Tiny</font>
            <align>justify</align>
            <info>Container(100).ListItem.Property(Plot)</info>
        </control>
    </include>
</includes>
