<?xml version="1.0" encoding="UTF-8"?>
<!-- Foundation -->
<includes>
    <include name="View_55_Wall_Poster">    
        <control type="group">
            <include>Animation.Common</include>
            <visible>Control.IsVisible(55)</visible>
            <control type="panel" id="55">
                <visible>Container.Content(musicvideos) | Container.Content(movies) | Container.Content(tvshows) | Container.Content(seasons) | Container.Content(sets)</visible>
                <top>206</top>
                <right>70</right>
                <width>1332</width>
                <height>670</height>
                <onleft condition="!Skin.HasSetting(global.kioskmode)">9000</onleft>
                <onright>60</onright>
                <onup>55</onup>
                <ondown>55</ondown>
                <preloaditems>2</preloaditems>
                <pagecontrol>60</pagecontrol>
                <viewtype label="536">list</viewtype>
                <scrolltime tween="quadratic">400</scrolltime>
                <itemlayout height="335" width="222">
                    <control type="image">
                        <left>2</left>
                        <top>0</top>
                        <right>0</right>
                        <bottom>10</bottom>
                        <texture border="10">common/nofocus-shadow10.png</texture>
                    </control>
                    <control type="image">
                        <left>12</left>
                        <top>10</top>
                        <right>10</right>
                        <bottom>20</bottom>
                        <aspectratio scalediffuse="false">scale</aspectratio>
                        <texture diffuse="diffuse/wall.png" background="true">$VAR[PosterImage]</texture>
                    </control>
                    <control type="image">
                        <centerright>32</centerright>
                        <centertop>32</centertop>
                        <width>32</width>
                        <height>32</height>
                        <aspectratio aligny="top">keep</aspectratio>
                        <texture>$VAR[PercentWatched]</texture>
                        <visible>!stringcompare(ListItem.Label,..)</visible>
                        <visible>stringcompare(ListItem.Overlay,OverlayWatched.png)</visible>
                    </control>
                </itemlayout>
                <focusedlayout height="335" width="222">
                    <control type="image">
                        <left>2</left>
                        <top>0</top>
                        <right>0</right>
                        <bottom>10</bottom>
                        <texture border="10">common/nofocus-shadow10.png</texture>
                    </control>
                    <control type="image">
                        <left>12</left>
                        <top>10</top>
                        <right>10</right>
                        <bottom>20</bottom>
                        <aspectratio scalediffuse="false">scale</aspectratio>
                        <texture diffuse="diffuse/wall.png" background="true">$VAR[PosterImage]</texture>
                    </control>
                    <control type="image">
                        <centerright>32</centerright>
                        <centertop>32</centertop>
                        <width>32</width>
                        <height>32</height>
                        <aspectratio aligny="top">keep</aspectratio>
                        <texture>$VAR[PercentWatched]</texture>
                        <visible>!stringcompare(ListItem.Label,..)</visible>
                        <visible>stringcompare(ListItem.Overlay,OverlayWatched.png)</visible>
                    </control>
                    <control type="image">
                        <left>5</left>
                        <top>3</top>
                        <right>3</right>
                        <bottom>13</bottom>
                        <texture colordiffuse="Highlight" border="20">common/selectbox.png</texture>
                        <animation type="Focus">
                            <effect type="zoom" start="90" end="100" time="150" tween="sine" easing="inout" center="auto" />
                            <effect type="fade" start="0" end="100" time="150" tween="sine" easing="in" />
                        </animation>
                        <animation type="Unfocus">
                            <effect type="zoom" start="100" end="90" time="150" tween="sine" easing="inout" center="auto" />
                            <effect type="fade" start="100" end="0" time="150" tween="sine" easing="out" />
                        </animation>
                    </control>
                      
                </focusedlayout>
            </control>
            <include>Furniture_Scrollbar</include>
            <control type="group" description="Poster">
                <left>70</left>
                <width>448</width>
                <top>206</top>
                <height>660</height>
            
                <control type="image">
                    <width>100%</width>
                    <height>100%</height>
                    <texture border="10">common/nofocus-shadow10.png</texture>
                </control>
                <control type="image">
                    <left>10</left>
                    <top>10</top>
                    <right>10</right>
                    <bottom>10</bottom>
                    <texture border="10" colordiffuse="Panel">common/box.png</texture>
                </control>
                <control type="image">
                    <left>10</left>
                    <top>10</top>
                    <right>10</right>
                    <bottom>10</bottom>
                    <fadetime>300</fadetime>
                    <aspectratio align="center" aligny="center" scalediffuse="false">scale</aspectratio>
                    <texture diffuse="diffuse/listposter.png" background="true">$VAR[PosterImage]</texture>
                </control>
            </control>
        </control>   
    </include>


    <include name="View_55_Wall_Info">
        <control type="group">
            <include>Animation.Common</include>
            <visible>Control.IsVisible(55)</visible>
            <control type="panel" id="55">
                <visible>Container.Content(musicvideos) | Container.Content(movies) | Container.Content(tvshows) | Container.Content(seasons) | Container.Content(sets)</visible>
                <top>206</top>
                <right>70</right>
                <width>1135</width>
                <height>660</height>
                <onleft condition="!Skin.HasSetting(global.kioskmode)">9000</onleft>
                <onright>60</onright>
                <onup>55</onup>
                <ondown>55</ondown>
                <preloaditems>2</preloaditems>
                <pagecontrol>60</pagecontrol>
                <viewtype label="536">list</viewtype>
                <scrolltime tween="quadratic">400</scrolltime>
                <itemlayout height="330" width="227">
                    <control type="image">
                        <width>100%</width>
                        <height>100%</height>
                        <texture border="10">common/nofocus-shadow10.png</texture>
                    </control>
                    <control type="image">
                        <left>10</left>
                        <top>10</top>
                        <right>10</right>
                        <bottom>10</bottom>
                        <aspectratio scalediffuse="false">scale</aspectratio>
                        <texture diffuse="diffuse/wall.png" background="true">$VAR[PosterImage]</texture>
                    </control>
                    <control type="image">
                        <centerright>32</centerright>
                        <centertop>32</centertop>
                        <width>32</width>
                        <height>32</height>
                        <aspectratio aligny="top">keep</aspectratio>
                        <texture>$VAR[PercentWatched]</texture>
                        <visible>!stringcompare(ListItem.Label,..)</visible>
                        <visible>stringcompare(ListItem.Overlay,OverlayWatched.png)</visible>
                    </control>
                </itemlayout>
                <focusedlayout height="330" width="227">
                    <control type="group">
                        <control type="image">
                            <width>100%</width>
                            <height>100%</height>
                            <texture border="10">common/nofocus-shadow10.png</texture>
                        </control>
                        <control type="image">
                            <left>10</left>
                            <top>10</top>
                            <right>10</right>
                            <bottom>10</bottom>
                            <aspectratio scalediffuse="false">scale</aspectratio>
                            <texture diffuse="diffuse/wall.png" background="true">$VAR[PosterImage]</texture>
                        </control>
                        <control type="image">
                            <centerright>32</centerright>
                            <centertop>32</centertop>
                            <width>32</width>
                            <height>32</height>
                            <aspectratio aligny="top">keep</aspectratio>
                            <texture>$VAR[PercentWatched]</texture>
                            <visible>!stringcompare(ListItem.Label,..)</visible>
                            <visible>stringcompare(ListItem.Overlay,OverlayWatched.png)</visible>
                        </control>
                        <control type="image">
                            <left>3</left>
                            <top>3</top>
                            <right>3</right>
                            <bottom>3</bottom>
                            <texture colordiffuse="Highlight" border="20">common/selectbox.png</texture>
                            <animation type="Focus">
                                <effect type="zoom" start="90" end="100" time="150" tween="sine" easing="inout" center="auto" />
                                <effect type="fade" start="0" end="100" time="150" tween="sine" easing="in" />
                            </animation>
                            <animation type="Unfocus">
                                <effect type="zoom" start="100" end="90" time="150" tween="sine" easing="inout" center="auto" />
                                <effect type="fade" start="100" end="0" time="150" tween="sine" easing="out" />
                            </animation>
                        </control>
                    </control>
                </focusedlayout>
            </control>
            
            <include>Furniture_Scrollbar</include>
            
            <control type="group" description="Fanart Info">
                <left>70</left>
                <width>645</width>
                <top>206</top>
                <height>660</height>
                <control type="group">
                    <height>330</height>
                    <control type="image">
                        <width>100%</width>
                        <height>100%</height>
                        <texture border="10">common/nofocus-shadow10.png</texture>
                    </control>
                    <control type="image">
                        <left>10</left>
                        <top>10</top>
                        <right>10</right>
                        <bottom>10</bottom>
                        <fadetime>300</fadetime>
                        <aspectratio align="center" aligny="center" scalediffuse="false">scale</aspectratio>
                        <texture diffuse="diffuse/pvrinfo.png" background="true">$VAR[FanartImage]</texture>
                    </control>
                </control>
                <control type="group">
                    <left>20</left>
                    <right>20</right>
                    <posy>330</posy>
                    <height>330</height>
                    <control type="label">
                        <top>10</top>
                        <aligny>center</aligny>
                        <height>64</height>
                        <font>SmallBold</font>
                        <textcolor>Dark1</textcolor>
                        <selectedcolor>Dark1</selectedcolor>
                        <label>$INFO[ListItem.Title]</label>
                    </control>
                    <control type="label">
                        <top>50</top>
                        <height>64</height>
                        <aligny>center</aligny>
                        <font>Tiny</font>
                        <textcolor>Dark1</textcolor>
                        <selectedcolor>Dark1</selectedcolor>
                        <label>$INFO[ListItem.Genre]</label>
                    </control>
                    <control type="textbox">
                        <top>125</top>
                        <bottom>17</bottom>
                        <align>justify</align>
                        <font>Tiny</font>
                        <textcolor>Dark1</textcolor>
                        <selectedcolor>Dark1</selectedcolor>
                        <label>$VAR[LabelPlotBox]</label>
                    </control>
                </control>
            </control>
        </control>
    </include>
        
    <include name="View_55_Wall">    
        <control type="group">
            <include>Animation.Common</include>
            <visible>Control.IsVisible(55)</visible>
            <control type="panel" id="55">
                <visible>Container.Content(musicvideos) | Container.Content(movies) | Container.Content(tvshows) | Container.Content(seasons) | Container.Content(sets)</visible>
                <top>206</top>
                <right>70</right>
                <left>70</left>
                <height>674</height>
                <onleft condition="!Skin.HasSetting(global.kioskmode)">9000</onleft>
                <onright>60</onright>
                <onup>55</onup>
                <ondown>55</ondown>
                <preloaditems>2</preloaditems>
                <pagecontrol>60</pagecontrol>
                <viewtype label="536">list</viewtype>
                <scrolltime tween="quadratic">400</scrolltime>
                <itemlayout height="337" width="222">
                    <control type="image">
                        <left>0</left>
                        <top>0</top>
                        <right>0</right>
                        <bottom>12</bottom>
                        <texture border="10">common/nofocus-shadow10.png</texture>
                    </control>
                    <control type="image">
                        <left>10</left>
                        <top>10</top>
                        <right>10</right>
                        <bottom>22</bottom>
                        <aspectratio scalediffuse="false">scale</aspectratio>
                        <texture diffuse="diffuse/wall.png" background="true">$VAR[PosterImage]</texture>
                    </control>
                    <control type="image">
                        <centerright>32</centerright>
                        <centertop>32</centertop>
                        <width>32</width>
                        <height>32</height>
                        <aspectratio aligny="top">keep</aspectratio>
                        <texture>$VAR[PercentWatched]</texture>
                        <visible>!stringcompare(ListItem.Label,..)</visible>
                        <visible>stringcompare(ListItem.Overlay,OverlayWatched.png)</visible>
                    </control>
                </itemlayout>
                <focusedlayout height="337" width="222">
                    <control type="image">
                        <left>0</left>
                        <top>0</top>
                        <right>0</right>
                        <bottom>12</bottom>
                        <texture border="10">common/nofocus-shadow10.png</texture>
                    </control>
                    <control type="image">
                        <left>10</left>
                        <top>10</top>
                        <right>10</right>
                        <bottom>22</bottom>
                        <aspectratio scalediffuse="false">scale</aspectratio>
                        <texture diffuse="diffuse/wall.png" background="true">$VAR[PosterImage]</texture>
                    </control>
                    <control type="image">
                        <centerright>32</centerright>
                        <centertop>32</centertop>
                        <width>32</width>
                        <height>32</height>
                        <aspectratio aligny="top">keep</aspectratio>
                        <texture>$VAR[PercentWatched]</texture>
                        <visible>!stringcompare(ListItem.Label,..)</visible>
                        <visible>stringcompare(ListItem.Overlay,OverlayWatched.png)</visible>
                    </control>
                    <control type="image">
                        <left>3</left>
                        <top>3</top>
                        <right>3</right>
                        <bottom>15</bottom>
                        <texture colordiffuse="Highlight" border="20">common/selectbox.png</texture>
                        <animation type="Focus">
                            <effect type="zoom" start="90" end="100" time="150" tween="sine" easing="inout" center="auto" />
                            <effect type="fade" start="0" end="100" time="150" tween="sine" easing="in" />
                        </animation>
                        <animation type="Unfocus">
                            <effect type="zoom" start="100" end="90" time="150" tween="sine" easing="inout" center="auto" />
                            <effect type="fade" start="100" end="0" time="150" tween="sine" easing="out" />
                        </animation>
                    </control>
                      
                </focusedlayout>
            </control>
            <include>Furniture_Scrollbar</include>
            
        </control>   
    </include>
</includes>
