<includes>
	<include file="Defaults.xml" />
	<include file="Include_Home_Default.xml" />
	<include file="Include_Home_Horizontal.xml" />
	<include file="Includes_Widgets.xml" />
	<include file="script-skinshortcuts-includes.xml"/>
	<include file="script-NextAired-TVGuide.xml"/>
	<include file="Viewtype50.xml" />
	<include file="Viewtype51.xml" />
	<include file="Viewtype52.xml" />
	<include file="Viewtype53.xml" />
	<include file="Viewtype54.xml" />
	<include file="Viewtype55.xml"/>
	<include file="Viewtype56.xml"/>
	<include file="Variables.xml" />
	<!-- Fullscreen dimensions -->
	<include name="FullscreenDimensions">
		<left>0</left>
		<top>0</top>
		<width>1920</width>
		<height>1080</height>
	</include>
	
	<!-- Power Panel Dim -->
	<include name="PowerPanelDimensions">
		<left>1300</left>
		<top>120</top>
		<width>780</width>
		<height>560</height>
	</include>
	
	<!-- Power Panel Dim -->
	<include name="SkinPanelDimensions">
		<left>0</left>
		<top>0</top>
		<width>1920</width>
		<height>1080</height>
	</include>
	
	<!-- OSMC logo -->
	<include name="Logo">
		<control type="image">
			<left>50</left>
			<top>50</top>
			<width>247</width>
			<height>44</height>
			<texture colordiffuse="ColorHeading">OSMC.png</texture>
		</control>
	</include>
	
	<!-- Window background image -->
	<include name="WindowBackground">
		<control type="image">
			<include>FullscreenDimensions</include>
			<texture colordiffuse="WindowBackgroundColor">common/white.png</texture>
		</control>
		<control type="visualisation">
			<include>FullscreenDimensions</include>
			<visible>Player.HasAudio + Skin.HasSetting(BackgroundVisualisation) + !SubString(Window(videolibrary).Property(TvTunesIsAlive),True)</visible>
		</control>
		<control type="videowindow">
			<include>FullscreenDimensions</include>
			<visible>Player.HasVideo + Skin.HasSetting(BackgroundVideo)</visible>
		</control>
		<control type="image">
			<include>FullscreenDimensions</include>
			<texture colordiffuse="WindowBackgroundColor">common/white.png</texture>
			<visible>[Player.HasAudio + Skin.HasSetting(BackgroundVisualisation) + !SubString(Window(videolibrary).Property(TvTunesIsAlive),True)] | [Player.HasVideo + Skin.HasSetting(BackgroundVideo)]</visible>
		</control>
	</include>
	<!-- Dialog background image -->
	<include name="DialogBackgroundImage">
		<control type="image">
			<include>FullscreenDimensions</include>
			<texture colordiffuse="DialogBackgroundColor">common/white.png</texture>
			<animation effect="fade" start="0" end="70" time="200">WindowOpen</animation>
			<animation effect="fade" start="70" end="0" time="200">WindowClose</animation>
		</control>
	</include>
	<!-- Old Dialog background image -->
	<include name="DialogBackgroundImage_old">
		<control type="image">
			<include>FullscreenDimensions</include>
			<texture>dialogs/DialogBackground_old.png</texture>
			<animation effect="slide" start="120,0" end="0,0" time="150">WindowOpen</animation>
			<animation effect="slide" start="0,0" end="120,0" time="150">WindowClose</animation>
		</control>
	</include>
	
	<!-- Power Background Image -->
	<include name="PowerBackgroundImage">
		<control type="image">
			<include>PowerPanelDimensions</include>
			<texture>dialogs/DialogBackground_old.png</texture>
			<animation effect="slide" start="120,0" end="0,0" time="150">WindowOpen</animation>
			<animation effect="slide" start="0,0" end="120,0" time="150">WindowClose</animation>
		</control>
	</include>
	
	<include name="SkinPanelBackgroundImage">
		<control type="image">
			<include>SkinPanelDimensions</include>
			<texture>dialogs/DialogBackground_old.png</texture>
			<animation effect="fade" start="0" end="100" time="150">WindowOpen</animation>
			<animation effect="fade" start="100" end="0" time="150">WindowClose</animation>
		</control>
	</include>
	<!-- Options background image -->
	<include name="OptionsBackgroundImage">
		<control type="image">
			<include>FullscreenDimensions</include>
			<texture border="20">dialogs/DialogBackground_2.png</texture>
		</control>
	</include>
	<!-- Fanart -->
	<include name="Fanart">
		<control type="image">
			<include>FullscreenDimensions</include>
			<include>VisibleFadeAnimation</include>
			<fadetime>400</fadetime>
			<colordiffuse>22f1f1f1</colordiffuse>
			<texture background="true">$VAR[Fanart]</texture>
			<animation effect="fade" start="100" end="0" condition="[Player.HasVideo + Skin.HasSetting(BackgroundVideo)] | [Player.HasAudio + Skin.HasSetting(BackgroundVisualisation) + !SubString(Window(videolibrary).Property(TvTunesIsAlive),True)]">Conditional</animation>
		</control>
	</include>
	<!-- Time -->
	<include name="Time">
		<control type="label">
			<right>47</right>
			<top>44</top>
			<width>800</width>
			<height>40</height>
			<align>right</align>
			<label>$INFO[System.Time]</label>
			<font>Large</font>
			<textcolor>ColorHeading</textcolor>
		</control>
		<control type="label">
			<right>47</right>
			<top>88</top>
			<width>800</width>
			<height>33</height>
			<align>right</align>
			<label>$INFO[System.Date]</label>
			<font>XSmall</font>
			<textcolor>ColorDetails</textcolor>
		</control>
	</include>
	<!-- Heading -->
	<include name="Heading">
		<control type="label">
			<left>50</left>
			<top>44</top>
			<width>800</width>
			<height>40</height>
			<label>$VAR[Heading]</label>
			<font>Large</font>
			<textcolor>ColorHeading</textcolor>
		</control>
		<control type="label">
			<left>50</left>
			<top>88</top>
			<width>800</width>
			<height>33</height>
			<label>$INFO[Container.NumItems,, Items]</label>
			<font>XSmall</font>
			<textcolor>ColorDetails</textcolor>
		</control>
	</include>
	<!-- Window animation -->
	<include name="WindowFadeAnimation">
		<animation effect="fade" start="0" end="100" time="200">WindowOpen</animation>
		<animation effect="fade" start="100" end="0" time="200">WindowClose</animation>
	</include>
	<!-- Visible animation -->
	<include name="VisibleFadeAnimation">
		<animation effect="fade" start="0" end="100" time="200">Visible</animation>
		<animation effect="fade" start="100" end="0" time="200">Hidden</animation>
	</include>
	<!-- Dialog animation -->
	<include name="DialogAnimation">
		<animation type="WindowOpen">
			<effect type="fade" start="0" end="100" time="300" />
		</animation>
		<animation type="WindowClose">
			<effect type="fade" start="100" end="0" time="100" />
		</animation>
	</include>
	<!-- Options animation -->
	<include name="OptionsAnimation">
		<animation type="Visible">
			<effect type="zoom" start="70" end="100" center="auto" tween="back" easing="inout" time="300" />
			<effect type="fade" start="0" end="100" time="300" />
		</animation>
		<animation type="Hidden">
			<effect type="zoom" start="100" end="70" center="auto" time="100" />
			<effect type="fade" start="100" end="0" time="100" />
		</animation>
	</include>
	<!-- Shutdown buttons -->
	<include name="ShutdownButtons">
		<width>520</width>
		<height>68</height>
		<font>Med</font>
	</include>
	<!-- Options buttons -->
	<include name="OptionButtons">
		<width>480</width>
		<height>68</height>
		<font>Med</font>
	</include>
	<!-- Keyboard buttons -->
	<include name="KeyboardButtons">
		<width>84</width>
		<height>74</height>
		<font>Med</font>
		<align>center</align>
		<textoffsetx>10</textoffsetx>
	</include>
	<!-- OSD Play buttons -->
	<include name="OSDPlayStopButtons">
		<control type="togglebutton" id="1">
			<width>60</width>
			<height>60</height>
			<texturefocus>osd/OSDPauseFO.png</texturefocus>
			<texturenofocus>osd/OSDPauseNF.png</texturenofocus>
			<usealttexture>Player.Paused | Player.Forwarding | Player.Rewinding</usealttexture>
			<alttexturefocus>osd/OSDPlayFO.png</alttexturefocus>
			<alttexturenofocus>osd/OSDPlayNF.png</alttexturenofocus>
			<onclick>PlayerControl(Play)</onclick>
		</control>
		<control type="button" id="2">
			<width>60</width>
			<height>60</height>
			<texturefocus>osd/OSDStopFO.png</texturefocus>
			<texturenofocus>osd/OSDStopNF.png</texturenofocus>
			<onclick>PlayerControl(Stop)</onclick>
		</control>
	</include>
	<!-- OSD Stop buttons -->
	<include name="OSDStopButton">
		<control type="button" id="1">
			<width>60</width>
			<height>60</height>
			<texturefocus>osd/OSDStopFO.png</texturefocus>
			<texturenofocus>osd/OSDStopNF.png</texturenofocus>
			<onclick>PlayerControl(Stop)</onclick>
		</control>
	</include>
	<!-- Item count -->
	<include name="ItemCount">
		<control type="grouplist">
			<right>120</right>
			<bottom>110</bottom>
			<width>800</width>
			<height>44</height>
			<itemgap>6</itemgap>
			<align>right</align>
			<orientation>horizontal</orientation>
			<usecontrolcoords>true</usecontrolcoords>
			<visible>IntegerGreaterThan(Container.NumItems,0)</visible>
			<control type="label">
				<top>3</top>
				<width>auto</width>
				<height>44</height>
				<align>right</align>
				<label>$INFO[Container.NumItems]</label>
				<font>XSmall</font>
				<textcolor>ColorHeading</textcolor>
			</control>
			<control type="label">
				<width>auto</width>
				<height>44</height>
				<align>right</align>
				<label>$VAR[ContentType]</label>
				<font>Small</font>
				<textcolor>ColorHeading</textcolor>
			</control>
		</control>
	</include>
</includes>
