<?xml version="1.0" encoding="UTF-8"?>
<window>
	<!-- numericinput -->
	<defaultcontrol always="true">21</defaultcontrol>

	<controls>

		<!-- Background -->
		<control type="image">
			<left>0</left>
			<top>220</top>
			<width>1920</width>
			<height>860</height>
			<texture>dialogs/DialogBackground.png</texture>
		</control>

		<!-- Heading -->
		<control type="label" id="1">
			<left>150</left>
			<top>296</top>
			<width>1620</width>
			<height>72</height>
			<font>XLarge</font>
		</control>

		<!-- Keys -->
		<control type="group">
			<left>600</left>
			<top>428</top>

			<!-- First row -->
			<control type="grouplist" id="1000">
				<left>0</left>
				<top>0</top>
				<height>74</height>
				<itemgap>0</itemgap>
				<itemgap>26</itemgap>
				<onup>noop</onup>
				<orientation>horizontal</orientation>

				<!-- '1' -->
				<control type="button" id="11">
					<ondown>14</ondown>
					<label>12311</label>
					<include>KeyboardButtons</include>
				</control>
				<!-- '2' -->
				<control type="button" id="12">
					<ondown>15</ondown>
					<label>12312</label>
					<include>KeyboardButtons</include>
				</control>
				<!-- '3' -->
				<control type="button" id="13">
					<ondown>16</ondown>
					<label>12313</label>
					<include>KeyboardButtons</include>
				</control>

			</control>

			<!-- Second row -->
			<control type="grouplist" id="2000">
				<left>0</left>
				<top>80</top>
				<width>1260</width>
				<height>74</height>
				<itemgap>0</itemgap>
				<orientation>horizontal</orientation>

				<!-- '4' -->
				<control type="button" id="14">
					<onup>11</onup>
					<ondown>17</ondown>
					<label>12314</label>
					<include>KeyboardButtons</include>
				</control>
				<!-- '5' -->
				<control type="button" id="15">
					<onup>12</onup>
					<ondown>18</ondown>
					<label>12315</label>
					<include>KeyboardButtons</include>
				</control>
				<!-- '6' -->
				<control type="button" id="16">
					<onup>13</onup>
					<ondown>19</ondown>
					<label>12316</label>
					<include>KeyboardButtons</include>
				</control>

			</control>

			<!-- Third row -->
			<control type="grouplist" id="3000">
				<left>0</left>
				<top>160</top>
				<width>1260</width>
				<height>74</height>
				<itemgap>0</itemgap>
				<orientation>horizontal</orientation>

				<!-- '7' -->
				<control type="button" id="17">
					<onup>14</onup>
					<ondown>20</ondown>
					<label>12317</label>
					<include>KeyboardButtons</include>
				</control>
				<!-- '8' -->
				<control type="button" id="18">
					<onup>15</onup>
					<ondown>10</ondown>
					<label>12318</label>
					<include>KeyboardButtons</include>
				</control>
				<!-- '9' -->
				<control type="button" id="19">
					<onup>16</onup>
					<ondown>22</ondown>
					<label>12319</label>
					<include>KeyboardButtons</include>
				</control>

			</control>

			<!-- Forth row -->
			<control type="grouplist" id="4000">
				<left>0</left>
				<top>240</top>
				<width>1260</width>
				<height>74</height>
				<itemgap>0</itemgap>
				<ondown>5000</ondown>
				<orientation>horizontal</orientation>

				<!-- Previous -->
				<control type="button" id="20">
					<onup>17</onup>
					<label>&lt;</label>
					<include>KeyboardButtons</include>
				</control>
				<!-- '0' -->
				<control type="button" id="10">
					<onup>18</onup>
					<label>12310</label>
					<include>KeyboardButtons</include>
				</control>
				<!-- Next -->
				<control type="button" id="22">
					<onup>19</onup>
					<label>&gt;</label>
					<include>KeyboardButtons</include>
				</control>

			</control>

			<!-- Fifth row -->
			<control type="grouplist" id="5000">
				<left>0</left>
				<top>320</top>
				<width>1260</width>
				<height>74</height>
				<itemgap>0</itemgap>
				<onup>4000</onup>
				<ondown>9001</ondown>
				<orientation>horizontal</orientation>

				<!-- BACKSPACE -->
				<control type="button" id="23">
					<width>274</width>
					<label>20181</label>
					<include>KeyboardButtons</include>
				</control>

			</control>

			<!-- Edit Text background -->
			<control type="image">
				<top>425</top>
				<width>480</width>
				<height>74</height>
				<texture>dialogs/DialogTextBackground.png</texture>
			</control>

			<!-- Edit Text -->
			<control type="label" id="4">
				<left>20</left>
				<top>425</top>
				<width>440</width>
				<height>74</height>
				<scroll>true</scroll>
				<font>XLarge</font>
				<textcolor>ColorFO</textcolor>
			</control>

		</control>

		<!-- Button grouplist -->
		<control type="grouplist" id="9001">
			<left>600</left>
			<top>946</top>
			<width>1200</width>
			<itemgap>0</itemgap>
			<onleft>noop</onleft>
			<onright>noop</onright>
			<onup>5000</onup>
			<ondown>noop</ondown>
			<orientation>horizontal</orientation>

			<!-- Done -->
			<control type="button" id="21">
				<width>400</width>
				<label>20177</label>
			</control>

			<!-- Cancel Button -->
			<control type="button" id="301">
				<width>400</width>
				<label>222</label>
				<onclick>Close</onclick>
			</control>

		</control>

	</controls>

</window>