<?xml version="1.0" encoding="UTF-8"?>
<window>
	<!-- karaokeselector -->
	<zorder>2</zorder>

	<controls>

		<control type="group">
			<centerleft>50%</centerleft>
			<top>15</top>
			<width>800</width>
			<height>180</height>
			<include>DialogAnimation</include>

			<!-- Background image -->
			<control type="image">
				<left>0</left>
				<top>0</top>
				<width>800</width>
				<height>180</height>
				<texture>dialogs/DialogBackground.png</texture>
			</control>

			<!-- Heading -->
			<control type="label" id="401">
				<left>40</left>
				<top>50</top>
				<width>720</width>
				<height>33</height>
				<align>center</align>
				<scroll>true</scroll>
				<font>Small</font>
				<textcolor>ColorFO</textcolor>
			</control>

			<!-- Details -->
			<control type="label" id="402">
				<left>40</left>
				<top>104</top>
				<width>720</width>
				<height>27</height>
				<align>center</align>
				<scroll>true</scroll>
				<font>XSmall</font>
				<textcolor>ColorHeading</textcolor>
			</control>

		</control>

	</controls>

</window>