<?xml version="1.0" encoding="UTF-8"?>
<window>
	<!-- busydialog -->
	<controls>
		<!-- Background -->
		<include>DialogBackgroundImage</include>
		<!-- Busy -->
		<control type="image">
			<centerleft>50%</centerleft>
			<centertop>50%</centertop>
			<width>256</width>
			<height>256</height>
			<texture>dialogs/busy.png</texture>
			<animation effect="rotate" end="-360" center="auto" time="1800" loop="true" reversible="false" condition="true">Conditional</animation>
		</control>
	</controls>
</window>