<?xml version="1.0" encoding="UTF-8"?>
<window>
	<!-- loginscreen -->
	<backgroundcolor>0</backgroundcolor>
	<defaultcontrol always="true">52</defaultcontrol>

	<controls>

		<!-- Background -->
		<include>WindowBackground</include>

		<!-- Time -->
		<include>Time</include>

		<!-- Main group -->
		<control type="group">
			<include>WindowFadeAnimation</include>

			<!-- Image -->
			<control type="image">
				<left>120</left>
				<top>225</top>
				<width>405</width>
				<height>666</height>
				<texture>$INFO[ListItem.Icon]</texture>
				<aspectratio aligny="center">keep</aspectratio>
				<bordertexture border="1,1,1,69">views/DropShadow.png</bordertexture>
				<bordersize>0,0,0,66</bordersize>
				<visible>!SubString(ListItem.Icon,unknown-user)</visible>
			</control>
			<control type="image">
				<left>120</left>
				<top>225</top>
				<width>405</width>
				<height>600</height>
				<texture colordiffuse="00ffffff">$INFO[ListItem.Icon]</texture>
				<aspectratio aligny="center">keep</aspectratio>
				<bordertexture border="21,21,21,150">views/OverlayEffect.png</bordertexture>
				<visible>!SubString(ListItem.Icon,unknown-user) + Skin.HasSetting(Overlays)</visible>
			</control>
			<control type="image">
				<left>120</left>
				<top>225</top>
				<width>405</width>
				<height>600</height>
				<texture>DefaultActor.png</texture>
				<colordiffuse>ColorFO</colordiffuse>
				<aspectratio aligny="center">keep</aspectratio>
				<visible>SubString(ListItem.Icon,unknown-user)</visible>
			</control>

			<!-- View -->
			<control type="fixedlist" id="52">
				<left>750</left>
				<centertop>50%</centertop>
				<width>1050</width>
				<height>720</height>
				<onup>52</onup>
				<ondown>52</ondown>
				<onleft>ActivateWindow(shutdownmenu)</onleft>
				<onright>ActivateWindow(shutdownmenu)</onright>
				<focusposition>3</focusposition>
				<orientation>vertical</orientation>
				<viewtype label="535">list</viewtype>
				<scrolltime tween="sine" easing="out">240</scrolltime>

				<itemlayout height="90" width="1050">
					<control type="label">
						<left>32</left>
						<top>0</top>
						<width>1018</width>
						<height>90</height>
						<font>Med</font>
						<label>$INFO[ListItem.Label]</label>
						<textcolor>ColorHeading</textcolor>
					</control>
				</itemlayout>

				<focusedlayout width="1242" height="156">
					<control type="label">
						<left>32</left>
						<top>43</top>
						<width>1018</width>
						<height>48</height>
						<font>XLarge</font>
						<label>$INFO[ListItem.Label]</label>
						<textcolor>ColorFO</textcolor>
						<shadowcolor>ShadowColor</shadowcolor>
						<animation effect="fade" start="100" end="50" time="200" tween="cubic" easing="out" reversible="true" condition="!Control.HasFocus(52)">Conditional</animation>
					</control>
					<control type="label">
						<left>32</left>
						<top>100</top>
						<width>1018</width>
						<height>27</height>
						<font>XSmall</font>
						<label>$INFO[ListItem.Label2]</label>
						<textcolor>ColorHeading</textcolor>
						<shadowcolor>ShadowColor</shadowcolor>
						<animation effect="fade" start="100" end="50" time="200" tween="cubic" easing="out" reversible="true" condition="!Control.HasFocus(52)">Conditional</animation>
					</control>
				</focusedlayout>

			</control>

		</control>

	</controls>

</window>