<?xml version="1.0" encoding="UTF-8" standalone="yes"?>
<addon
	id="repository.kemix"
	name="Kemix Add-on repository"
	version="2.0.1"
	provider-name="kemix">
	<extension point="xbmc.addon.repository" name="kemix Repo">
		<checksum>https://raw.githubusercontent.com/mystikxkemix/kodi-repo/master/addons.xml.md5</checksum>
		<info compressed="false">https://raw.githubusercontent.com/mystikxkemix/kodi-repo/master/addons.xml</info>
		<datadir zip="true">https://raw.githubusercontent.com/mystikxkemix/kodi-repo/master/zip/</datadir>
	</extension>

	<extension point="xbmc.addon.metadata">
		<language>en</language>
		<summary lang="en">Kemixs add-ons</summary>
		<description lang="en">All Kemixs add-ons</description>
		<disclaimer lang="en"></disclaimer>
		<platform>all</platform>
		<source>https://github.com/mystikxkemix/kemix-add-on-repo</source>
	</extension>
</addon>
