<shortcuts>
	<shortcut>
		<defaultID />
		<label>Year</label>
		<label2>Videos</label2>
		<icon>DefaultShortcut.png</icon>
		<thumb />
		<action>ActivateWindow(10025,"library://video/movies/years.xml/",return)</action>
	</shortcut>
	<shortcut>
		<defaultID />
		<label>Genres</label>
		<label2>Videos</label2>
		<icon>DefaultShortcut.png</icon>
		<thumb />
		<action>ActivateWindow(10025,"library://video/movies/genres.xml/",return)</action>
	</shortcut>
	<shortcut>
		<defaultID />
		<label>Actors</label>
		<label2>Videos</label2>
		<icon>DefaultShortcut.png</icon>
		<thumb />
		<action>ActivateWindow(10025,"library://video/movies/actors.xml/",return)</action>
	</shortcut>
	<shortcut>
		<defaultID />
		<label>Directors</label>
		<label2>Videos</label2>
		<icon>DefaultShortcut.png</icon>
		<thumb />
		<action>ActivateWindow(10025,"library://video/movies/directors.xml/",return)</action>
	</shortcut>
</shortcuts>
