<?xml version="1.0" encoding="UTF-8" standalone="yes"?>
<addon id="repository.kemix" name="kemix Repo" version="1.0.0" provider-name="kemix">
	<extension point="xbmc.addon.repository" name="kemix Repo">
		<info compressed="false">https://raw.githubusercontent.com/mystikxkemix/kemix-addons/master/addons.xml</info>
		<checksum>https://raw.githubusercontent.com/mystikxkemix/kemix-addons/master/addons.xml.md5</checksum>
		<datadir zip="true">https://raw.githubusercontent.com/mystikxkemix/kemix-addons/master/zip/</datadir>
	</extension>
	<extension point="xbmc.addon.metadata">
		<summary>Kemix's add-ons</summary>
		<description>All Kemix's add-ons</description>
		<disclaimer></disclaimer>
		<platform>all</platform>
	</extension>
</addon>
