﻿<?xml version="1.0" encoding="UTF-8"?>
<addon
  id="webinterface.kemix"
  version="1.0.0"
  name="Kemix's Web Interface Default"
  provider-name="Team-Kodi">
  <requires>
    <import addon="xbmc.json" version="6.0.0"/>
  </requires>
  <extension
    point="xbmc.webinterface"/>
  <extension point="xbmc.addon.metadata">
	<summary lang="en">Kemix's Web Interface. (Kodi's default web interface by Kemix)</summary>
	<disclaimer lang="en"/>
	<description lang="en">Default web interface for Kodi; Designed for devices of all resolutions[CR]ReDesign : Kemix</description>
    <platform>all</platform>
  </extension>
</addon>
