<?xml version="1.0" encoding="UTF-8"?>
<window>
	<!-- skinsettings -->
	<backgroundcolor>0</backgroundcolor>
	<defaultcontrol always="true">9</defaultcontrol>
	<onunload>RunScript(script.skinshortcuts,type=buildxml&amp;mainmenuID=9000&amp;levels=0)</onunload>
	<controls>
		<!-- Background -->
		<include>WindowBackground</include>
		<!-- Heading -->
		<include>Heading</include>
		<!-- Time -->
		<include>Time</include>
		<!-- Main controls -->
		<control type="group">
			<include>WindowFadeAnimation</include>
			<!-- Left grouplist -->
			<control type="grouplist" id="9">
				<left>140</left>
				<top>140</top>
				<width>580</width>
				<height>702</height>
				<itemgap>0</itemgap>
				<onleft>noop</onleft>
				<onright>2</onright>
				<onup>noop</onup>
				<ondown>9001</ondown>
				<orientation>vertical</orientation>
				<scrolltime tween="sine" easing="out">240</scrolltime>
				<!-- Home items-->
				<control type="button" id="10">
					<width>580</width>
					<height>78</height>
					<font>XLarge</font>
					<label>31021</label>
					<textcolor>$VAR[SkinSettingButton10]</textcolor>
				</control>
				<!-- Background -->
				<control type="button" id="11">
					<width>580</width>
					<height>78</height>
					<font>XLarge</font>
					<label>31020</label>
					<textcolor>$VAR[SkinSettingButton11]</textcolor>
				</control>
				<!-- General -->
				<control type="button" id="12">
					<width>580</width>
					<height>78</height>
					<font>XLarge</font>
					<label>128</label>
					<textcolor>$VAR[SkinSettingButton12]</textcolor>
				</control>
			</control>
			<!-- Right grouplist -->
			<control type="grouplist" id="2">
				<left>660</left>
				<top>140</top>
				<width>1120</width>
				<height>585</height>
				<itemgap>0</itemgap>
				<onleft>9</onleft>
				<onright>noop</onright>
				<onup>noop</onup>
				<ondown>noop</ondown>
				<orientation>vertical</orientation>
				<scrolltime tween="sine" easing="out">240</scrolltime>
				<!-- Home items -->
				<!-- Home submenu-->
				<control type="button" id="1213">
					<width>1120</width>
					<height>65</height>
					<textwidth>1120</textwidth>
					<label>31049</label>
					<onclick>RunScript(script.skinshortcuts,type=manage&amp;group=mainmenu)</onclick>
					<visible>ControlGroup(9).HasFocus(10)</visible>
				</control>
				<!-- Background -->
				<!-- Background video -->
				<control type="radiobutton" id="1003">
					<width>1120</width>
					<height>65</height>
					<onup>101</onup>
					<textwidth>1120</textwidth>
					<label>31027</label>
					<onclick>Skin.ToggleSetting(BackgroundVideo)</onclick>
					<selected>Skin.HasSetting(BackgroundVideo)</selected>
					<visible>ControlGroup(9).HasFocus(11)</visible>
				</control>
				<!-- Background visualisation -->
				<control type="radiobutton" id="1004">
					<width>1120</width>
					<height>65</height>
					<textwidth>1120</textwidth>
					<label>31028</label>
					<onclick>Skin.ToggleSetting(BackgroundVisualisation)</onclick>
					<selected>Skin.HasSetting(BackgroundVisualisation)</selected>
					<visible>ControlGroup(9).HasFocus(11)</visible>
				</control>
				<!-- Enable artist slideshow -->
				<control type="radiobutton" id="1005">
					<width>1120</width>
					<height>65</height>
					<textwidth>1120</textwidth>
					<label>31034</label>
					<onclick>Skin.ToggleSetting(EnableArtistFanart)</onclick>
					<selected>Skin.HasSetting(EnableArtistFanart)</selected>
					<visible>ControlGroup(9).HasFocus(11)</visible>
				</control>
				<!-- Fade artist slideshow -->
				<control type="radiobutton" id="1006">
					<width>1120</width>
					<height>65</height>
					<textwidth>1120</textwidth>
					<label>31014</label>
					<onclick>Skin.ToggleSetting(FadeArtistFanart)</onclick>
					<selected>Skin.HasSetting(FadeArtistFanart)</selected>
					<visible>ControlGroup(9).HasFocus(11) + Skin.HasSetting(EnableArtistFanart)</visible>
				</control>
				<!-- General -->
				<!-- Enable Debug Grid -->
				<control type="radiobutton" id="1302">
					<width>1120</width>
					<height>65</height>
					<textwidth>1120</textwidth>
					<label>31041</label>
					<onclick>Skin.ToggleSetting(DebugGrid)</onclick>
					<selected>Skin.HasSetting(DebugGrid)</selected>
					<visible>ControlGroup(9).HasFocus(12)</visible>
				</control>
				<!-- Disable Debug Info -->
				<control type="radiobutton" id="1303">
					<width>1120</width>
					<height>65</height>
					<textwidth>1120</textwidth>
					<label>31042</label>
					<onclick>Skin.ToggleSetting(DebugInfo)</onclick>
					<selected>Skin.HasSetting(DebugInfo)</selected>
					<visible>ControlGroup(9).HasFocus(12)</visible>
				</control>
				<!-- Kiosk mode -->
				<control type="radiobutton" id="1304">
					<width>1120</width>
					<height>65</height>
					<textwidth>1120</textwidth>
					<label>31057</label>
					<onclick>Skin.ToggleSetting(KioskMode)</onclick>
					<selected>Skin.HasSetting(KioskMode)</selected>
					<visible>ControlGroup(9).HasFocus(12)</visible>
				</control>
				<!-- Reset skin's setting -->
				<control type="button" id="1305">
					<width>1120</width>
					<height>65</height>
					<textwidth>1120</textwidth>
					<label>31058</label>
					<onclick>Skin.ResetSettings</onclick>
					<visible>ControlGroup(9).HasFocus(12)</visible>
				</control>
			</control>
		</control>
	</controls>
</window>