<?xml version="1.0" encoding="utf-8"?>
<includes>
	<!--BestViewEver episode-->
    	<include name="Viewtype56">
		<control type="group">
			<visible>Control.IsVisible(56)</visible>
			<!-- Icon -->
			<control type="image">
				<left>1220</left>
				<top>180</top>
				<width>650</width>
				<height>300</height>
				<aligny>top</aligny>
				<texture>$INFO[ListItem.Icon]</texture>
				<visible>!SubString(ListItem.Icon,Default)</visible>
				<animation effect="fade" start="0" end="100" time="350">Visible</animation>
				<animation effect="fade" start="100" end="0" time="350">Hidden</animation>
			</control>

			<!--Infos Episodes -->
			<!--<control type ="group">
				<left>1040</left>
				<top>180</top>
				<control type="label">
					<width>200</width>
					<height>200</height>
					<font>XSmall</font>
					<textcolor>ColorNF</textcolor>
					<selectedcolor>selected</selectedcolor>
					<align>left</align>
					<aligny>center</aligny>
					<label>$INFO[ListItem.Duration]</label>
				</control>
			</control>-->

			<!--Codecs-->
			<control type="group">
				<left>1300</left>
				<top>500</top>
				<control type="image">
					<height>48</height>
					<width>100</width>
					<align>center</align>
					<aspectratio>keep</aspectratio>
					<texture>$INFO[ListItem.VideoResolution,flagging/video/,.png]</texture>
				</control>
				<control type="image">
					<left>102</left>
					<height>48</height>
					<width>100</width>
					<align>center</align>
					<aspectratio>keep</aspectratio>
					<texture>$INFO[ListItem.AudioCodec,flagging/audio/,.png]</texture>
				</control>
				<control type="image">
					<left>204</left>
					<height>48</height>
					<width>100</width>
					<align>center</align>
					<aspectratio>keep</aspectratio>
					<texture>$INFO[ListItem.VideoAspect,flagging/aspectratio/,.png]</texture>
				</control>
				<control type="image">
					<left>306</left>
					<height>48</height>
					<width>100</width>
					<align>center</align>
					<aspectratio>keep</aspectratio>
					<texture>$INFO[ListItem.AudioChannels,flagging/audio/,.png]</texture>
				</control>
				<control type="image">
					<left>408</left>
					<height>48</height>
					<width>100</width>
					<align>center</align>
					<aspectratio>keep</aspectratio>
					<texture>$VAR[videocodec,flagging/video/,.png]</texture>
				</control>
			</control>
			
			<!-- Plot -->
			<control type="textbox">
				<left>1050</left>
				<top>600</top>
				<width>840</width>
				<height>400</height>
				<label>$VAR[Plot]</label>
				<font>font13</font>
				<textcolor>white</textcolor>
				<visible>!IsEmpty(ListItem.Plot)</visible>
			</control>
			
			<control type="image">
				<left>1040</left>
				<top>600</top>
				<width>860</width>
				<height>400</height>
				<texture>common/blackList.png</texture>
				<bordertexture border="5">common/whiteList_border.png</bordertexture>
				<visible>!IsEmpty(ListItem.Plot)</visible>
				<animation effect="fade" start="0" end="100" time="200">Visible</animation>
				<animation effect="fade" start="100" end="0" time="200">Hidden</animation>
			</control>
			
			<!-- List -->
			<control type="image">
				<left>120</left>
				<top>180</top>
				<width>850</width>
				<height>820</height>
				<texture>common/blackList.png</texture>
				<bordertexture border="5">common/whiteList_border.png</bordertexture>
			</control>
			
			<control type="fixedlist" id="56">
				<left>40</left>
				<top>190</top>
				<width>910</width>
				<height>800</height>
				<onup>56</onup>
				<ondown>56</ondown>
				<onright>76</onright>
				<aligny>center</aligny>
				<onleft condition="!Skin.HasSetting(KioskMode)">3000</onleft>
				<viewtype label="31067">list</viewtype>
				<focusposition>2</focusposition>
				<pagecontrol>76</pagecontrol>
				<visible>Container.Content(episodes)</visible>
	
				<itemlayout width="830" height="80">
					<!--Name -->
					<control type="label">
						<left>130</left>
						<width>830</width>
						<height>80</height>
						<font>XSmall</font>
						<textcolor>ColorNF</textcolor>
						<align>left</align>
						<aligny>center</aligny>
						<label>$INFO[ListItem.Label]</label>
					</control>
					<!-- Watched status -->
					<control type="image">
						<top>30</top>
						<left>20</left>
						<width>20</width>
						<height>20</height>
						<texture>$VAR[StatusOverlay]</texture>
					</control>
				</itemlayout>				
				<focusedlayout width="630" height="80">
					<!--Name -->
					<control type="label">
						<left>110</left>
						<width>830</width>
						<height>80</height>
						<font>Small</font>
						<textcolor>ColorFO</textcolor>
						<align>left</align>
						<aligny>center</aligny>
						<label>$INFO[ListItem.Label]</label>
					</control>
					<!-- Watched status -->
					<control type="image">
						<top>30</top>
						<left>20</left>
						<width>20</width>
						<height>20</height>
						<texture>$VAR[StatusOverlay]</texture>
					</control>
				</focusedlayout>
			</control>
			
			<!-- Background ratio episodes -->
			<control type="image">
				<left>40</left>
				<top>180</top>
				<width>60</width>
				<height>820</height>
				<texture>common/blackList.png</texture>
				<bordertexture border="5">common/whiteList_border.png</bordertexture>
			</control>
			
			<!-- Scrollbar -->
			<control type="scrollbar" id="76">
				<left>1000</left>
				<top>180</top>
				<width>25</width>
				<height>820</height>
				<texturesliderbackground border="10,14,10,14">common/ScrollbarVertical_background.png</texturesliderbackground>
				<texturesliderbar border="10,14,10,14">common/ScrollbarVertical.png</texturesliderbar>
				<texturesliderbarfocus border="10,14,10,14">common/ScrollbarVertical_focus.png</texturesliderbarfocus>
				<onleft>56</onleft>
				<showonepage>false</showonepage>
				<orientation>vertical</orientation>
			</control>		
		</control>
	</include>
</includes>
