<?xml version="1.0" encoding="UTF-8"?>
<window>
	<!-- favourites -->
	<defaultcontrol always="true">450</defaultcontrol>
	<include>DialogAnimation</include>
	<onload>ClearProperty(favourite.1.name,home)</onload>
	<onload>ClearProperty(favourite.2.name,home)</onload>
	<onload>ClearProperty(favourite.3.name,home)</onload>
	<onload>ClearProperty(favourite.4.name,home)</onload>
	<onload>ClearProperty(favourite.5.name,home)</onload>
	<onload>ClearProperty(favourite.6.name,home)</onload>
	<onload>ClearProperty(favourite.7.name,home)</onload>
	<onload>ClearProperty(favourite.8.name,home)</onload>
	<onload>ClearProperty(favourite.9.name,home)</onload>
	<onload>ClearProperty(favourite.10.name,home)</onload>
	<onunload condition="System.HasAddon(script.favourites) + Skin.HasSetting(HomeFavourites)">RunScript(script.favourites)</onunload>

	<controls>

		<!-- Background -->
		<include>DialogBackgroundImage_old</include>

		<!-- Heading -->
		<control type="label">
			<left>150</left>
			<top>96</top>
			<width>1620</width>
			<height>72</height>
			<font>XLarge</font>
			<label>1036</label>
		</control>

		<!-- Image -->
		<control type="image">
			<left>150</left>
			<top>225</top>
			<width>405</width>
			<height>600</height>
			<texture>$INFO[Container(450).ListItem.Icon]</texture>
			<aspectratio aligny="center">keep</aspectratio>
			<visible>!SubString(Container(450).ListItem.Icon,Default)</visible>
		</control>
		<control type="image">
			<left>150</left>
			<top>225</top>
			<width>405</width>
			<height>600</height>
			<texture>$INFO[Container(450).ListItem.Icon]</texture>
			<colordiffuse>ColorFO</colordiffuse>
			<aspectratio aligny="center">keep</aspectratio>
			<visible>SubString(Container(450).ListItem.Icon,Default)</visible>
		</control>

		<!-- List -->
		<control type="list" id="450">
			<left>600</left>
			<top>235</top>
			<width>1170</width>
			<height>576</height>
			<onup>450</onup>
			<ondown>450</ondown>
			<onleft>noop</onleft>
			<onright>noop</onright>
			<orientation>vertical</orientation>
			<viewtype label="535">list</viewtype>
			<scrolltime tween="sine" easing="out">240</scrolltime>

			<itemlayout width="1170" height="58">
				<control type="label">
					<width>1170</width>
					<height>58</height>
					<font>Med</font>
					<textcolor>ColorHeading</textcolor>
					<label>$INFO[ListItem.Label]</label>
				</control>
			</itemlayout>

			<focusedlayout width="1170" height="58">
				<control type="label">
					<width>1170</width>
					<height>58</height>
					<font>Med</font>
					<textcolor>ColorFO</textcolor>
					<label>$INFO[ListItem.Label]</label>
				</control>
			</focusedlayout>

		</control>

	</controls>

</window>