<?xml version="1.0" encoding="UTF-8"?>
<includes>
	<variable name="typehackflagging">
		<value condition="[substring(ListItem.FilenameAndPath,bluray) | substring(ListItem.FilenameAndPath,bdrip) | substring(ListItem.FilenameAndPath,bd25) | substring(ListItem.FilenameAndPath,bd50)]">bluray</value>
		<value condition="substring(ListItem.FilenameAndPath,hddvd)">hddvd</value>
		<value condition="substring(ListItem.FilenameAndPath,dvd)">dvd</value>
		<value condition="[substring(ListItem.FilenameAndPath,pdtv) | substring(ListItem.FilenameAndPath,hdtv) | substring(ListItem.FilenameAndPath,dsr)]">TV</value>
		<value condition="substring(ListItem.FilenameAndPath,vhs)">vhs</value>
	</variable>
	<variable name="videocodec">
		<value condition="[substring(ListItem.VideoCodec,div,left) | stringcompare(ListItem.VideoCodec,dx50)]">divx</value>
		<value>$INFO[ListItem.VideoCodec]</value>
	</variable>
	<variable name="InfoHeading1">
		<value condition="Container.Content(movies) | Container.Content(episodes)">$LOCALIZE[563]:</value>
	</variable>
	<variable name="InfoDetails1">
		<value condition="[Container.Content(movies) | Container.Content(episodes)] + !IsEmpty(ListItem.Rating)">[COLOR=ColorDetails]$INFO[ListItem.Rating][/COLOR]</value>
		<value condition="[Container.Content(movies) | Container.Content(episodes)] + IsEmpty(ListItem.Rating)">[COLOR=ColorDetails]N/A[/COLOR]</value></variable>
	<variable name="InfoHeading2">
		<value condition="Container.Content(movies) | Container.Content(episodes)">$LOCALIZE[2050]:</value>
	</variable>
	<variable name="InfoDetails2">
		<value condition="[Container.Content(movies) | Container.Content(episodes)] + !IsEmpty(ListItem.Duration)">[COLOR=ColorDetails]$INFO[ListItem.Duration] mins[/COLOR]</value>
		<value condition="[Container.Content(movies) | Container.Content(episodes)] + IsEmpty(ListItem.Duration)">[COLOR=ColorDetails]N/A[/COLOR]</value>
	</variable>
	<variable name="InfoHeading3">
		<value condition="Container.Content(movies) | Container.Content(episodes)">$LOCALIZE[169]:</value>
	</variable>
	<variable name="InfoDetails3">
		<value condition="[Container.Content(movies) | Container.Content(episodes)] + !IsEmpty(ListItem.VideoResolution)">[COLOR=ColorDetails]$INFO[ListItem.VideoResolution][/COLOR]</value>
		<value condition="[Container.Content(movies) | Container.Content(episodes)] + IsEmpty(ListItem.VideoResolution)">[COLOR=ColorDetails]N/A[/COLOR]</value>
	</variable>
	<variable name="Fanart">
		<value condition="Window.IsVisible(pictures) + Skin.HasSetting(PictureFanart)">$INFO[ListItem.FileNameAndPath]</value>
		<value condition="[Skin.HasSetting(MovieFanart) + Container.Content(Movies)] | [Skin.HasSetting(TVFanart) + [Container.Content(TVShows) | Container.Content(Seasons) | Container.Content(Episodes)]] | [Skin.HasSetting(MusicFanart) + Window.IsVisible(musiclibrary)] | [Skin.HasSetting(WeatherFanart) + Window.IsVisible(weather)] | [Skin.HasSetting(AddonFanart) + [Container.Content(Addons) | Window.IsVisible(addonbrowser)]]">$INFO[ListItem.Art(fanart)]</value>
	</variable>
	<variable name="WideInfo">
		<value condition="[Container.Content(movies) | Container.Content(episodes)]">$INFO[ListItem.Rating,[COLOR=ColorHeading]$LOCALIZE[563]: [/COLOR],   ]$INFO[ListItem.Duration,[COLOR=ColorHeading]$LOCALIZE[2050]: [/COLOR], mins   ]$INFO[ListItem.VideoResolution,[COLOR=ColorHeading]$LOCALIZE[169]: [/COLOR]]</value>
		<value condition="!IsEmpty(ListItem.Label2)">[COLOR=ColorHeading]$INFO[ListItem.Label2][/COLOR]</value>
	</variable>
	<variable name="WideIcon">
		<value condition="Window.IsVisible(pictures)">$INFO[ListItem.FileNameAndPath]</value>
		<value condition="Container.Content(episodes)">$INFO[ListItem.Icon]</value>
		<value condition="!IsEmpty(ListItem.Art(fanart))">$INFO[ListItem.Art(fanart)]</value>
		<value>DefaultAddonNone.png</value></variable>
	<variable name="WidgetLabel">
		<value condition="StringCompare(Container(9000).ListItem.Property(Widget),RecentMovies)">$INFO[Container(9002).ListItem.Label]</value>
		<value condition="StringCompare(Container(9000).ListItem.Property(Widget),RecommendedMovies)">$INFO[Container(9003).ListItem.Label]</value>
		<value condition="StringCompare(Container(9000).ListItem.Property(Widget),RandomMovies)">$INFO[Container(9004).ListItem.Label]</value>
		<value condition="StringCompare(Container(9000).ListItem.Property(Widget),RecentEpisodes)">$INFO[Container(9005).ListItem.Label]</value>
		<value condition="StringCompare(Container(9000).ListItem.Property(Widget),RecommendedEpisodes)">$INFO[Container(9006).ListItem.Label]</value>
		<value condition="StringCompare(Container(9000).ListItem.Property(Widget),RandomEpisodes)">$INFO[Container(9007).ListItem.Label]</value>
		<value condition="StringCompare(Container(9000).ListItem.Property(Widget),RecentAlbums)">$INFO[Container(9008).ListItem.Label]</value>
		<value condition="StringCompare(Container(9000).ListItem.Property(Widget),RecommendedAlbums)">$INFO[Container(9009).ListItem.Label]</value>
		<value condition="StringCompare(Container(9000).ListItem.Property(Widget),RandomAlbums)">$INFO[Container(9010).ListItem.Label]</value>
	</variable>
	<variable name="WidgetHeading">
		<value condition="StringCompare(Container(9000).ListItem.Property(Widget),RecentMovies)">$LOCALIZE[31031]</value>
		<value condition="StringCompare(Container(9000).ListItem.Property(Widget),RecommendedMovies)">$LOCALIZE[31032]</value>
		<value condition="StringCompare(Container(9000).ListItem.Property(Widget),RandomMovies)">$LOCALIZE[31054]</value>
		<value condition="StringCompare(Container(9000).ListItem.Property(Widget),RecentEpisodes)">$LOCALIZE[31035]</value>
		<value condition="StringCompare(Container(9000).ListItem.Property(Widget),RecommendedEpisodes)">$LOCALIZE[31036]</value>
		<value condition="StringCompare(Container(9000).ListItem.Property(Widget),RandomEpisodes)">$LOCALIZE[31055]</value>
		<value condition="StringCompare(Container(9000).ListItem.Property(Widget),RecentAlbums)">$LOCALIZE[31038]</value>
		<value condition="StringCompare(Container(9000).ListItem.Property(Widget),RecommendedAlbums)">$LOCALIZE[31039]</value>
		<value condition="StringCompare(Container(9000).ListItem.Property(Widget),RandomAlbums)">$LOCALIZE[31056]</value>
	</variable>
	<variable name="WidgetFanart">
		<value condition="StringCompare(Container(9000).ListItem.Property(Widget),RecentMovies)">$INFO[Container(9002).ListItem.Property(fanart)]</value>
		<value condition="StringCompare(Container(9000).ListItem.Property(Widget),RecommendedMovies)">$INFO[Container(9003).ListItem.Property(fanart)]</value>
		<value condition="StringCompare(Container(9000).ListItem.Property(Widget),RandomMovies)">$INFO[Container(9004).ListItem.Property(fanart)]</value>
		<value condition="StringCompare(Container(9000).ListItem.Property(Widget),RecentEpisodes)">$INFO[Container(9005).ListItem.Property(fanart)]</value>
		<value condition="StringCompare(Container(9000).ListItem.Property(Widget),RecommendedEpisodes)">$INFO[Container(9006).ListItem.Property(fanart)]</value>
		<value condition="StringCompare(Container(9000).ListItem.Property(Widget),RandomEpisodes)">$INFO[Container(9007).ListItem.Property(fanart)]</value>
		<value condition="StringCompare(Container(9000).ListItem.Property(Widget),RecentAlbums)">$INFO[Container(9008).ListItem.Property(fanart)]</value>
		<value condition="StringCompare(Container(9000).ListItem.Property(Widget),RecommendedAlbums)">$INFO[Container(9009).ListItem.Property(fanart)]</value>
		<value condition="StringCompare(Container(9000).ListItem.Property(Widget),RandomAlbums)">$INFO[Container(9010).ListItem.Property(fanart)]</value>
	</variable>
	<variable name="Heading">
		<value condition="Window.IsVisible(videolibrary)">$LOCALIZE[3]$INFO[Container.FolderName,: ]</value>
		<value condition="[Window.IsVisible(musiclibrary) | Window.IsVisible(musicfiles)]">$LOCALIZE[2]$INFO[Container.FolderName,: ]</value>
		<value condition="Window.IsVisible(pictures)">$LOCALIZE[1]$INFO[Container.FolderName,: ]</value>
		<value condition="Window.IsVisible(programs)">$LOCALIZE[0]$INFO[Container.FolderName,: ]</value>
		<value condition="Window.IsVisible(skinsettings)">$LOCALIZE[20077]</value>
		<value condition="Window.IsVisible(systeminfo)">$LOCALIZE[130]</value>
		<value condition="Window.IsVisible(addonbrowser)">$LOCALIZE[24001]</value>
		<value condition="Window.IsVisible(profiles)">$LOCALIZE[13200]</value>
		<value condition="Window.IsVisible(filemanager)]">$LOCALIZE[7]</value>
		<value condition="Window.IsVisible(weather)">$LOCALIZE[8]</value>
		<value condition="Window.IsVisible(videoplaylist)">$LOCALIZE[20012]</value>
		<value condition="Window.IsVisible(musicplaylist)">$LOCALIZE[20011]</value>
		<value condition="Window.IsVisible(settings)">$LOCALIZE[5]</value>
		<value condition="Window.IsVisible(AppearanceSettings)">$LOCALIZE[480]</value>
		<value condition="Window.IsVisible(VideosSettings)">$LOCALIZE[157]</value>
		<value condition="Window.IsVisible(PVRSettings)">$LOCALIZE[19020]</value>
		<value condition="Window.IsVisible(MusicSettings)">$LOCALIZE[2]</value>
		<value condition="Window.IsVisible(PicturesSettings)">$LOCALIZE[1]</value>
		<value condition="Window.IsVisible(WeatherSettings)">$LOCALIZE[8]</value>
		<value condition="Window.IsVisible(ServiceSettings)">$LOCALIZE[14036]</value>
		<value condition="Window.IsVisible(SystemSettings)">$LOCALIZE[13000]</value>
		<value condition="Window.IsVisible(SettingsProfile)">$LOCALIZE[13200]</value>
	</variable>
	<variable name="NowPlayingVideoImage">
		<value condition="!IsEmpty(Player.Art(poster))">$INFO[Player.Art(poster)]</value>
		<value condition="!IsEmpty(Player.Art(tvshow.poster))">$INFO[Player.Art(tvshow.poster)]</value>
		<value>NowPlayingVideoFallback.png</value>
	</variable>
	<variable name="NowPlayingMusicImage">
		<value condition="!IsEmpty(MusicPlayer.Cover)">$INFO[MusicPlayer.Cover]</value>
		<value>NowPlayingMusicFallback.png</value>
	</variable>
	<variable name="ListItemOverlay">
		<value condition="SubString(ListItem.Path,videodb://movies/sets/)">views/overlay_movieset.png</value>
		<value condition="ListItem.IsResumable | [[Container.Content(tvshows) | Container.Content(seasons)] + IntegerGreaterThan(ListItem.Property(WatchedEpisodes),0) + IntegerGreaterThan(ListItem.Property(UnWatchedEpisodes),0)]">views/overlay_inprogress.png</value>
		<value condition="StringCompare(ListItem.Overlay,OverlayWatched.png)">views/overlay_watched.png</value>
	</variable>
	<variable name="PVRChannelIcon">
		<value condition="ListItem.IsEncrypted">pvr/encrypted.png</value>
		<value>$INFO[ListItem.Thumb]</value>
	</variable>
	<variable name="SubMenuHeading">
		<value condition="StringCompare(Container(9000).ListItem.Property(Widget),VideoAddons) + !IsEmpty(Container(9002).ListItem.Label) + !Skin.HasSetting(HideSubmenuHeading)">$LOCALIZE[1037]</value>
		<value condition="StringCompare(Container(9000).ListItem.Property(Widget),RecentMovies) + !IsEmpty(Container(9002).ListItem.Label) + !Skin.HasSetting(HideSubmenuHeading)">$LOCALIZE[31031]</value>
		<value condition="StringCompare(Container(9000).ListItem.Property(Widget),RecommendedMovies) + !IsEmpty(Container(9002).ListItem.Label) + !Skin.HasSetting(HideSubmenuHeading)">$LOCALIZE[31032]</value>
		<value condition="StringCompare(Container(9000).ListItem.Property(Widget),RandomMovies) + !IsEmpty(Container(9002).ListItem.Label) + !Skin.HasSetting(HideSubmenuHeading)">$LOCALIZE[31054]</value>
		<value condition="StringCompare(Container(9000).ListItem.Property(Widget),RecentEpisodes) + !IsEmpty(Container(9002).ListItem.Label) + !Skin.HasSetting(HideSubmenuHeading)">$LOCALIZE[31035]</value>
		<value condition="StringCompare(Container(9000).ListItem.Property(Widget),RecommendedEpisodes) + !IsEmpty(Container(9002).ListItem.Label) + !Skin.HasSetting(HideSubmenuHeading)">$LOCALIZE[31036]</value>
		<value condition="StringCompare(Container(9000).ListItem.Property(Widget),RandomEpisodes) + !IsEmpty(Container(9002).ListItem.Label) + !Skin.HasSetting(HideSubmenuHeading)">$LOCALIZE[31055]</value>
		<value condition="StringCompare(Container(9000).ListItem.Property(Widget),RecentAlbums) + !IsEmpty(Container(9002).ListItem.Label) + !Skin.HasSetting(HideSubmenuHeading)">$LOCALIZE[31038]</value>
		<value condition="StringCompare(Container(9000).ListItem.Property(Widget),RecommendedAlbums) + !IsEmpty(Container(9002).ListItem.Label) + !Skin.HasSetting(HideSubmenuHeading)">$LOCALIZE[31039]</value>
		<value condition="StringCompare(Container(9000).ListItem.Property(Widget),RandomAlbums) + !IsEmpty(Container(9002).ListItem.Label) + !Skin.HasSetting(HideSubmenuHeading)">$LOCALIZE[31056]</value>
		<value condition="StringCompare(Container(9000).ListItem.Property(Widget),MusicAddons) + !IsEmpty(Container(9002).ListItem.Label) + !Skin.HasSetting(HideSubmenuHeading)">$LOCALIZE[1038]</value>
		<value condition="StringCompare(Container(9000).ListItem.Property(Widget),PictureAddons) + !IsEmpty(Container(9002).ListItem.Label) + !Skin.HasSetting(HideSubmenuHeading)">$LOCALIZE[1039]</value>
		<value condition="StringCompare(Container(9000).ListItem.Property(Widget),ProgramAddons) + !IsEmpty(Container(9002).ListItem.Label) + !Skin.HasSetting(HideSubmenuHeading)">$LOCALIZE[1043]</value>
		<value condition="StringCompare(Container(9000).ListItem.Property(Widget),Favourites) + !IsEmpty(Container(9002).ListItem.Label) + !Skin.HasSetting(HideSubmenuHeading)">$LOCALIZE[1036]</value>
		<value condition="StringCompare(Container(9000).ListItem.Property(Widget),Playlist) + !IsEmpty(Container(9002).ListItem.Label) + !Skin.HasSetting(Hide_Widget_Headings)">$INFO[Container(9002).ListItem.Label]</value>
	</variable>
	<variable name="SubMenuColor">
		<value condition="!Control.HasFocus(9002)">ColorHeading</value>
		<value>ColorFO</value>
	</variable>
	<variable name="Plot">
		<value condition="!IsEmpty(ListItem.PlotOutline)">$INFO[ListItem.PlotOutline]</value>
		<value condition="!IsEmpty(ListItem.Plot)">$INFO[ListItem.Plot]</value>
	</variable>
	<variable name="Day0">
		<value condition="StringCompare(Window(Weather).Property(Day0.Title),$LOCALIZE[11])">$LOCALIZE[41]</value>
		<value condition="StringCompare(Window(Weather).Property(Day0.Title),$LOCALIZE[12])">$LOCALIZE[42]</value>
		<value condition="StringCompare(Window(Weather).Property(Day0.Title),$LOCALIZE[13])">$LOCALIZE[43]</value>
		<value condition="StringCompare(Window(Weather).Property(Day0.Title),$LOCALIZE[14])">$LOCALIZE[44]</value>
		<value condition="StringCompare(Window(Weather).Property(Day0.Title),$LOCALIZE[15])">$LOCALIZE[45]</value>
		<value condition="StringCompare(Window(Weather).Property(Day0.Title),$LOCALIZE[16])">$LOCALIZE[46]</value>
		<value condition="StringCompare(Window(Weather).Property(Day0.Title),$LOCALIZE[17])">$LOCALIZE[47]</value>
	</variable>
	<variable name="Day1">
		<value condition="StringCompare(Window(Weather).Property(Day1.Title),$LOCALIZE[11])">$LOCALIZE[41]</value>
		<value condition="StringCompare(Window(Weather).Property(Day1.Title),$LOCALIZE[12])">$LOCALIZE[42]</value>
		<value condition="StringCompare(Window(Weather).Property(Day1.Title),$LOCALIZE[13])">$LOCALIZE[43]</value>
		<value condition="StringCompare(Window(Weather).Property(Day1.Title),$LOCALIZE[14])">$LOCALIZE[44]</value>
		<value condition="StringCompare(Window(Weather).Property(Day1.Title),$LOCALIZE[15])">$LOCALIZE[45]</value>
		<value condition="StringCompare(Window(Weather).Property(Day1.Title),$LOCALIZE[16])">$LOCALIZE[46]</value>
		<value condition="StringCompare(Window(Weather).Property(Day1.Title),$LOCALIZE[17])">$LOCALIZE[47]</value>
	</variable>
	<variable name="Day2">
		<value condition="StringCompare(Window(Weather).Property(Day2.Title),$LOCALIZE[11])">$LOCALIZE[41]</value>
		<value condition="StringCompare(Window(Weather).Property(Day2.Title),$LOCALIZE[12])">$LOCALIZE[42]</value>
		<value condition="StringCompare(Window(Weather).Property(Day2.Title),$LOCALIZE[13])">$LOCALIZE[43]</value>
		<value condition="StringCompare(Window(Weather).Property(Day2.Title),$LOCALIZE[14])">$LOCALIZE[44]</value>
		<value condition="StringCompare(Window(Weather).Property(Day2.Title),$LOCALIZE[15])">$LOCALIZE[45]</value>
		<value condition="StringCompare(Window(Weather).Property(Day2.Title),$LOCALIZE[16])">$LOCALIZE[46]</value>
		<value condition="StringCompare(Window(Weather).Property(Day2.Title),$LOCALIZE[17])">$LOCALIZE[47]</value>
	</variable>
	<variable name="Day3">
		<value condition="StringCompare(Window(Weather).Property(Day3.Title),$LOCALIZE[11])">$LOCALIZE[41]</value>
		<value condition="StringCompare(Window(Weather).Property(Day3.Title),$LOCALIZE[12])">$LOCALIZE[42]</value>
		<value condition="StringCompare(Window(Weather).Property(Day3.Title),$LOCALIZE[13])">$LOCALIZE[43]</value>
		<value condition="StringCompare(Window(Weather).Property(Day3.Title),$LOCALIZE[14])">$LOCALIZE[44]</value>
		<value condition="StringCompare(Window(Weather).Property(Day3.Title),$LOCALIZE[15])">$LOCALIZE[45]</value>
		<value condition="StringCompare(Window(Weather).Property(Day3.Title),$LOCALIZE[16])">$LOCALIZE[46]</value>
		<value condition="StringCompare(Window(Weather).Property(Day3.Title),$LOCALIZE[17])">$LOCALIZE[47]</value>
	</variable>
	<variable name="Day4">
		<value condition="StringCompare(Window(Weather).Property(Day4.Title),$LOCALIZE[11])">$LOCALIZE[41]</value>
		<value condition="StringCompare(Window(Weather).Property(Day4.Title),$LOCALIZE[12])">$LOCALIZE[42]</value>
		<value condition="StringCompare(Window(Weather).Property(Day4.Title),$LOCALIZE[13])">$LOCALIZE[43]</value>
		<value condition="StringCompare(Window(Weather).Property(Day4.Title),$LOCALIZE[14])">$LOCALIZE[44]</value>
		<value condition="StringCompare(Window(Weather).Property(Day4.Title),$LOCALIZE[15])">$LOCALIZE[45]</value>
		<value condition="StringCompare(Window(Weather).Property(Day4.Title),$LOCALIZE[16])">$LOCALIZE[46]</value>
		<value condition="StringCompare(Window(Weather).Property(Day4.Title),$LOCALIZE[17])">$LOCALIZE[47]</value>
	</variable>
	<variable name="Day5">
		<value condition="StringCompare(Window(Weather).Property(Day5.Title),$LOCALIZE[11])">$LOCALIZE[41]</value>
		<value condition="StringCompare(Window(Weather).Property(Day5.Title),$LOCALIZE[12])">$LOCALIZE[42]</value>
		<value condition="StringCompare(Window(Weather).Property(Day5.Title),$LOCALIZE[13])">$LOCALIZE[43]</value>
		<value condition="StringCompare(Window(Weather).Property(Day5.Title),$LOCALIZE[14])">$LOCALIZE[44]</value>
		<value condition="StringCompare(Window(Weather).Property(Day5.Title),$LOCALIZE[15])">$LOCALIZE[45]</value>
		<value condition="StringCompare(Window(Weather).Property(Day5.Title),$LOCALIZE[16])">$LOCALIZE[46]</value>
		<value condition="StringCompare(Window(Weather).Property(Day5.Title),$LOCALIZE[17])">$LOCALIZE[47]</value>
	</variable>
	<variable name="Day6">
		<value condition="StringCompare(Window(Weather).Property(Day6.Title),$LOCALIZE[11])">$LOCALIZE[41]</value>
		<value condition="StringCompare(Window(Weather).Property(Day6.Title),$LOCALIZE[12])">$LOCALIZE[42]</value>
		<value condition="StringCompare(Window(Weather).Property(Day6.Title),$LOCALIZE[13])">$LOCALIZE[43]</value>
		<value condition="StringCompare(Window(Weather).Property(Day6.Title),$LOCALIZE[14])">$LOCALIZE[44]</value>
		<value condition="StringCompare(Window(Weather).Property(Day6.Title),$LOCALIZE[15])">$LOCALIZE[45]</value>
		<value condition="StringCompare(Window(Weather).Property(Day6.Title),$LOCALIZE[16])">$LOCALIZE[46]</value>
		<value condition="StringCompare(Window(Weather).Property(Day6.Title),$LOCALIZE[17])">$LOCALIZE[47]</value>
	</variable>
	<variable name="Day7">
		<value condition="StringCompare(Window(Weather).Property(Day7.Title),$LOCALIZE[11])">$LOCALIZE[41]</value>
		<value condition="StringCompare(Window(Weather).Property(Day7.Title),$LOCALIZE[12])">$LOCALIZE[42]</value>
		<value condition="StringCompare(Window(Weather).Property(Day7.Title),$LOCALIZE[13])">$LOCALIZE[43]</value>
		<value condition="StringCompare(Window(Weather).Property(Day7.Title),$LOCALIZE[14])">$LOCALIZE[44]</value>
		<value condition="StringCompare(Window(Weather).Property(Day7.Title),$LOCALIZE[15])">$LOCALIZE[45]</value>
		<value condition="StringCompare(Window(Weather).Property(Day7.Title),$LOCALIZE[16])">$LOCALIZE[46]</value>
		<value condition="StringCompare(Window(Weather).Property(Day7.Title),$LOCALIZE[17])">$LOCALIZE[47]</value>
	</variable>
	<variable name="VideoPlayerPlot">
		<value condition="!IsEmpty(VideoPlayer.PlotOutline)">$INFO[VideoPlayer.PlotOutline]</value>
		<value condition="!IsEmpty(VideoPlayer.Plot)">$INFO[VideoPlayer.Plot]</value>
		<value>$LOCALIZE[161]</value>
	</variable>
	<variable name="VideoPlayerTitle">
		<value condition="!IntegerGreaterThan(VideoPlayer.Season,9) + !IntegerGreaterThan(VideoPlayer.Episode,9) + !SubString(VideoPlayer.Episode,s)">$INFO[VideoPlayer.TVShowTitle,, &#8226; ]$INFO[VideoPlayer.Season,S0,]$INFO[VideoPlayer.Episode,E0, &#8226; ]$INFO[Player.Title]</value>
		<value condition="!IntegerGreaterThan(VideoPlayer.Season,9) + IntegerGreaterThan(VideoPlayer.Episode,9) + !SubString(VideoPlayer.Episode,s)">$INFO[VideoPlayer.TVShowTitle,, &#8226; ]$INFO[VideoPlayer.Season,S0,]$INFO[VideoPlayer.Episode,E, &#8226; ]$INFO[Player.Title]</value>
		<value condition="IntegerGreaterThan(VideoPlayer.Season,9) + IntegerGreaterThan(VideoPlayer.Episode,9) + !SubString(VideoPlayer.Episode,s)">$INFO[VideoPlayer.TVShowTitle,, &#8226; ]$INFO[VideoPlayer.Season,S,]$INFO[VideoPlayer.Episode,E0, &#8226; ]$INFO[Player.Title]</value>
		<value condition="SubString(VideoPlayer.Episode,s)">$INFO[VideoPlayer.TVShowTitle,, &#8226; ]$INFO[VideoPlayer.Episode,, &#8226; ]$INFO[Player.Title]</value>
		<value>$INFO[Player.Title]</value>
	</variable>
	<variable name="VideoPlayerIcon">
		<value>$INFO[VideoPlayer.Cover]</value>
	</variable>
	<variable name="StatusOverlay">
		<value condition="ListItem.IsResumable">views/OverlayResumable.png</value>
		<value condition="StringCompare(ListItem.Overlay,OverlayWatched.png)">views/OverlayWatched.png</value>
	</variable>
	<variable name="StatusOverlayWide">
		<value condition="ListItem.IsResumable | [[Container.Content(tvshows) | Container.Content(seasons)] + IntegerGreaterThan(ListItem.Property(WatchedEpisodes),0) + IntegerGreaterThan(ListItem.Property(UnWatchedEpisodes),0)]">views/OverlayResumableWide.png</value>
		<value condition="StringCompare(ListItem.Overlay,OverlayWatched.png)">views/OverlayWatchedWide.png</value>
	</variable>
	<variable name="CustomMenuHeading">
		<value condition="ControlGroup(4000).HasFocus()">$LOCALIZE[31004]</value>
		<value condition="ControlGroup(5000).HasFocus()">$LOCALIZE[22082]</value>
		<value>$LOCALIZE[31003]</value>
	</variable>
	<variable name="PlayerStatus">
		<value condition="Player.Forwarding2x">[B]x2[/B]</value>
		<value condition="Player.Forwarding4x">[B]x4[/B]</value>
		<value condition="Player.Forwarding8x">[B]x8[/B]</value>
		<value condition="Player.Forwarding16x">[B]x16[/B]</value>
		<value condition="Player.Forwarding32x">[B]x32[/B]</value>
		<value condition="Player.Rewinding2x">[B]x2[/B]</value>
		<value condition="Player.Rewinding4x">[B]x4[/B]</value>
		<value condition="Player.Rewinding8x">[B]x8[/B]</value>
		<value condition="Player.Rewinding16x">[B]x16[/B]</value>
		<value condition="Player.Rewinding32x">[B]x32[/B]</value>
	</variable>
	<variable name="SettingButtonColor">
		<value condition="Control.HasFocus(20)">ColorNF</value>
		<value condition="!ControlGroup(5).HasFocus">ColorFO</value>
		<value>ColorSelected</value>
	</variable>
	<variable name="SkinSettingButton10">
		<value condition="ControlGroup(9).HasFocus(10) + ControlGroup(2).HasFocus">ColorSelected</value>
		<value condition="ControlGroup(9).HasFocus(10)">ColorFO</value>
		<value>ColorNF</value>
	</variable>
	<variable name="SkinSettingButton11">
		<value condition="ControlGroup(9).HasFocus(11) + ControlGroup(2).HasFocus">ColorSelected</value>
		<value condition="ControlGroup(9).HasFocus(11)">ColorFO</value>
		<value>ColorNF</value>
	</variable>
	<variable name="SkinSettingButton12">
		<value condition="ControlGroup(9).HasFocus(12) + ControlGroup(2).HasFocus">ColorSelected</value>
		<value condition="ControlGroup(9).HasFocus(12)">ColorFO</value>
		<value>ColorNF</value>
	</variable>
	<variable name="Label1">
		<value condition="!IsEmpty(ListItem.Title)">$INFO[ListItem.Title]</value>
		<value>$INFO[ListItem.Label]</value>
	</variable>
	<variable name="SongLabel">
		<value condition="Container.Content(songs)">$INFO[ListItem.TrackNumber,,. ]$INFO[ListItem.Title]</value>
		<value>$INFO[ListItem.Label]</value>
	</variable>
	<variable name="VideoInfoLabel">
		<value condition="Container.Content(episodes) + !IntegerGreaterThan(ListItem.Season,9) + !IntegerGreaterThan(ListItem.Episode,9) + !SubString(ListItem.Episode,s)">$INFO[ListItem.TVShowTitle]$INFO[ListItem.Year, (,) &#8226; ]$INFO[ListItem.Season,S0,]$INFO[ListItem.Episode,E0, &#8226; ]$INFO[ListItem.Title]</value>
		<value condition="Container.Content(episodes) + !IntegerGreaterThan(ListItem.Season,9) + IntegerGreaterThan(ListItem.Episode,9) + !SubString(ListItem.Episode,s)">$INFO[ListItem.TVShowTitle]$INFO[ListItem.Year, (,) &#8226; ]$INFO[ListItem.Season,S0,]$INFO[ListItem.Episode,E, &#8226; ]$INFO[ListItem.Title]</value>
		<value condition="Container.Content(episodes) + IntegerGreaterThan(ListItem.Season,9) + IntegerGreaterThan(ListItem.Episode,9) + !SubString(ListItem.Episode,s)">$INFO[ListItem.TVShowTitle]$INFO[ListItem.Year, (,) &#8226; ]$INFO[ListItem.Season,S,]$INFO[ListItem.Episode,E0, &#8226; ]$INFO[ListItem.Title]</value>
		<value condition="Container.Content(episodes) + SubString(ListItem.Episode,s)">$INFO[ListItem.TVShowTitle]$INFO[ListItem.Year, (,) &#8226; ]$INFO[ListItem.Episode,, &#8226; ]$INFO[ListItem.Title]</value>
		<value>$INFO[ListItem.Title]$INFO[ListItem.Year, (,)]</value>
	</variable>
	<variable name="VideoInfoImage">
		<value condition="!IsEmpty(ListItem.Art(season.poster))">$INFO[ListItem.Art(season.poster)]</value>
		<value condition="!IsEmpty(ListItem.Art(tvshow.poster))">$INFO[ListItem.Art(tvshow.poster)]</value>
		<value condition="!IsEmpty(ListItem.Art(poster))">$INFO[ListItem.Art(poster)]</value>
		<value>$INFO[ListItem.Thumb]</value>
	</variable>
	<variable name="MusicInfoLabel">
		<value condition="Container.Content(albums)">$INFO[ListItem.Album]</value>
		<value>$INFO[ListItem.Artist]</value>
	</variable>
	<variable name="MusicInfoTracks">
		<value condition="Container.Content(albums)">$INFO[ListItem.TrackNumber,,. ]$INFO[ListItem.Label]</value>
		<value>$INFO[ListItem.Label]</value>
	</variable>
	<variable name="MusicInfoDescription">
		<value condition="Container.Content(albums)">$INFO[ListItem.Property(Album_Description)]</value>
		<value>$INFO[ListItem.Property(Artist_Description)]</value>
	</variable>
	<variable name="Label2">
		<value condition="Container.Content(movies) + !IsEmpty(ListItem.Year) + !IsEmpty(ListItem.Genre)">$INFO[ListItem.Year] &#8226; $INFO[ListItem.Genre]</value>
		<value condition="Container.Content(movies) + !IsEmpty(ListItem.Year) + IsEmpty(ListItem.Genre)">$INFO[ListItem.Year]</value>
		<value condition="Container.Content(movies) + IsEmpty(ListItem.Year) + !IsEmpty(ListItem.Genre)">$INFO[ListItem.Genre]</value>
		<value condition="[Container.Content(tvshows) | Container.Content(seasons)] + !IsEmpty(ListItem.Year) + StringCompare(ListItem.Property(UnWatchedEpisodes),1)">$INFO[ListItem.Year] &#8226; $INFO[ListItem.Property(UnWatchedEpisodes)] $LOCALIZE[16101] $LOCALIZE[20452]</value>
		<value condition="[Container.Content(tvshows) | Container.Content(seasons)] + !IsEmpty(ListItem.Year) + IntegerGreaterThan(ListItem.Property(UnWatchedEpisodes),1)">$INFO[ListItem.Year] &#8226; $INFO[ListItem.Property(UnWatchedEpisodes)] $LOCALIZE[16101] $LOCALIZE[20453]</value>
		<value condition="[Container.Content(tvshows) | Container.Content(seasons)] + !IsEmpty(ListItem.Year) + !IntegerGreaterThan(ListItem.Property(UnWatchedEpisodes),1)">$INFO[ListItem.Year]</value>
		<value condition="[Container.Content(tvshows) | Container.Content(seasons)] + IsEmpty(ListItem.Year) + StringCompare(ListItem.Property(UnWatchedEpisodes),1)">$INFO[ListItem.Property(UnWatchedEpisodes)] $LOCALIZE[16101] $LOCALIZE[20452]</value>
		<value condition="[Container.Content(tvshows) | Container.Content(seasons)] + IsEmpty(ListItem.Year) + IntegerGreaterThan(ListItem.Property(UnWatchedEpisodes),1)">$INFO[ListItem.Property(UnWatchedEpisodes)] $LOCALIZE[16101] $LOCALIZE[20453]</value>
		<value condition="Container.Content(episodes) + !IsEmpty(ListItem.Season) + !IsEmpty(ListItem.Episode) + !IsEmpty(ListItem.Date)">$INFO[ListItem.Season,$LOCALIZE[20373] ] &#8226; $INFO[ListItem.Episode,$LOCALIZE[20359] ] &#8226; Aired on $INFO[ListItem.Date]</value>
		<value condition="Container.Content(episodes) + !IsEmpty(ListItem.Season) + !IsEmpty(ListItem.Episode) + IsEmpty(ListItem.Date)">$INFO[ListItem.Season,$LOCALIZE[20373] ] &#8226; $INFO[ListItem.Episode,$LOCALIZE[20359] ]</value>
		<value condition="Container.Content(episodes) + !IsEmpty(ListItem.Season) + !IsEmpty(ListItem.Episode) + !IsEmpty(ListItem.Date)">$INFO[ListItem.Season,$LOCALIZE[20373] ] &#8226; Aired on $INFO[ListItem.Date]</value>
		<value condition="Container.Content(episodes) + IsEmpty(ListItem.Season) + IsEmpty(ListItem.Episode) + !IsEmpty(ListItem.Date)">$INFO[ListItem.Season,$LOCALIZE[20373] ]</value>
		<value condition="Container.Content(episodes) + IsEmpty(ListItem.Season) + !IsEmpty(ListItem.Episode) + !IsEmpty(ListItem.Date)">$INFO[ListItem.Episode,$LOCALIZE[20359] ] &#8226; Aired on $INFO[ListItem.Date]</value>
		<value condition="Container.Content(episodes) + IsEmpty(ListItem.Season) + IsEmpty(ListItem.Episode) + !IsEmpty(ListItem.Date)">Aired on $INFO[ListItem.Date]</value>
		<value condition="Container.Content(albums) + !IsEmpty(ListItem.Year) + !IsEmpty(ListItem.Artist)">$INFO[ListItem.Year] &#8226; $INFO[ListItem.Artist]</value>
		<value condition="Container.Content(albums) + !IsEmpty(ListItem.Year) + IsEmpty(ListItem.Artist)">$INFO[ListItem.Year]</value>
		<value condition="Container.Content(albums) + IsEmpty(ListItem.Year) + !IsEmpty(ListItem.Artist)">$INFO[ListItem.Artist]</value>
		<value condition="Container.Content(songs) + !IsEmpty(ListItem.Album) + !IsEmpty(ListItem.Artist)">$INFO[ListItem.Album] &#8226; $INFO[ListItem.Artist]</value>
		<value condition="Container.Content(songs) + !IsEmpty(ListItem.Album) + IsEmpty(ListItem.Artist)">$INFO[ListItem.Album]</value>
		<value condition="Container.Content(songs) + IsEmpty(ListItem.Album) + !IsEmpty(ListItem.Artist)">$INFO[ListItem.Artist]</value>
		<value condition="!IsEmpty(ListItem.Label2)">$INFO[ListItem.Label2]</value>
	</variable>
	<variable name="ContentType">
		<value condition="Container.Content(movies) + !IntegerGreaterThan(Container.NumItems,1)">$LOCALIZE[20338]</value>
		<value condition="Container.Content(movies) + IntegerGreaterThan(Container.NumItems,1)">$LOCALIZE[342]</value>
		<value condition="Container.Content(tvshows) + !IntegerGreaterThan(Container.NumItems,1)">$LOCALIZE[20364]</value>
		<value condition="Container.Content(tvshows) + IntegerGreaterThan(Container.NumItems,1)">$LOCALIZE[20343]</value>
		<value condition="Container.Content(seasons) + !IntegerGreaterThan(Container.NumItems,1)">$LOCALIZE[20373]</value>
		<value condition="Container.Content(seasons) + IntegerGreaterThan(Container.NumItems,1)">$LOCALIZE[33054]</value>
		<value condition="Container.Content(episodes) + !IntegerGreaterThan(Container.NumItems,1)">$LOCALIZE[20359]</value>
		<value condition="Container.Content(episodes) + IntegerGreaterThan(Container.NumItems,1)">$LOCALIZE[20360]</value>
		<value condition="Container.Content(musicvideos) + !IntegerGreaterThan(Container.NumItems,1)">$LOCALIZE[20391]</value>
		<value condition="Container.Content(musicvideos) + IntegerGreaterThan(Container.NumItems,1)">$LOCALIZE[20389]</value>
		<value condition="Container.Content(genres) + !IntegerGreaterThan(Container.NumItems,1)">$LOCALIZE[515]</value>
		<value condition="Container.Content(genres) + IntegerGreaterThan(Container.NumItems,1)">$LOCALIZE[135]</value>
		<value condition="Container.Content(years) + !IntegerGreaterThan(Container.NumItems,1)">$LOCALIZE[345]</value>
		<value condition="Container.Content(years) + IntegerGreaterThan(Container.NumItems,1)">$LOCALIZE[652]</value>
		<value condition="Container.Content(actors) + !IntegerGreaterThan(Container.NumItems,1)">$LOCALIZE[20337]</value>
		<value condition="Container.Content(actors) + IntegerGreaterThan(Container.NumItems,1)">$LOCALIZE[344]</value>
		<value condition="Container.Content(albums) + !IntegerGreaterThan(Container.NumItems,1)">$LOCALIZE[558]</value>
		<value condition="Container.Content(albums) + IntegerGreaterThan(Container.NumItems,1)">$LOCALIZE[132]</value>
		<value condition="Container.Content(artists) + !IntegerGreaterThan(Container.NumItems,1)">$LOCALIZE[557]</value>
		<value condition="Container.Content(artists) + IntegerGreaterThan(Container.NumItems,1)">$LOCALIZE[133]</value>
		<value condition="Container.Content(songs) + !IntegerGreaterThan(Container.NumItems,1)">$LOCALIZE[179]</value>
		<value condition="Container.Content(songs) + IntegerGreaterThan(Container.NumItems,1)">$LOCALIZE[134]</value>
		<value condition="Container.Content(playlists) + !IntegerGreaterThan(Container.NumItems,1)">$LOCALIZE[559]</value>
		<value condition="Container.Content(playlists) + IntegerGreaterThan(Container.NumItems,1)">$LOCALIZE[136]</value>
		<value condition="Container.Content(studios) + !IntegerGreaterThan(Container.NumItems,1)">$LOCALIZE[572]</value>
		<value condition="Container.Content(studios) + IntegerGreaterThan(Container.NumItems,1)">$LOCALIZE[20388]</value>
		<value condition="Container.Content(directors) + !IntegerGreaterThan(Container.NumItems,1)">$LOCALIZE[20339]</value>
		<value condition="Container.Content(directors) + IntegerGreaterThan(Container.NumItems,1)">$LOCALIZE[20348]</value>
		<value condition="Container.Content(countries) + !IntegerGreaterThan(Container.NumItems,1)">$LOCALIZE[574]</value>
		<value condition="Container.Content(countries) + IntegerGreaterThan(Container.NumItems,1)">$LOCALIZE[20451]</value>
		<value condition="Container.Content(Addons) + !IntegerGreaterThan(Container.NumItems,1)">$LOCALIZE[24000]</value>
		<value condition="Container.Content(Addons) + IntegerGreaterThan(Container.NumItems,1)">$LOCALIZE[24001]</value>
		<value condition="Container.Content(sets) + !IntegerGreaterThan(Container.NumItems,1)">$LOCALIZE[20141]</value>
		<value condition="Container.Content(sets) + IntegerGreaterThan(Container.NumItems,1)">$LOCALIZE[20434]</value>
		<value condition="Container.Content(tags) + !IntegerGreaterThan(Container.NumItems,1)">$LOCALIZE[31002]</value>
		<value condition="Container.Content(tags) + IntegerGreaterThan(Container.NumItems,1)">$LOCALIZE[20459]</value>
		<value condition="Window.IsVisible(pvr) + Control.IsVisible(13) + !IntegerGreaterThan(Container.NumItems,1)">$LOCALIZE[19043]</value>
		<value condition="Window.IsVisible(pvr) + Control.IsVisible(13) + IntegerGreaterThan(Container.NumItems,1)">$LOCALIZE[19163]</value>
		<value condition="Window.IsVisible(pvr) + [Control.IsVisible(14) | Control.IsVisible(17)] + !IntegerGreaterThan(Container.NumItems,1)">$LOCALIZE[31000]</value>
		<value condition="Window.IsVisible(pvr) + [Control.IsVisible(14) | Control.IsVisible(17)] + IntegerGreaterThan(Container.NumItems,1)">$LOCALIZE[31001]</value>
		<value condition="Window.IsVisible(pvr) + !IntegerGreaterThan(Container.NumItems,1)">$LOCALIZE[19029]</value>
		<value condition="Window.IsVisible(pvr) + IntegerGreaterThan(Container.NumItems,1)">$LOCALIZE[19019]</value>
		<value condition="!IntegerGreaterThan(Container.NumItems,1)">$LOCALIZE[31000]</value>
		<value condition="IntegerGreaterThan(Container.NumItems,1)">$LOCALIZE[31001]</value>
	</variable>
	<variable name="SystemInfoButton94">
		<value condition="!ControlGroup(50).HasFocus + ControlGroup(50).HasFocus(94)">ColorFO</value>
		<value>ColorHeading</value>
	</variable>
	<variable name="SystemInfoButton95">
		<value condition="!ControlGroup(50).HasFocus + ControlGroup(50).HasFocus(95)">ColorFO</value>
		<value>ColorHeading</value>
	</variable>
	<variable name="SystemInfoButton96">
		<value condition="!ControlGroup(50).HasFocus + ControlGroup(50).HasFocus(96)">ColorFO</value>
		<value>ColorHeading</value>
	</variable>
	<variable name="SystemInfoButton97">
		<value condition="!ControlGroup(50).HasFocus + ControlGroup(50).HasFocus(97)">ColorFO</value>
		<value>ColorHeading</value>
	</variable>
	<variable name="SystemInfoButton98">
		<value condition="!ControlGroup(50).HasFocus + ControlGroup(50).HasFocus(98)">ColorFO</value>
		<value>ColorHeading</value>
	</variable>
	<variable name="SystemInfoButton99">
		<value condition="!ControlGroup(50).HasFocus + ControlGroup(50).HasFocus(99)">ColorFO</value>
		<value>ColorHeading</value>
	</variable>
</includes>