<?xml version="1.0" encoding="UTF-8"?>
<window>
	<!-- subtitlesearch -->
	<defaultcontrol>150</defaultcontrol>
	<include>DialogAnimation</include>

	<controls>

		<!-- Background -->
		<include>DialogBackgroundImage_old</include>

		<!-- Heading -->
		<control type="label" id="100">
			<left>150</left>
			<top>96</top>
			<width>1620</width>
			<height>72</height>
			<font>XLarge</font>
		</control>

		<!-- Left heading -->
		<control type="label">
			<left>150</left>
			<top>228</top>
			<width>360</width>
			<height>66</height>
			<label>24018</label>
		</control>

		<!-- Seperator -->
		<control type="image">
			<left>150</left>
			<top>298</top>
			<width>360</width>
			<height>20</height>
			<texture border="1,12,1,1" colordiffuse="ColorHeading">common/ScrollBackgroundHorizontal.png</texture>
		</control>

		<!-- Left list -->
		<control type="list" id="150">
			<left>150</left>
			<top>337</top>
			<width>360</width>
			<height>528</height>
			<onleft>noop</onleft>
			<onright>120</onright>
			<onup>noop</onup>
			<ondown>noop</ondown>
			<viewtype label="535">list</viewtype>
			<scrolltime tween="sine" easing="out">240</scrolltime>

			<itemlayout width="360" height="66">
				<control type="label">
					<width>360</width>
					<height>66</height>
					<textcolor>ColorHeading</textcolor>
					<label>$INFO[ListItem.Label]</label>
				</control>
			</itemlayout>
			<focusedlayout width="360" height="66">
				<control type="label">
					<width>360</width>
					<height>66</height>
					<label>$INFO[ListItem.Label]</label>
					<animation effect="fade" start="100" end="75" time="200" tween="cubic" easing="out" reversible="true" condition="!Control.HasFocus(150)">Conditional</animation>
				</control>
			</focusedlayout>

		</control>

		<!-- Video label -->
		<control type="label">
			<left>600</left>
			<top>228</top>
			<width>800</width>
			<height>66</height>
			<label>$INFO[Player.Filename]</label>
		</control>

		<!-- Number label -->
		<control type="label" id="140">
			<left>1400</left>
			<top>228</top>
			<width>400</width>
			<height>66</height>
			<align>right</align>
		</control>

		<!-- Seperator -->
		<control type="image">
			<left>600</left>
			<top>298</top>
			<width>1200</width>
			<height>20</height>
			<texture border="1,12,1,1" colordiffuse="ColorHeading">common/ScrollBackgroundHorizontal.png</texture>
		</control>

		<!-- List -->
		<control type="list" id="120">
			<left>600</left>
			<top>337</top>
			<width>1200</width>
			<height>528</height>
			<onleft>150</onleft>
			<onright>160</onright>
			<onup>noop</onup>
			<ondown>160</ondown>
			<viewtype label="535">list</viewtype>
			<scrolltime tween="sine" easing="out">240</scrolltime>

			<itemlayout width="1200" height="66">
				<control type="image">
					<left>9</left>
					<top>9</top>
					<width>48</width>
					<height>48</height>
					<colordiffuse>ColorHeading</colordiffuse>
					<texture>$INFO[ListItem.Thumb,language/,.png]</texture>
				</control>
				<control type="label">
					<left>86</left>
					<width>120</width>
					<height>66</height>
					<textcolor>ColorHeading</textcolor>
					<label>$INFO[ListItem.Label]</label>
				</control>
				<control type="label">
					<left>226</left>
					<width>70</width>
					<height>66</height>
					<textcolor>ColorHeading</textcolor>
					<label>[CC]</label>
					<visible>ListItem.Property(hearingimp)</visible>
				</control>
				<control type="label">
					<left>316</left>
					<width>120</width>
					<height>66</height>
					<textcolor>ColorHeading</textcolor>
					<label>(SYNC)</label>
					<visible>ListItem.Property(sync)</visible>
				</control>
				<control type="label">
					<left>456</left>
					<width>584</width>
					<height>66</height>
					<textcolor>ColorHeading</textcolor>
					<label>$INFO[ListItem.Label2]</label>
				</control>
				<control type="image">
					<left>1058</left>
					<top>17</top>
					<width>182</width>
					<height>33</height>
					<aspectratio>keep</aspectratio>
					<texture>$INFO[ListItem.ActualIcon,rating,.png]</texture>
				</control>
			</itemlayout>

			<focusedlayout width="1200" height="66">
				<control type="group">
					<animation effect="fade" start="100" end="75" time="200" tween="cubic" easing="out" reversible="true" condition="!Control.HasFocus(120)">Conditional</animation>
					<control type="image">
						<left>9</left>
						<top>9</top>
						<width>48</width>
						<height>48</height>
						<texture>$INFO[ListItem.Thumb,language/,.png]</texture>
					</control>
					<control type="label">
						<left>86</left>
						<width>120</width>
						<height>66</height>
						<textcolor>ColorFO</textcolor>
						<label>$INFO[ListItem.Label]</label>
					</control>
					<control type="label">
						<left>226</left>
						<width>70</width>
						<height>66</height>
						<textcolor>ColorFO</textcolor>
						<label>[CC]</label>
						<visible>ListItem.Property(hearingimp)</visible>
					</control>
					<control type="label">
						<left>316</left>
						<width>120</width>
						<height>66</height>
						<textcolor>ColorFO</textcolor>
						<label>(SYNC)</label>
						<visible>ListItem.Property(sync)</visible>
					</control>
					<control type="label">
						<left>456</left>
						<width>584</width>
						<height>66</height>
						<textcolor>ColorFO</textcolor>
						<label>$INFO[ListItem.Label2]</label>
					</control>
					<control type="image">
						<left>1058</left>
						<top>17</top>
						<width>182</width>
						<height>33</height>
						<aspectratio>keep</aspectratio>
						<texture>$INFO[ListItem.ActualIcon,rating,.png]</texture>
					</control>
				</control>
			</focusedlayout>

		</control>

		<!-- Manual search button -->
		<control type="button" id="160">
			<left>600</left>
			<top>926</top>
			<width>600</width>
			<height>66</height>
			<onleft>noop</onleft>
			<onright>noop</onright>
			<onup>120</onup>
			<ondown>noop</ondown>
			<label>24120</label>
			<textcolor>ColorHeading</textcolor>
			<focusedcolor>ColorFO</focusedcolor>
		</control>

		<!-- Notification -->
		<control type="label" id="130">
			<left>1200</left>
			<top>926</top>
			<width>600</width>
			<height>66</height>
			<align>right</align>
			<label>31044</label>
			<textcolor>ColorFO</textcolor>
		</control>

	</controls>

</window>
