<?xml version="1.0" encoding="UTF-8"?>
<window>
	<allowoverlay>no</allowoverlay>
	<controls>
		<include>WindowBackground</include>
		<control type="group">
			<animation effect="fade" time="250">WindowOpen</animation>
			<animation effect="fade" time="250">WindowClose</animation>

			<!-- Fanarts Background -->
			<control type="group">
				<visible>!IsEmpty(Window(Home).Property(TVGuide.BackgroundFanart))</visible>
				<!-- Fanart Monday -->
				<control type="image">
					<posx>0</posx>
					<posy>0</posy>
					<width>1920</width>
					<height>1080</height>
					<aspectratio>scale</aspectratio>
					<texture>$INFO[Container(200).ListItem.Property(Fanart)]</texture>
					<visible>Control.HasFocus(200)</visible>
					<fadetime>600</fadetime>
					<animation effect="fade" start="0" end="25" time="600">Visible</animation>
					<animation effect="fade"  start="25" end="0" time="600">Hidden</animation>
				</control>

				<!-- Fanart Tuesday -->
				<control type="image">
					<posx>0</posx>
					<posy>0</posy>
					<width>1920</width>
					<height>1080</height>
					<aspectratio>scale</aspectratio>
					<texture background="true">$INFO[Container(201).ListItem.Property(Fanart)]</texture>
					<visible>Control.HasFocus(201)</visible>
					<fadetime>600</fadetime>
					<animation effect="fade" start="0" end="25" time="600">Visible</animation>
					<animation effect="fade"  start="25" end="0" time="600">Hidden</animation>
				</control>
	
				<!-- Fanart Wednesday -->
				<control type="image">
					<posx>0</posx>
					<posy>0</posy>
					<width>1920</width>
					<height>1080</height>
					<aspectratio>scale</aspectratio>
					<texture background="true">$INFO[Container(202).ListItem.Property(Fanart)]</texture>
					<visible>Control.HasFocus(202)</visible>
					<fadetime>600</fadetime>
					<animation effect="fade" start="0" end="25" time="600">Visible</animation>
					<animation effect="fade"  start="25" end="0" time="600">Hidden</animation>
				</control>
	
				<!-- Fanart Thurday -->
				<control type="image">
					<posx>0</posx>
					<posy>0</posy>
					<width>1920</width>
					<height>1080</height>
					<aspectratio>scale</aspectratio>
					<texture background="true">$INFO[Container(203).ListItem.Property(Fanart)]</texture>
					<visible>Control.HasFocus(203)</visible>
					<fadetime>600</fadetime>
					<animation effect="fade" start="0" end="25" time="600">Visible</animation>
					<animation effect="fade"  start="25" end="0" time="600">Hidden</animation>
				</control>

				<!-- Fanart Friday -->
				<control type="image">
					<posx>0</posx>
					<posy>0</posy>
					<width>1920</width>
					<height>1080</height>
					<aspectratio>scale</aspectratio>
					<texture background="true">$INFO[Container(204).ListItem.Property(Fanart)]</texture>
					<visible>Control.HasFocus(204)</visible>
					<fadetime>600</fadetime>
					<animation effect="fade" start="0" end="25" time="600">Visible</animation>
					<animation effect="fade"  start="25" end="0" time="600">Hidden</animation>
				</control>
	
				<!-- Fanart Saturday -->
				<control type="image">
					<posx>0</posx>
					<posy>0</posy>
					<width>1920</width>
					<height>1080</height>
					<aspectratio>scale</aspectratio>
					<texture background="true">$INFO[Container(205).ListItem.Property(Fanart)]</texture>
					<visible>Control.HasFocus(205)</visible>
					<fadetime>600</fadetime>
					<animation effect="fade" start="0" end="25" time="600">Visible</animation>
					<animation effect="fade"  start="25" end="0" time="600">Hidden</animation>
				</control>
	
				<!-- Fanart Sunday -->
				<control type="image">
					<posx>0</posx>
					<posy>0</posy>
					<width>1920</width>
					<height>1080</height>
					<aspectratio>scale</aspectratio>
					<texture background="true">$INFO[Container(206).ListItem.Property(Fanart)]</texture>
					<visible>Control.HasFocus(206)</visible>
					<fadetime>600</fadetime>
					<animation effect="fade" start="0" end="25" time="600">Visible</animation>
					<animation effect="fade"  start="25" end="0" time="600">Hidden</animation>
				</control>
			</control>

			<!-- Info episodes Monday -->
			<control type="group">
				<posx>100</posx>
				<posy>600</posy>
				<visible>Control.HasFocus(200)</visible>

				<!-- TVShow title -->
				<control type="label">
					<description>Episode title</description>
					<width>1040</width>
					<height>40</height>
					<textcolor>ColorFO</textcolor>
					<label>$INFO[Container(200).ListItem.Label]</label>
					<scroll>true</scroll>
					<scrollout>false</scrollout>
					<font>Med</font>
				</control>
				
				<!-- TVShow Icon -->
				<control type="image">
					<posy>50</posy>
					<width>200</width>
					<height>290</height>
					<aspectratio>keep</aspectratio>
					<texture>$INFO[Container(200).ListItem.Icon]</texture>
				</control>
				
				<!-- Episode infos -->
				<control type="label">
					<description>Episode info</description>
					<posx>500</posx>
					<posy>350</posy>
					<width>1040</width>
					<height>25</height>
					<label>$INFO[Container(200).ListItem.Property(NextNumber)] - $INFO[Container(200).ListItem.Property(NextTitle)]</label>
					<font>XSmall</font>
					<scroll>true</scroll>
					<scrollout>false</scrollout>
				</control>
				<control type="label">
					<description>Episode info</description>
					<posx>500</posx>
					<posy>400</posy>
					<width>1040</width>
					<height>25</height>
					<label>$INFO[Container(200).ListItem.Property(NextDay)] $INFO[Container(200).ListItem.Property(ShortTime)] - $INFO[Container(200).ListItem.Property(Runtime),, $LOCALIZE[12391]]</label>
					<font>XSmall</font>
					<scroll>true</scroll>
					<scrollout>false</scrollout>
				</control>

				<!-- TV show genre -->
				<control type="label">
					<description>Episode genre</description>
					<posy>350</posy>
					<width>1040</width>
					<height>40</height>
					<align>left</align>
					<label>$INFO[Container(200).ListItem.Property(Genre)]</label>
					<font>font13</font>
				</control>
				
				<!-- TV show stauts -->
				<control type="label">
					<posy>350</posy>
					<posx>1760</posx>
					<width>1040</width>
					<height>25</height>
					<align>right</align>
					<textcolor>ColorFO</textcolor>
					<label>$INFO[Container(200).ListItem.Property(status)]</label>
					<font>XSmall</font>
				</control>

				<!-- Broadcaster -->
				<control type="label">
					<description>Episode network</description>
					<posy>400</posy>
					<width>1040</width>
					<height>25</height>
					<align>left</align>
					<label>$INFO[Container(200).ListItem.Property(Network)]</label>
					<font>font13</font>
				</control>
			</control>

			<!-- Info episode Tuesday -->
			<control type="group">
				<posx>100</posx>
				<posy>600</posy>
				<visible>Control.HasFocus(201)</visible>

				<!-- TVShow title -->
				<control type="label">
					<description>Episode title</description>
					<width>1040</width>
					<height>40</height>
					<textcolor>ColorFO</textcolor>
					<label>$INFO[Container(201).ListItem.Label]</label>
					<scroll>true</scroll>
					<scrollout>false</scrollout>
					<font>Med</font>
				</control>
				
				<!-- TVShow Icon -->
				<control type="image">
					<posy>50</posy>
					<width>200</width>
					<height>290</height>
					<aspectratio>keep</aspectratio>
					<texture>$INFO[Container(201).ListItem.Icon]</texture>
				</control>
				
				<!-- Episode infos -->
				<control type="label">
					<description>Episode info</description>
					<posx>500</posx>
					<posy>350</posy>
					<width>1040</width>
					<height>25</height>
					<label>$INFO[Container(201).ListItem.Property(NextNumber)] - $INFO[Container(201).ListItem.Property(NextTitle)]</label>
					<font>XSmall</font>
					<scroll>true</scroll>
					<scrollout>false</scrollout>
				</control>
				<control type="label">
					<description>Episode info</description>
					<posx>500</posx>
					<posy>400</posy>
					<width>1040</width>
					<height>25</height>
					<label>$INFO[Container(201).ListItem.Property(NextDay)] $INFO[Container(201).ListItem.Property(ShortTime)] - $INFO[Container(201).ListItem.Property(Runtime),, $LOCALIZE[12391]]</label>
					<font>XSmall</font>
					<scroll>true</scroll>
					<scrollout>false</scrollout>
				</control>

				<!-- TV show genre -->
				<control type="label">
					<description>Episode genre</description>
					<posy>350</posy>
					<width>1040</width>
					<height>40</height>
					<align>left</align>
					<label>$INFO[Container(201).ListItem.Property(Genre)]</label>
					<font>font13</font>
				</control>
				
				<!-- TV show stauts -->
				<control type="label">
					<posy>350</posy>
					<posx>1760</posx>
					<width>1040</width>
					<height>25</height>
					<align>right</align>
					<textcolor>ColorFO</textcolor>
					<label>$INFO[Container(201).ListItem.Property(status)]</label>
					<font>XSmall</font>
				</control>

				<!-- Broadcaster -->
				<control type="label">
					<description>Episode network</description>
					<posy>400</posy>
					<width>1040</width>
					<height>25</height>
					<align>left</align>
					<label>$INFO[Container(201).ListItem.Property(Network)]</label>
					<font>font13</font>
				</control>
			</control>
	
			<!-- Info episode Wednesday -->
			<control type="group">
				<posx>100</posx>
				<posy>600</posy>
				<visible>Control.HasFocus(202)</visible>

				<!-- TVShow title -->
				<control type="label">
					<description>Episode title</description>
					<width>1040</width>
					<height>40</height>
					<textcolor>ColorFO</textcolor>
					<label>$INFO[Container(202).ListItem.Label]</label>
					<scroll>true</scroll>
					<scrollout>false</scrollout>
					<font>Med</font>
				</control>
				
				<!-- TVShow Icon -->
				<control type="image">
					<posy>50</posy>
					<width>200</width>
					<height>290</height>
					<aspectratio>keep</aspectratio>
					<texture>$INFO[Container(202).ListItem.Icon]</texture>
				</control>
				
				<!-- Episode infos -->
				<control type="label">
					<description>Episode info</description>
					<posx>500</posx>
					<posy>350</posy>
					<width>1040</width>
					<height>25</height>
					<label>$INFO[Container(202).ListItem.Property(NextNumber)] - $INFO[Container(202).ListItem.Property(NextTitle)]</label>
					<font>XSmall</font>
					<scroll>true</scroll>
					<scrollout>false</scrollout>
				</control>
				<control type="label">
					<description>Episode info</description>
					<posx>500</posx>
					<posy>400</posy>
					<width>1040</width>
					<height>25</height>
					<label>$INFO[Container(202).ListItem.Property(NextDay)] $INFO[Container(202).ListItem.Property(ShortTime)] - $INFO[Container(202).ListItem.Property(Runtime),, $LOCALIZE[12391]]</label>
					<font>XSmall</font>
					<scroll>true</scroll>
					<scrollout>false</scrollout>
				</control>

				<!-- TV show genre -->
				<control type="label">
					<description>Episode genre</description>
					<posy>350</posy>
					<width>1040</width>
					<height>40</height>
					<align>left</align>
					<label>$INFO[Container(202).ListItem.Property(Genre)]</label>
					<font>font13</font>
				</control>
				
				<!-- TV show stauts -->
				<control type="label">
					<posy>350</posy>
					<posx>1760</posx>
					<width>1040</width>
					<height>25</height>
					<align>right</align>
					<textcolor>ColorFO</textcolor>
					<label>$INFO[Container(202).ListItem.Property(status)]</label>
					<font>XSmall</font>
				</control>

				<!-- Broadcaster -->
				<control type="label">
					<description>Episode network</description>
					<posy>400</posy>
					<width>1040</width>
					<height>25</height>
					<align>left</align>
					<label>$INFO[Container(202).ListItem.Property(Network)]</label>
					<font>font13</font>
				</control>
			</control>

			<!-- Info episode Thursday -->
			<control type="group">
				<posx>100</posx>
				<posy>600</posy>
				<visible>Control.HasFocus(203)</visible>

				<!-- TVShow title -->
				<control type="label">
					<description>Episode title</description>
					<width>1040</width>
					<height>40</height>
					<textcolor>ColorFO</textcolor>
					<label>$INFO[Container(203).ListItem.Label]</label>
					<scroll>true</scroll>
					<scrollout>false</scrollout>
					<font>Med</font>
				</control>
				
				<!-- TVShow Icon -->
				<control type="image">
					<posy>50</posy>
					<width>200</width>
					<height>290</height>
					<aspectratio>keep</aspectratio>
					<texture>$INFO[Container(203).ListItem.Icon]</texture>
				</control>
				
				<!-- Episode infos -->
				<control type="label">
					<description>Episode info</description>
					<posx>500</posx>
					<posy>350</posy>
					<width>1040</width>
					<height>25</height>
					<label>$INFO[Container(203).ListItem.Property(NextNumber)] - $INFO[Container(203).ListItem.Property(NextTitle)]</label>
					<font>XSmall</font>
					<scroll>true</scroll>
					<scrollout>false</scrollout>
				</control>
				<control type="label">
					<description>Episode info</description>
					<posx>500</posx>
					<posy>400</posy>
					<width>1040</width>
					<height>25</height>
					<label>$INFO[Container(203).ListItem.Property(NextDay)] $INFO[Container(203).ListItem.Property(ShortTime)] - $INFO[Container(203).ListItem.Property(Runtime),, $LOCALIZE[12391]]</label>
					<font>XSmall</font>
					<scroll>true</scroll>
					<scrollout>false</scrollout>
				</control>

				<!-- TV show genre -->
				<control type="label">
					<description>Episode genre</description>
					<posy>350</posy>
					<width>1040</width>
					<height>40</height>
					<align>left</align>
					<label>$INFO[Container(203).ListItem.Property(Genre)]</label>
					<font>font13</font>
				</control>
				
				<!-- TV show stauts -->
				<control type="label">
					<posy>350</posy>
					<posx>1760</posx>
					<width>1040</width>
					<height>25</height>
					<align>right</align>
					<textcolor>ColorFO</textcolor>
					<label>$INFO[Container(203).ListItem.Property(status)]</label>
					<font>XSmall</font>
				</control>

				<!-- Broadcaster -->
				<control type="label">
					<description>Episode network</description>
					<posy>400</posy>
					<width>1040</width>
					<height>25</height>
					<align>left</align>
					<label>$INFO[Container(203).ListItem.Property(Network)]</label>
					<font>font13</font>
				</control>
			</control>

			<!-- Info episode Friday -->
			<control type="group">
				<posx>100</posx>
				<posy>600</posy>
				<visible>Control.HasFocus(204)</visible>

				<!-- TVShow title -->
				<control type="label">
					<description>Episode title</description>
					<width>1040</width>
					<height>40</height>
					<textcolor>ColorFO</textcolor>
					<label>$INFO[Container(204).ListItem.Label]</label>
					<scroll>true</scroll>
					<scrollout>false</scrollout>
					<font>Med</font>
				</control>
				
				<!-- TVShow Icon -->
				<control type="image">
					<posy>50</posy>
					<width>200</width>
					<height>290</height>
					<aspectratio>keep</aspectratio>
					<texture>$INFO[Container(204).ListItem.Icon]</texture>
				</control>
				
				<!-- Episode infos -->
				<control type="label">
					<description>Episode info</description>
					<posx>500</posx>
					<posy>350</posy>
					<width>1040</width>
					<height>25</height>
					<label>$INFO[Container(204).ListItem.Property(NextNumber)] - $INFO[Container(204).ListItem.Property(NextTitle)]</label>
					<font>XSmall</font>
					<scroll>true</scroll>
					<scrollout>false</scrollout>
				</control>
				<control type="label">
					<description>Episode info</description>
					<posx>500</posx>
					<posy>400</posy>
					<width>1040</width>
					<height>25</height>
					<label>$INFO[Container(204).ListItem.Property(NextDay)] $INFO[Container(204).ListItem.Property(ShortTime)] - $INFO[Container(204).ListItem.Property(Runtime),, $LOCALIZE[12391]]</label>
					<font>XSmall</font>
					<scroll>true</scroll>
					<scrollout>false</scrollout>
				</control>

				<!-- TV show genre -->
				<control type="label">
					<description>Episode genre</description>
					<posy>350</posy>
					<width>1040</width>
					<height>40</height>
					<align>left</align>
					<label>$INFO[Container(204).ListItem.Property(Genre)]</label>
					<font>font13</font>
				</control>
				
				<!-- TV show stauts -->
				<control type="label">
					<posy>350</posy>
					<posx>1760</posx>
					<width>1040</width>
					<height>25</height>
					<align>right</align>
					<textcolor>ColorFO</textcolor>
					<label>$INFO[Container(204).ListItem.Property(status)]</label>
					<font>XSmall</font>
				</control>

				<!-- Broadcaster -->
				<control type="label">
					<description>Episode network</description>
					<posy>400</posy>
					<width>1040</width>
					<height>25</height>
					<align>left</align>
					<label>$INFO[Container(204).ListItem.Property(Network)]</label>
					<font>font13</font>
				</control>
			</control>

			<!-- Info episode Saturday -->
			<control type="group">
				<posx>100</posx>
				<posy>600</posy>
				<visible>Control.HasFocus(205)</visible>

				<!-- TVShow title -->
				<control type="label">
					<description>Episode title</description>
					<width>1040</width>
					<height>40</height>
					<textcolor>ColorFO</textcolor>
					<label>$INFO[Container(205).ListItem.Label]</label>
					<scroll>true</scroll>
					<scrollout>false</scrollout>
					<font>Med</font>
				</control>
				
				<!-- TVShow Icon -->
				<control type="image">
					<posy>50</posy>
					<width>200</width>
					<height>290</height>
					<aspectratio>keep</aspectratio>
					<texture>$INFO[Container(205).ListItem.Icon]</texture>
				</control>
				
				<!-- Episode infos -->
				<control type="label">
					<description>Episode info</description>
					<posx>500</posx>
					<posy>350</posy>
					<width>1040</width>
					<height>25</height>
					<label>$INFO[Container(205).ListItem.Property(NextNumber)] - $INFO[Container(205).ListItem.Property(NextTitle)]</label>
					<font>XSmall</font>
					<scroll>true</scroll>
					<scrollout>false</scrollout>
				</control>
				<control type="label">
					<description>Episode info</description>
					<posx>500</posx>
					<posy>400</posy>
					<width>1040</width>
					<height>25</height>
					<label>$INFO[Container(205).ListItem.Property(NextDay)] $INFO[Container(205).ListItem.Property(ShortTime)] - $INFO[Container(205).ListItem.Property(Runtime),, $LOCALIZE[12391]]</label>
					<font>XSmall</font>
					<scroll>true</scroll>
					<scrollout>false</scrollout>
				</control>
				
				<!-- TV show genre -->
				<control type="label">
					<description>Episode genre</description>
					<posy>350</posy>
					<width>1040</width>
					<height>40</height>
					<align>left</align>
					<label>$INFO[Container(205).ListItem.Property(Genre)]</label>
					<font>font13</font>
				</control>
				
				<!-- TV show stauts -->
				<control type="label">
					<posy>350</posy>
					<posx>1760</posx>
					<width>1040</width>
					<height>25</height>
					<align>right</align>
					<textcolor>ColorFO</textcolor>
					<label>$INFO[Container(205).ListItem.Property(status)]</label>
					<font>XSmall</font>
				</control>

				<!-- Broadcaster -->
				<control type="label">
					<description>Episode network</description>
					<posy>400</posy>
					<width>1040</width>
					<height>25</height>
					<align>left</align>
					<label>$INFO[Container(205).ListItem.Property(Network)]</label>
					<font>font13</font>
				</control>
			</control>
			
			<!-- Info episode Sunday -->
			<control type="group">
				<posx>100</posx>
				<posy>600</posy>
				<visible>Control.HasFocus(206)</visible>

				<!-- TVShow title -->
				<control type="label">
					<description>Episode title</description>
					<width>1040</width>
					<height>40</height>
					<textcolor>ColorFO</textcolor>
					<label>$INFO[Container(206).ListItem.Label]</label>
					<scroll>true</scroll>
					<scrollout>false</scrollout>
					<font>Med</font>
				</control>
				
				<!-- TVShow Icon -->
				<control type="image">
					<posy>50</posy>
					<width>200</width>
					<height>290</height>
					<aspectratio>keep</aspectratio>
					<texture>$INFO[Container(206).ListItem.Icon]</texture>
				</control>
				
				<!-- Episode infos -->
				<control type="label">
					<description>Episode info</description>
					<posx>500</posx>
					<posy>350</posy>
					<width>1040</width>
					<height>25</height>
					<label>$INFO[Container(206).ListItem.Property(NextNumber)] - $INFO[Container(206).ListItem.Property(NextTitle)]</label>
					<font>XSmall</font>
					<scroll>true</scroll>
					<scrollout>false</scrollout>
				</control>
				<control type="label">
					<description>Episode info</description>
					<posx>500</posx>
					<posy>400</posy>
					<width>1040</width>
					<height>25</height>
					<label>$INFO[Container(206).ListItem.Property(NextDay)] $INFO[Container(206).ListItem.Property(ShortTime)] - $INFO[Container(206).ListItem.Property(Runtime),, $LOCALIZE[12391]]</label>
					<font>XSmall</font>
					<scroll>true</scroll>
					<scrollout>false</scrollout>
				</control>
				
				<!-- TV show genre -->
				<control type="label">
					<description>Episode genre</description>
					<posy>350</posy>
					<width>1040</width>
					<height>40</height>
					<align>left</align>
					<label>$INFO[Container(206).ListItem.Property(Genre)]</label>
					<font>font13</font>
				</control>
				
				<!-- TV show stauts -->
				<control type="label">
					<posy>350</posy>
					<posx>1760</posx>
					<width>1040</width>
					<height>25</height>
					<align>right</align>
					<textcolor>ColorFO</textcolor>
					<label>$INFO[Container(206).ListItem.Property(status)]</label>
					<font>XSmall</font>
				</control>

				<!-- Broadcaster -->
				<control type="label">
					<description>Episode network</description>
					<posy>400</posy>
					<width>1040</width>
					<height>25</height>
					<align>left</align>
					<label>$INFO[Container(206).ListItem.Property(Network)]</label>
					<font>font13</font>
				</control>
			</control>
		</control>

		<!-- Lists -->
		<control type="grouplist" id="2000">
			<posx>100</posx>
			<posy>100</posy>
			<width>1800</width>
			<height>470</height>
			<orientation>horizontal</orientation>
			<itemgap>2</itemgap>

			<!-- List Monday -->
			<control type="group">
				<description>Monday</description>
				<visible>!StringCompare(Window(Home).Property(NextAired.200.Wday),)</visible>
				<width>250</width>
				<height>655</height>
				<posx>0</posx>
				<posy>0</posy>
				
				<!--Background Day display -->
				<control type="image">
					<width>250</width>
					<height>40</height>
					<texture>TVShowNextAired/TVGuideGridHighlight.png</texture>
				</control>
				
				<!-- Day display -->
				<control type="label">
					<width>250</width>
					<height>40</height>
					<label>$INFO[Window(Home).Property(NextAired.200.Weekday)]</label>
					<align>center</align>
					<aligny>center</aligny>
					<font>font13_title</font>
					<textcolor>FF000000</textcolor>
					<visible>!StringCompare(Window(home).Property(NextAired.1.Date),Window(home).Property(NextAired.TodayDate))</visible>
				</control>
				<control type="label">
					<width>250</width>
					<height>40</height>
					<label>$INFO[Window(Home).Property(NextAired.200.Weekday)]</label>
					<align>center</align>
					<aligny>center</aligny>
					<font>font13_title</font>
					<textcolor>ColorFO</textcolor>
					<visible>StringCompare(Window(home).Property(NextAired.1.Date),Window(home).Property(NextAired.TodayDate))</visible>
				</control>
			
				<!-- Display episodes monday -->
				<control type="panel" id="200">
					<posy>50</posy>
					<width>250</width>
					<height>627</height>
					<scrolltime>200</scrolltime>
					<onup>200</onup>
					<ondown>200</ondown>
					<onleft>9000</onleft>
					<onright>201</onright>

					<!-- NF Episode -->
					<itemlayout height="65" width="250">

						<!-- 1st or 2nd Week --> 
						<!--
						<control type="image">
							<description>Bg</description>
							<width>250</width>
							<height>100</height>
							<texture background="true">TVGuide-CalDay.png</texture>
							<visible>!ListItem.Property(SecondWeek)</visible>
						</control>
						<control type="image">
							<description>Bg</description>
							<width>250</width>
							<height>100</height>
							<texture background="true">TVGuide-CalDay-Week2.png</texture>
							<visible>ListItem.Property(SecondWeek)</visible>
						</control>
						-->
						
						<!-- Display Poster -->
						<control type="group">
							<width>250</width>
							<height>60</height>

							<control type="image">
								<texture>TVShowNextAired/TVGuideCalDayNF.png</texture>
							</control>
						
							<control type="label">
								<posx>2</posx>
								<width>246</width>
								<height>60</height>
								<label>$INFO[ListItem.Label]</label>
								<aligny>center</aligny>
								<align>center</align>
								<font>font13_title</font>
								<textcolor>ffffffff</textcolor>
							</control>
						    <visible>StringCompare(Window(Home).Property(TVGuide.ThumbType),0)</visible>
						</control>
						
						<!-- Banner Poster -->
						<control type="group">
							<width>250</width>
							<height>60</height>
							
							<control type="image">
								<texture>TVShowNextAired/TVGuideBanNF.png</texture>
							</control>
							<control type="image">
								<posx>2</posx>
								<posy>2</posy>
								<width>246</width>
								<height>56</height>
								<texture>$INFO[ListItem.Property(Art(banner))]</texture>
							</control>
						
						    <visible>StringCompare(Window(Home).Property(TVGuide.ThumbType),1)</visible>
						</control>
					</itemlayout>

					<!-- FO episodes -->
					<focusedlayout height="65" width="250">

						<!-- 1st or 2nd Week --> 
						<!--
						<control type="image">
							<description>Bg</description>
							<width>250</width>
							<height>100</height>
							<texture background="true">TVGuide-CalDay.png</texture>
							<visible>!ListItem.Property(SecondWeek)</visible>
						</control>
						<control type="image">
							<description>Bg</description>
							<width>250</width>
							<height>100</height>
							<texture background="true">TVGuide-CalDay-Week2.png</texture>
							<visible>ListItem.Property(SecondWeek)</visible>
						</control>
						-->
						<!-- Display Poster -->
						<control type="group">
							<width>250</width>
							<height>60</height>

							<control type="image">
								<texture>TVShowNextAired/TVGuideCalDayFO.png</texture>
							</control>
						
							<control type="label">
								<posx>2</posx>
								<width>246</width>
								<height>60</height>
								<label>$INFO[ListItem.Label]</label>
								<aligny>center</aligny>
								<align>center</align>
								<font>font13_title</font>
								<textcolor>ffffffff</textcolor>
							</control>
							<visible>StringCompare(Window(Home).Property(TVGuide.ThumbType),0)</visible>
						</control>
						
						<!-- Banner Poster -->
						<control type="group">
							<width>250</width>
							<height>60</height>
							
							<control type="image">
								<texture>TVShowNextAired/TVGuideBanFO.png</texture>
							</control>
							<control type="image">
								<posx>2</posx>
								<posy>2</posy>
								<width>246</width>
								<height>56</height>
								<texture>$INFO[ListItem.Property(Art(banner))]</texture>
							</control>
						    <visible>StringCompare(Window(Home).Property(TVGuide.ThumbType),1)</visible>
						</control>
					</focusedlayout>
				</control>
			</control>

			<!-- List Tuesday -->
			<control type="group">
				<description>Tuesday</description>
				<visible>!StringCompare(Window(Home).Property(NextAired.201.Wday),)</visible>
				<width>250</width>
				<height>655</height>
				
				<!--Background Day display -->
				<control type="image">
					<width>250</width>
					<height>40</height>
					<texture>TVShowNextAired/TVGuideGridHighlight.png</texture>
				</control>
				
				<!-- Display Day -->
				<control type="label">
					<width>250</width>
					<height>40</height>
					<label>$INFO[Window(Home).Property(NextAired.201.Weekday)]</label>
					<align>center</align>
					<aligny>center</aligny>
					<font>font13_title</font>
					<textcolor>FF000000</textcolor>
					<visible>!StringCompare(Window(home).Property(NextAired.2.Date),Window(home).Property(NextAired.TodayDate))</visible>
				</control>
				<control type="label">
					<width>250</width>
					<height>40</height>
					<label>$INFO[Window(Home).Property(NextAired.201.Weekday)]</label>
					<align>center</align>
					<aligny>center</aligny>
					<font>font13_title</font>
					<textcolor>ColorFO</textcolor>
					<visible>StringCompare(Window(home).Property(NextAired.2.Date),Window(home).Property(NextAired.TodayDate))</visible>
				</control>
				
				<!-- Display episode tuesday -->
				<control type="panel" id="201">
					<posx>0</posx>
					<posy>50</posy>
					<width>250</width>
					<height>627</height>
					<scrolltime>200</scrolltime>
					<onup>201</onup>
					<ondown>201</ondown>
					<onleft>200</onleft>
					<onright>202</onright>
					<itemlayout height="65" width="250">

						<!-- 1st or 2nd Week --> 
						<!--
						<control type="image">
							<description>Bg</description>
							<width>250</width>
							<height>100</height>
							<texture background="true">TVGuide-CalDay.png</texture>
							<visible>!ListItem.Property(SecondWeek)</visible>
						</control>
						<control type="image">
							<description>Bg</description>
							<width>250</width>
							<height>100</height>
							<texture background="true">TVGuide-CalDay-Week2.png</texture>
							<visible>ListItem.Property(SecondWeek)</visible>
						</control>
						-->
						
						<!-- Display Poster -->
						<control type="group">
							<width>250</width>
							<height>60</height>

							<control type="image">
								<texture>TVShowNextAired/TVGuideCalDayNF.png</texture>
							</control>
						
							<control type="label">
								<posx>2</posx>
								<width>246</width>
								<height>60</height>
								<label>$INFO[ListItem.Label]</label>
								<aligny>center</aligny>
								<align>center</align>
								<font>font13_title</font>
								<textcolor>ffffffff</textcolor>
							</control>
						    <visible>StringCompare(Window(Home).Property(TVGuide.ThumbType),0)</visible>
						</control>
						
						<!-- Banner Poster -->
						<control type="group">
							<width>250</width>
							<height>60</height>
							
							<control type="image">
								<texture>TVShowNextAired/TVGuideBanNF.png</texture>
							</control>
							<control type="image">
								<posx>2</posx>
								<posy>2</posy>
								<width>246</width>
								<height>56</height>
								<texture>$INFO[ListItem.Property(Art(banner))]</texture>
							</control>
						    <visible>StringCompare(Window(Home).Property(TVGuide.ThumbType),1)</visible>
						</control>
					</itemlayout>

					<!-- FO episodes -->
					<focusedlayout height="65" width="250">

						<!-- 1st or 2nd Week --> 
						<!--
						<control type="image">
							<description>Bg</description>
							<width>250</width>
							<height>100</height>
							<texture background="true">TVGuide-CalDay.png</texture>
							<visible>!ListItem.Property(SecondWeek)</visible>
						</control>
						<control type="image">
							<description>Bg</description>
							<width>250</width>
							<height>100</height>
							<texture background="true">TVGuide-CalDay-Week2.png</texture>
							<visible>ListItem.Property(SecondWeek)</visible>
						</control>
						-->
						<!-- Display Poster -->
						<control type="group">
							<width>250</width>
							<height>60</height>

							<control type="image">
								<texture>TVShowNextAired/TVGuideCalDayFO.png</texture>
							</control>
						
							<control type="label">
								<posx>2</posx>
								<width>246</width>
								<height>60</height>
								<label>$INFO[ListItem.Label]</label>
								<aligny>center</aligny>
								<align>center</align>
								<font>font13_title</font>
								<textcolor>ffffffff</textcolor>
							</control>
							<visible>StringCompare(Window(Home).Property(TVGuide.ThumbType),0)</visible>
						</control>
						
						<!-- Banner Poster -->
						<control type="group">
							<width>250</width>
							<height>60</height>
							
							<control type="image">
								<texture>TVShowNextAired/TVGuideBanFO.png</texture>
							</control>
							<control type="image">
								<posx>2</posx>
								<posy>2</posy>
								<width>246</width>
								<height>56</height>
								<texture>$INFO[ListItem.Property(Art(banner))]</texture>
							</control>
						    <visible>StringCompare(Window(Home).Property(TVGuide.ThumbType),1)</visible>
						</control>
					</focusedlayout>
				</control>
			</control>

			<!-- List Wednesday -->
			<control type="group">
				<description>Wednesday</description>
				<visible>!StringCompare(Window(Home).Property(NextAired.202.Wday),)</visible>
				<width>250</width>
				<height>655</height>
				
				<!--Background Day display -->
				<control type="image">
					<width>250</width>
					<height>40</height>
					<texture>TVShowNextAired/TVGuideGridHighlight.png</texture>
				</control>
				
				<!-- Display Day -->
				<control type="label">
					<width>250</width>
					<height>40</height>
					<label>$INFO[Window(Home).Property(NextAired.202.Weekday)]</label>
					<align>center</align>
					<aligny>center</aligny>
					<font>font13_title</font>
					<textcolor>FF000000</textcolor>
					<visible>!StringCompare(Window(home).Property(NextAired.3.Date),Window(home).Property(NextAired.TodayDate))</visible>
				</control>
				<control type="label">
					<width>250</width>
					<height>40</height>
					<label>$INFO[Window(Home).Property(NextAired.202.Weekday)]</label>
					<align>center</align>
					<aligny>center</aligny>
					<font>font13_title</font>
					<textcolor>ColorFO</textcolor>
					<visible>StringCompare(Window(home).Property(NextAired.3.Date),Window(home).Property(NextAired.TodayDate))</visible>
				</control>
				
				<!-- Display episode Wednesday -->
				<control type="panel" id="202">
					<posy>50</posy>
					<width>250</width>
					<height>627</height>
					<scrolltime>200</scrolltime>
					<onup>202</onup>
					<ondown>202</ondown>
					<onleft>201</onleft>
					<onright>203</onright>
					<itemlayout height="65" width="250">

						<!-- 1st or 2nd Week --> 
						<!--
						<control type="image">
							<description>Bg</description>
							<width>250</width>
							<height>100</height>
							<texture background="true">TVGuide-CalDay.png</texture>
							<visible>!ListItem.Property(SecondWeek)</visible>
						</control>
						<control type="image">
							<description>Bg</description>
							<width>250</width>
							<height>100</height>
							<texture background="true">TVGuide-CalDay-Week2.png</texture>
							<visible>ListItem.Property(SecondWeek)</visible>
						</control>
						-->
						
						<!-- Display Poster -->
						<control type="group">
							<width>250</width>
							<height>60</height>

							<control type="image">
								<texture>TVShowNextAired/TVGuideCalDayNF.png</texture>
							</control>
						
							<control type="label">
								<posx>2</posx>
								<width>246</width>
								<height>60</height>
								<label>$INFO[ListItem.Label]</label>
								<aligny>center</aligny>
								<align>center</align>
								<font>font13_title</font>
								<textcolor>ffffffff</textcolor>
							</control>
						    <visible>StringCompare(Window(Home).Property(TVGuide.ThumbType),0)</visible>
						</control>
						
						<!-- Banner Poster -->
						<control type="group">
							<width>250</width>
							<height>60</height>
							
							<control type="image">
								<texture>TVShowNextAired/TVGuideBanNF.png</texture>
							</control>
							<control type="image">
								<posx>2</posx>
								<posy>2</posy>
								<width>246</width>
								<height>56</height>
								<texture>$INFO[ListItem.Property(Art(banner))]</texture>
							</control>
						    <visible>StringCompare(Window(Home).Property(TVGuide.ThumbType),1)</visible>
						</control>
					</itemlayout>

					<!-- FO episodes -->
					<focusedlayout height="65" width="250">

						<!-- 1st or 2nd Week --> 
						<!--
						<control type="image">
							<description>Bg</description>
							<width>250</width>
							<height>100</height>
							<texture background="true">TVGuide-CalDay.png</texture>
							<visible>!ListItem.Property(SecondWeek)</visible>
						</control>
						<control type="image">
							<description>Bg</description>
							<width>250</width>
							<height>100</height>
							<texture background="true">TVGuide-CalDay-Week2.png</texture>
							<visible>ListItem.Property(SecondWeek)</visible>
						</control>
						-->
						<!-- Display Poster -->
						<control type="group">
							<width>250</width>
							<height>60</height>

							<control type="image">
								<texture>TVShowNextAired/TVGuideCalDayFO.png</texture>
							</control>
						
							<control type="label">
								<posx>2</posx>
								<width>246</width>
								<height>60</height>
								<label>$INFO[ListItem.Label]</label>
								<aligny>center</aligny>
								<align>center</align>
								<font>font13_title</font>
								<textcolor>ffffffff</textcolor>
							</control>
							<visible>StringCompare(Window(Home).Property(TVGuide.ThumbType),0)</visible>
						</control>
						
						<!-- Banner Poster -->
						<control type="group">
							<width>250</width>
							<height>60</height>
							
							<control type="image">
								<texture>TVShowNextAired/TVGuideBanFO.png</texture>
							</control>
							<control type="image">
								<posx>2</posx>
								<posy>2</posy>
								<width>246</width>
								<height>56</height>
								<texture>$INFO[ListItem.Property(Art(banner))]</texture>
							</control>
						    <visible>StringCompare(Window(Home).Property(TVGuide.ThumbType),1)</visible>
						</control>
					</focusedlayout>
				</control>
			</control>

			<!-- List Thursday -->
			<control type="group">
				<description>Thursday</description>
				<visible>!StringCompare(Window(Home).Property(NextAired.203.Wday),)</visible>
				<width>250</width>
				<height>655</height>
				
				<!--Background Day display -->
				<control type="image">
					<width>250</width>
					<height>40</height>
					<texture>TVShowNextAired/TVGuideGridHighlight.png</texture>
				</control>
				
				<!-- Display Day -->
				<control type="label">
					<width>250</width>
					<height>40</height>
					<label>$INFO[Window(Home).Property(NextAired.203.Weekday)]</label>
					<align>center</align>
					<aligny>center</aligny>
					<font>font13_title</font>
					<textcolor>FF000000</textcolor>
					<visible>!StringCompare(Window(home).Property(NextAired.4.Date),Window(home).Property(NextAired.TodayDate))</visible>
				</control>
				<control type="label">
					<width>250</width>
					<height>40</height>
					<label>$INFO[Window(Home).Property(NextAired.203.Weekday)]</label>
					<align>center</align>
					<aligny>center</aligny>
					<font>font13_title</font>
					<textcolor>ColorFO</textcolor>
					<visible>StringCompare(Window(home).Property(NextAired.4.Date),Window(home).Property(NextAired.TodayDate))</visible>
				</control>
				
				<!-- Display episode Thursday -->
				<control type="panel" id="203">
					<posy>50</posy>
					<width>250</width>
					<height>627</height>
					<scrolltime>200</scrolltime>
					<onup>203</onup>
					<ondown>203</ondown>
					<onleft>202</onleft>
					<onright>204</onright>
					<itemlayout height="65" width="250">

						<!-- 1st or 2nd Week --> 
						<!--
						<control type="image">
							<description>Bg</description>
							<width>250</width>
							<height>100</height>
							<texture background="true">TVGuide-CalDay.png</texture>
							<visible>!ListItem.Property(SecondWeek)</visible>
						</control>
						<control type="image">
							<description>Bg</description>
							<width>250</width>
							<height>100</height>
							<texture background="true">TVGuide-CalDay-Week2.png</texture>
							<visible>ListItem.Property(SecondWeek)</visible>
						</control>
						-->
						
						<!-- Display Poster -->
						<control type="group">
							<width>250</width>
							<height>60</height>

							<control type="image">
								<texture>TVShowNextAired/TVGuideCalDayNF.png</texture>
							</control>
						
							<control type="label">
								<posx>2</posx>
								<width>246</width>
								<height>60</height>
								<label>$INFO[ListItem.Label]</label>
								<aligny>center</aligny>
								<align>center</align>
								<font>font13_title</font>
								<textcolor>ffffffff</textcolor>
							</control>
						    <visible>StringCompare(Window(Home).Property(TVGuide.ThumbType),0)</visible>
						</control>
						
						<!-- Banner Poster -->
						<control type="group">
							<width>250</width>
							<height>60</height>
							
							<control type="image">
								<texture>TVShowNextAired/TVGuideBanNF.png</texture>
							</control>
							<control type="image">
								<posx>2</posx>
								<posy>2</posy>
								<width>246</width>
								<height>56</height>
								<texture>$INFO[ListItem.Property(Art(banner))]</texture>
							</control>
						    <visible>StringCompare(Window(Home).Property(TVGuide.ThumbType),1)</visible>
						</control>
					</itemlayout>

					<!-- FO episodes -->
					<focusedlayout height="65" width="250">

						<!-- 1st or 2nd Week --> 
						<!--
						<control type="image">
							<description>Bg</description>
							<width>250</width>
							<height>100</height>
							<texture background="true">TVGuide-CalDay.png</texture>
							<visible>!ListItem.Property(SecondWeek)</visible>
						</control>
						<control type="image">
							<description>Bg</description>
							<width>250</width>
							<height>100</height>
							<texture background="true">TVGuide-CalDay-Week2.png</texture>
							<visible>ListItem.Property(SecondWeek)</visible>
						</control>
						-->
						<!-- Display Poster -->
						<control type="group">
							<width>250</width>
							<height>60</height>

							<control type="image">
								<texture>TVShowNextAired/TVGuideCalDayFO.png</texture>
							</control>
						
							<control type="label">
								<posx>2</posx>
								<width>246</width>
								<height>60</height>
								<label>$INFO[ListItem.Label]</label>
								<aligny>center</aligny>
								<align>center</align>
								<font>font13_title</font>
								<textcolor>ffffffff</textcolor>
							</control>
							<visible>StringCompare(Window(Home).Property(TVGuide.ThumbType),0)</visible>
						</control>
						
						<!-- Banner Poster -->
						<control type="group">
							<width>250</width>
							<height>60</height>
							
							<control type="image">
								<texture>TVShowNextAired/TVGuideBanFO.png</texture>
							</control>
							<control type="image">
								<posx>2</posx>
								<posy>2</posy>
								<width>246</width>
								<height>56</height>
								<texture>$INFO[ListItem.Property(Art(banner))]</texture>
							</control>
						    <visible>StringCompare(Window(Home).Property(TVGuide.ThumbType),1)</visible>
						</control>
					</focusedlayout>
				</control>
			</control>

			<!-- List Friday -->
			<control type="group">
				<description>Friday</description>
				<visible>!StringCompare(Window(Home).Property(NextAired.204.Wday),)</visible>
				<width>250</width>
				<height>655</height>
				
				<!--Background Day display -->
				<control type="image">
					<width>250</width>
					<height>40</height>
					<texture>TVShowNextAired/TVGuideGridHighlight.png</texture>
				</control>
				
				<!-- Display Day -->
				<control type="label">
					<width>250</width>
					<height>40</height>
					<label>$INFO[Window(Home).Property(NextAired.204.Weekday)]</label>
					<align>center</align>
					<aligny>center</aligny>
					<font>font13_title</font>
					<textcolor>FF000000</textcolor>
					<visible>!StringCompare(Window(home).Property(NextAired.5.Date),Window(home).Property(NextAired.TodayDate))</visible>
				</control>
				<control type="label">
					<width>250</width>
					<height>40</height>
					<label>$INFO[Window(Home).Property(NextAired.204.Weekday)]</label>
					<align>center</align>
					<aligny>center</aligny>
					<font>font13_title</font>
					<textcolor>ColorFO</textcolor>
					<visible>StringCompare(Window(home).Property(NextAired.5.Date),Window(home).Property(NextAired.TodayDate))</visible>
				</control>
				
				<!-- Display episode Friday -->
				<control type="panel" id="204">
					<posy>50</posy>
					<width>250</width>
					<height>627</height>
					<scrolltime>200</scrolltime>
					<onup>204</onup>
					<ondown>204</ondown>
					<onleft>203</onleft>
					<onright>205</onright>
					<itemlayout height="65" width="250">

						<!-- 1st or 2nd Week --> 
						<!--
						<control type="image">
							<description>Bg</description>
							<width>250</width>
							<height>100</height>
							<texture background="true">TVGuide-CalDay.png</texture>
							<visible>!ListItem.Property(SecondWeek)</visible>
						</control>
						<control type="image">
							<description>Bg</description>
							<width>250</width>
							<height>100</height>
							<texture background="true">TVGuide-CalDay-Week2.png</texture>
							<visible>ListItem.Property(SecondWeek)</visible>
						</control>
						-->
						
						<!-- Display Poster -->
						<control type="group">
							<width>250</width>
							<height>60</height>

							<control type="image">
								<texture>TVShowNextAired/TVGuideCalDayNF.png</texture>
							</control>
						
							<control type="label">
								<posx>2</posx>
								<width>246</width>
								<height>60</height>
								<label>$INFO[ListItem.Label]</label>
								<aligny>center</aligny>
								<align>center</align>
								<font>font13_title</font>
								<textcolor>ffffffff</textcolor>
							</control>
						    <visible>StringCompare(Window(Home).Property(TVGuide.ThumbType),0)</visible>
						</control>
						
						<!-- Banner Poster -->
						<control type="group">
							<width>250</width>
							<height>60</height>
							
							<control type="image">
								<texture>TVShowNextAired/TVGuideBanNF.png</texture>
							</control>
							<control type="image">
								<posx>2</posx>
								<posy>2</posy>
								<width>246</width>
								<height>56</height>
								<texture>$INFO[ListItem.Property(Art(banner))]</texture>
							</control>
						    <visible>StringCompare(Window(Home).Property(TVGuide.ThumbType),1)</visible>
						</control>
					</itemlayout>

					<!-- FO episodes -->
					<focusedlayout height="65" width="250">

						<!-- 1st or 2nd Week --> 
						<!--
						<control type="image">
							<description>Bg</description>
							<width>250</width>
							<height>100</height>
							<texture background="true">TVGuide-CalDay.png</texture>
							<visible>!ListItem.Property(SecondWeek)</visible>
						</control>
						<control type="image">
							<description>Bg</description>
							<width>250</width>
							<height>100</height>
							<texture background="true">TVGuide-CalDay-Week2.png</texture>
							<visible>ListItem.Property(SecondWeek)</visible>
						</control>
						-->
						<!-- Display Poster -->
						<control type="group">
							<width>250</width>
							<height>60</height>

							<control type="image">
								<texture>TVShowNextAired/TVGuideCalDayFO.png</texture>
							</control>
						
							<control type="label">
								<posx>2</posx>
								<width>246</width>
								<height>60</height>
								<label>$INFO[ListItem.Label]</label>
								<aligny>center</aligny>
								<align>center</align>
								<font>font13_title</font>
								<textcolor>ffffffff</textcolor>
							</control>
							<visible>StringCompare(Window(Home).Property(TVGuide.ThumbType),0)</visible>
						</control>

						<!-- Banner Poster -->
						<control type="group">
							<width>250</width>
							<height>60</height>
							
							<control type="image">
								<texture>TVShowNextAired/TVGuideBanFO.png</texture>
							</control>
							<control type="image">
								<posx>2</posx>
								<posy>2</posy>
								<width>246</width>
								<height>56</height>
								<texture>$INFO[ListItem.Property(Art(banner))]</texture>
							</control>
						    <visible>StringCompare(Window(Home).Property(TVGuide.ThumbType),1)</visible>
						</control>
					</focusedlayout>
				</control>
			</control>

			<!-- List Saturday -->
			<control type="group">
				<description>Saturday</description>
				<visible>!StringCompare(Window(Home).Property(NextAired.205.Wday),)</visible>
				<width>250</width>
				<height>655</height>
				
				<!--Background Day display -->
				<control type="image">
					<width>250</width>
					<height>40</height>
					<texture>TVShowNextAired/TVGuideGridHighlight.png</texture>
				</control>
				
				<!-- Display Day -->
				<control type="label">
					<width>250</width>
					<height>40</height>
					<label>$INFO[Window(Home).Property(NextAired.205.Weekday)]</label>
					<align>center</align>
					<aligny>center</aligny>
					<font>font13_title</font>
					<textcolor>FF000000</textcolor>
					<visible>!StringCompare(Window(home).Property(NextAired.6.Date),Window(home).Property(NextAired.TodayDate))</visible>
				</control>
				<control type="label">
					<width>250</width>
					<height>40</height>
					<label>$INFO[Window(Home).Property(NextAired.205.Weekday)]</label>
					<align>center</align>
					<aligny>center</aligny>
					<font>font13_title</font>
					<textcolor>ColorFO</textcolor>
					<visible>StringCompare(Window(home).Property(NextAired.6.Date),Window(home).Property(NextAired.TodayDate))</visible>
				</control>
				
				<!-- Display episode Saturday -->
				<control type="panel" id="205">
					<posy>50</posy>
					<width>250</width>
					<height>627</height>
					<scrolltime>200</scrolltime>
					<onup>205</onup>
					<ondown>205</ondown>
					<onleft>204</onleft>
					<onright>206</onright>
					<itemlayout height="65" width="250">

						<!-- 1st or 2nd Week --> 
						<!--
						<control type="image">
							<description>Bg</description>
							<width>250</width>
							<height>100</height>
							<texture background="true">TVGuide-CalDay.png</texture>
							<visible>!ListItem.Property(SecondWeek)</visible>
						</control>
						<control type="image">
							<description>Bg</description>
							<width>250</width>
							<height>100</height>
							<texture background="true">TVGuide-CalDay-Week2.png</texture>
							<visible>ListItem.Property(SecondWeek)</visible>
						</control>
						-->
						
						<!-- Display Poster -->
						<control type="group">
							<width>250</width>
							<height>60</height>

							<control type="image">
								<texture>TVShowNextAired/TVGuideCalDayNF.png</texture>
							</control>
						
							<control type="label">
								<posx>2</posx>
								<width>246</width>
								<height>60</height>
								<label>$INFO[ListItem.Label]</label>
								<aligny>center</aligny>
								<align>center</align>
								<font>font13_title</font>
								<textcolor>ffffffff</textcolor>
							</control>
						    <visible>StringCompare(Window(Home).Property(TVGuide.ThumbType),0)</visible>
						</control>
						
						<!-- Banner Poster -->
						<control type="group">
							<width>250</width>
							<height>60</height>
							
							<control type="image">
								<texture>TVShowNextAired/TVGuideBanNF.png</texture>
							</control>
							<control type="image">
								<posx>2</posx>
								<posy>2</posy>
								<width>246</width>
								<height>56</height>
								<texture>$INFO[ListItem.Property(Art(banner))]</texture>
							</control>
						    <visible>StringCompare(Window(Home).Property(TVGuide.ThumbType),1)</visible>
						</control>
					</itemlayout>

					<!-- FO episodes -->
					<focusedlayout height="65" width="250">

						<!-- 1st or 2nd Week --> 
						<!--
						<control type="image">
							<description>Bg</description>
							<width>250</width>
							<height>100</height>
							<texture background="true">TVGuide-CalDay.png</texture>
							<visible>!ListItem.Property(SecondWeek)</visible>
						</control>
						<control type="image">
							<description>Bg</description>
							<width>250</width>
							<height>100</height>
							<texture background="true">TVGuide-CalDay-Week2.png</texture>
							<visible>ListItem.Property(SecondWeek)</visible>
						</control>
						-->
						<!-- Display Poster -->
						<control type="group">
							<width>250</width>
							<height>60</height>

							<control type="image">
								<texture>TVShowNextAired/TVGuideCalDayFO.png</texture>
							</control>
						
							<control type="label">
								<posx>2</posx>
								<width>246</width>
								<height>60</height>
								<label>$INFO[ListItem.Label]</label>
								<aligny>center</aligny>
								<align>center</align>
								<font>font13_title</font>
								<textcolor>ffffffff</textcolor>
							</control>
							<visible>StringCompare(Window(Home).Property(TVGuide.ThumbType),0)</visible>
						</control>
						
						<!-- Banner Poster -->
						<control type="group">
							<width>250</width>
							<height>60</height>
							
							<control type="image">
								<texture>TVShowNextAired/TVGuideBanFO.png</texture>
							</control>
							<control type="image">
								<posx>2</posx>
								<posy>2</posy>
								<width>246</width>
								<height>56</height>
								<texture>$INFO[ListItem.Property(Art(banner))]</texture>
							</control>
						    <visible>StringCompare(Window(Home).Property(TVGuide.ThumbType),1)</visible>
						</control>
					</focusedlayout>
				</control>
			</control>

			<!-- List Sunday -->
			<control type="group">
				<description>Sunday</description>
				<visible>!StringCompare(Window(Home).Property(NextAired.206.Wday),)</visible>
				<width>250</width>
				<height>655</height>
				
				<!--Background Day display -->
				<control type="image">
					<width>250</width>
					<height>40</height>
					<texture>TVShowNextAired/TVGuideGridHighlight.png</texture>
					<visible>!ListItem.Property(SecondWeek)</visible>
				</control>
				
				<!-- Display Day -->
				<control type="label">
					<width>250</width>
					<height>40</height>
					<label>$INFO[Window(Home).Property(NextAired.206.Weekday)]</label>
					<align>center</align>
					<aligny>center</aligny>
					<font>font13_title</font>
					<textcolor>FF000000</textcolor>
					<visible>!StringCompare(Window(home).Property(NextAired.7.Date),Window(home).Property(NextAired.TodayDate))</visible>
				</control>
				<control type="label">
					<width>250</width>
					<height>40</height>
					<label>$INFO[Window(Home).Property(NextAired.206.Weekday)]</label>
					<align>center</align>
					<aligny>center</aligny>
					<font>font13_title</font>
					<textcolor>ColorFO</textcolor>
					<visible>StringCompare(Window(home).Property(NextAired.7.Date),Window(home).Property(NextAired.TodayDate))</visible>
				</control>
				
				<!-- Display episode Sunday -->
				<control type="panel" id="206">
					<posy>50</posy>
					<width>250</width>
					<height>627</height>
					<scrolltime>200</scrolltime>
					<onup>206</onup>
					<ondown>206</ondown>
					<onleft>205</onleft>
					<onright>200</onright>
					<itemlayout height="65" width="250">

						<!-- 1st or 2nd Week --> 
						<!--
						<control type="image">
							<description>Bg</description>
							<width>250</width>
							<height>100</height>
							<texture background="true">TVGuide-CalDay.png</texture>
							<visible>!ListItem.Property(SecondWeek)</visible>
						</control>
						<control type="image">
							<description>Bg</description>
							<width>250</width>
							<height>100</height>
							<texture background="true">TVGuide-CalDay-Week2.png</texture>
							<visible>ListItem.Property(SecondWeek)</visible>
						</control>
						-->
						
						<!-- Display Poster -->
						<control type="group">
							<width>250</width>
							<height>60</height>

							<control type="image">
								<texture>TVShowNextAired/TVGuideCalDayNF.png</texture>
							</control>
						
							<control type="label">
								<posx>2</posx>
								<width>246</width>
								<height>60</height>
								<label>$INFO[ListItem.Label]</label>
								<aligny>center</aligny>
								<align>center</align>
								<font>font13_title</font>
								<textcolor>ffffffff</textcolor>
							</control>
						    <visible>StringCompare(Window(Home).Property(TVGuide.ThumbType),0)</visible>
						</control>
						
						<!-- Banner Poster -->
						<control type="group">
							<width>250</width>
							<height>60</height>
							
							<control type="image">
								<texture>TVShowNextAired/TVGuideBanNF.png</texture>
							</control>
							<control type="image">
								<posx>2</posx>
								<posy>2</posy>
								<width>246</width>
								<height>56</height>
								<texture>$INFO[ListItem.Property(Art(banner))]</texture>
							</control>
						    <visible>StringCompare(Window(Home).Property(TVGuide.ThumbType),1)</visible>
						</control>
					</itemlayout>

					<!-- FO episodes -->
					<focusedlayout height="65" width="250">

						<!-- 1st or 2nd Week --> 
						<!--
						<control type="image">
							<description>Bg</description>
							<width>250</width>
							<height>100</height>
							<texture background="true">TVGuide-CalDay.png</texture>
							<visible>!ListItem.Property(SecondWeek)</visible>
						</control>
						<control type="image">
							<description>Bg</description>
							<width>250</width>
							<height>100</height>
							<texture background="true">TVGuide-CalDay-Week2.png</texture>
							<visible>ListItem.Property(SecondWeek)</visible>
						</control>
						-->
						<!-- Display Poster -->
						<control type="group">
							<width>250</width>
							<height>60</height>

							<control type="image">
								<texture>TVShowNextAired/TVGuideCalDayFO.png</texture>
							</control>
						
							<control type="label">
								<posx>2</posx>
								<width>246</width>
								<height>60</height>
								<label>$INFO[ListItem.Label]</label>
								<aligny>center</aligny>
								<align>center</align>
								<font>font13_title</font>
								<textcolor>ffffffff</textcolor>
							</control>
							<visible>StringCompare(Window(Home).Property(TVGuide.ThumbType),0)</visible>
						</control>
						
						<!-- Banner Poster -->
						<control type="group">
							<width>250</width>
							<height>60</height>
							
							<control type="image">
								<texture>TVShowNextAired/TVGuideBanFO.png</texture>
							</control>
							<control type="image">
								<posx>2</posx>
								<posy>2</posy>
								<width>246</width>
								<height>56</height>
								<texture>$INFO[ListItem.Property(Art(banner))]</texture>
							</control>
						    <visible>StringCompare(Window(Home).Property(TVGuide.ThumbType),1)</visible>
						</control>
					</focusedlayout>
				</control>
			</control>
		</control>

		<!-- Options menu -->
		<control type="group">
			<control type="group">
				<posx>-250</posx>
				<animation effect="slide" start="0,0" end="250,0" time="400" tween="quadratic" easing="out" condition="ControlGroup(9000).HasFocus | Control.HasFocus(9001) | Control.HasFocus(8999)">Conditional</animation>
				<animation effect="slide" start="0,0" end="-300,0" time="400" tween="quadratic" easing="out" condition="ControlGroup(9000).HasFocus | Control.HasFocus(9001)">WindowClose</animation>
				<animation effect="slide" start="0,0" end="-50,0" time="300" tween="quadratic" easing="out" condition="![ControlGroup(9000).HasFocus | Control.HasFocus(9001)]">WindowClose</animation>
				<animation effect="slide" start="-50,0" end="0,0" time="300" tween="quadratic" easing="out">WindowOpen</animation>
				<control type="image">
					<width>180</width>
					<height>1080</height>
					<texture>dialogs/DialogBackground_old.png</texture>
				</control>
				<control type="button" id="8999">
					<description>Fake button for mouse control</description>
					<posx>0</posx>
					<posy>0</posy>
					<width>250</width>
					<height>720</height>
					<label>-</label>
					<font>-</font>
					<texturenofocus>-</texturenofocus>
					<texturefocus>-</texturefocus>
					<visible>true</visible>
				</control>
				<!--<control type="button" id="9001">
					<posx>250</posx>
					<posy>260</posy>
					<width>42</width>
					<height>128</height>
					<font>-</font>
					<texturefocus>TVGuide-HasSub.png</texturefocus>
					<texturenofocus>TVGuide-HasSub.png</texturenofocus>
				</control>
				<control type="image">
					<posx>0</posx>
					<posy>0</posy>
					<width>260</width>
					<height>720</height>
					<texture border="0,0,10,0">TVGuide-MediaBladeSub.png</texture>
					<aspectratio>stretch</aspectratio>
				</control>
				<control type="image">
					<description>LOGO</description>
					<posx>15</posx>
					<posy>50</posy>
					<width>220</width>
					<height>220</height>
					<aspectratio>keep</aspectratio>
					<texture>TVGuide-Icon.png</texture>
				</control>-->
				<control type="grouplist" id="9000">
					<posx>0</posx>
					<posy>275</posy>
					<width>200</width>
					<height>480</height>
					<onleft>206</onleft>
					<onright>200</onright>
					<onup>9000</onup>
					<ondown>9000</ondown>
					<itemgap>0</itemgap>
					<control type="label">
						<width>200</width>
						<height>35</height>
						<font>XSmall</font>
						<label>33063</label>
						<textcolor>blue</textcolor>
						<align>center</align>
						<aligny>center</aligny>
					</control>
					<control type="button" id="8">
						<description>Settings</description>
						<textwidth>200</textwidth>
						<height>40</height>
						<width>200</width>
						<textoffsetx>10</textoffsetx>
						<textwidth>200</textwidth>
						<align>center</align>
						<aligny>center</aligny>
						<font>XSmall</font>
						<texturefocus border="5">TVGuide-Button.png</texturefocus>
						<texturenofocus>-</texturenofocus>
						<pulseonselect>false</pulseonselect>
						<label>5</label>
					</control>
				</control>
			</control>
		</control>
	</controls>
</window>
